"";"X.chaine_6ter";"X.chaine_ARTE";"X.chaine_C8";"X.chaine_Canal";"X.chaine_France2";"X.chaine_France3";"X.chaine_France4";"X.chaine_France5";"X.chaine_Gulli";"X.chaine_LaCinquième";"X.chaine_M6";"X.chaine_MonteCarloTMC";"X.chaine_NRJ12";"X.chaine_NT1";"X.chaine_Numéro23";"X.chaine_RMCDécouverteHD24";"X.chaine_RMCStory";"X.chaine_TF1";"X.chaine_TFX"
"devenir";0;0;0,39;0;1,32;0,33;0,2;1,39;1,88;0;1,06;0,28;0;6,1;0;0;0,45;1,22;0
"lors";0;0;0,39;0,68;0,59;0,33;0,2;0,69;0;0;0;0,56;0,69;0;0;0;0;2,13;11,9
"commenter";0;0;0;0;1,03;0,99;0;0,69;0;0;0;1,11;0;0;0;0;0;0,61;0
"accidentellement";0;0;0;0,68;0;0,33;0;0;0;0;0;0;16,48;0;0;0;0;0;0
"évolution";0;0;0;0;0,15;2,31;0;0;0;0;0;0;0;0;6,99;0;0,45;0;0
"chine";0;1,04;0;0,68;0;0,33;0;0,69;0;0;0;0;0;0;0;0;1,56;0;0
"substance";0;0;0;0;0,15;0;0;0;0;0;0;0;0;0;0;0;2,01;0;0
"karim";0;0;5,03;0;0;0;0;0,69;0;0;0;0;0;0;0;0;0;0;0
"unir";0;1,04;0;0,68;0,29;0,33;0;0;5,65;0;1,06;0,56;0;0;0;1,8;3,57;0,61;0
"leurs";0;1,04;0,39;3,38;2,21;1,98;0,2;0,69;5,65;0;2,11;0,84;0;6,1;3,5;0;2,01;1,82;0
"sortir";0;5,2;0;0,68;0,44;0,66;0,2;1,39;0;0;1,06;0;0;0;0;0;0,22;0,61;0
"commentaire";0;2,08;1,55;2,03;0;0,33;0;0;0;0;0;2,51;0;0;0;0;0;0;0
"zorbb";0;0;0;0;0;3,63;0;0;0;0;0;0;0;0;0;0;0;0;0
"consacrer";0;0;0;1,35;2,8;0;0;0;0;0;0;0,28;0;0;0;0;0;0,3;0
"sentir";0;0;0,39;0;1,47;0,99;0;0;0;0;0;0;0;6,1;0;0;0;0,61;0
"député";0;0;10,05;0;0,15;0;0;0,69;0;0;0;0,84;0;0;0;0;0;0;0
"toute";0;0;0,77;0;0,29;1,65;0,2;0;1,88;0;0;0,28;0;0;0;0;0,67;0,3;0
"affaire";0;1,04;3,48;0,68;0,44;2,31;0;0;0;0;2,11;0,56;0;0;0;0;0;1,22;0
"guerre";0;0;0;0,68;0,29;0;0,2;0;0;0;0;0,84;0;0;0;0;0;0,61;35,71
"parler";0;0;1,16;1,35;4,41;1,98;0;0;0;0;1,06;0,56;0;3,05;0;0;0;2,13;0
"fry";0;0;0;0,68;0;0;0;0;0;0;0;0;30,91;0;0;0;0;0;0
"penser";0;0;0;0;0,74;0,33;0,2;0,69;1,88;0;3,17;0;0;0;0;1,8;0,89;2,43;0
"suivre";0;1,04;0,39;0;0,29;0,33;0;0;0;0;0;0,56;0;0;0;0;0,45;0,3;0
"évoquer";0;1,04;2,32;5,41;0,74;1,32;0;0,69;0;0;0;1,11;0;0;0;3,6;1,11;0,91;0
"tête";0;2,08;0,39;0;0,29;0,33;9,56;0;0;0;0;0,56;0;0;0;0;0;0,3;0
"possible";0;0;0;0;0,59;0,33;0;0;0;0;0;0,28;0;0;0;1,8;2,45;0,3;0
"poser";0;0;0;0;0,59;0,66;0;0,69;1,88;0;2,11;0;0;0;0;0;0,22;0;0
"théorie";0;0;0;0,68;0,15;0;0;0;0;0;0;0;0;0;20,98;0;1,34;0;0
"fou";0;0;0;0;0,44;0,33;0;1,39;0;0;0;0;0;0;0;0;0,22;0,91;0
"expérience";0;1,04;0;0;1,03;0;0,2;0;0;0;0;0;0,69;3,05;0;1,8;0,67;1,22;0
"son";0;3,12;1,16;3,38;7,8;10,55;0,39;9,73;13,18;23,81;24,31;3,34;2,06;15,24;0;1,8;1,78;12,15;0
"corps";0;0;0;0;0,88;0;0;1,39;0;0;1,06;0;0;0;6,99;0;0;1,82;0
"cette";0;3,12;0,77;1,35;3,68;1,65;0,2;2,78;0;0;1,06;1,39;0;3,05;6,99;3,6;0,89;2,43;0
"reportage";0;0;0;1,35;3,83;0,66;0;1,39;0;0;0;1,11;0;0;0;0;0;3,34;0
"explorer";0;0;0;0,68;0;0;0,2;0;0;0;0;0,56;0;0;0;0;2,01;0;0
"convaincre";0;0;0;0;0,29;0,33;0;0;0;0;3,17;0;0;0;0;0;0;1,52;0
"sy";0;0;4,25;0;0;0;0;0;0;0;0;3,62;0;0;0;0;0;0;0
"si";0;0;0;0;0,88;0;0;1,39;0;0;0;0,28;0;3,05;6,99;1,8;2,67;0,61;0
"sa";9,52;4,16;0;4,06;5,44;1,98;0,39;2,78;1,88;0;8,46;3,34;2,75;12,2;0;3,6;0,22;6,38;0
"se";19,05;5,2;0,77;4,74;6,18;6,93;2,54;4,86;16,95;0;11,63;3,62;30,22;3,05;0;5,41;5,57;6,08;11,9
"internet";0;2,08;0;0,68;0,15;0;0;0;1,88;0;2,11;0,84;0;3,05;0;0;0,22;0;0
"million";0;0;0;0;0,29;0,66;0;0,69;0;0;0;0,56;0;0;0;1,8;2,67;0,61;0
"2";0;0;0,77;0,68;0,88;0,99;0;2,08;0;0;0;1,67;0;0;0;0;0;0;0
"plein";0;0;0;0,68;0,59;0,99;5,07;0,69;0;0;0;0,28;0;3,05;0;0;0;0;0
"aller";0;0;0,39;2,71;1,32;0,66;0,39;0,69;3,77;0;4,23;2,23;1,37;0;6,99;0;0;0,91;0
"affirmer";0;0;0;0,68;0,44;0,33;0;0,69;0;0;1,06;0,28;0;3,05;13,99;5,41;0,89;1,22;0
"semaine";0;4,16;0,39;0;1,18;0,33;0;2,08;0;0;2,11;0,28;0;0;6,99;0;0;0;0
"différent";0;0;0,39;0,68;0,88;0;0;0;0;0;0;0,28;0;0;0;3,6;0,22;0;0
"extra_terrestre";0;0;0;0,68;0,88;0,33;0;0;0;0;2,11;0;0;0;0;0;0;0,3;0
"monde";0;1,04;0,77;1,35;1,77;1,32;9,76;2,08;7,53;0;2,11;0,84;0;0;0;12,61;7,35;2,43;0
"visiteur";0;0;0;0;0;0;0;0;0;0;0;0;0;0;0;0;4,01;2,73;0
"naulleau";0;0;4,64;0;0;0;0;0;0;0;0;0;0;0;0;0;0;0;0
"fille";0;1,04;0;1,35;1,77;1,32;20,3;0,69;0;0;0;0,28;2,06;3,05;0;0;0;1,52;0
"désert";0;0;0;0;0,29;0,66;0;1,39;0;0;1,06;0;0;0;0;0;3,12;0;0
"humoriste";0;0;0;0;0,59;0;0;0;0;0;0;2,51;0;0;0;0;0;0;0
"apparition";0;0;0;0;0,15;0;0;0;0;0;0;0;0;0;0;1,8;0,89;3,04;0
"s";9,52;8,32;20,87;6,77;5,74;6,6;32,2;5,56;3,77;0;5,29;4,18;0,69;6,1;0;5,41;2,23;5,47;11,9
"autour";0;6,24;2,32;1,35;0,15;0;0;0,69;0;0;0;0;0;0;0;0;0,45;0;0
"venir";0;1,04;0;1,35;0,88;2,31;0,78;0,69;9,42;0;2,11;1,95;0;0;13,99;1,8;1,34;2,73;0
"tomber";19,05;0;0;0;0,59;1,32;0;1,39;0;0;1,06;0,28;0;0;0;0;0,22;0,91;0
"vouloir";0;0;0,77;0,68;1,03;0,99;0,2;0,69;3,77;0;3,17;1,11;0;3,05;0;0;0;1,52;0
"laisser";0;0;0;0;0,44;0,99;0;0,69;0;0;3,17;0,28;0;0;0;0;2,23;0,3;0
"époque";0;0;0;0,68;0,59;1,32;0;0,69;0;0;0;0;0;0;0;0;0,67;0,61;0
"intervenir";0;0;0;0;0,29;0;5,07;0,69;0;0;0;0;0;0;0;0;0;0,3;0
"origine";0;1,04;0;1,35;0,74;1,32;0;0;0;0;0;0,28;0,69;0;13,99;7,21;2,67;0,3;0
"image";0;0;0;1,35;2,06;3,3;0;1,39;1,88;0;0;0,28;0;3,05;0;0;1,34;1,82;0
"mythe";0;0;0;2,71;0;1,65;0;0;0;0;0;0;0;0;0;1,8;0;0,3;0
"italie";0;0;0;0,68;0,15;0,33;0;0;0;0;0;2,23;0;0;0;0;0,67;0;0
"plusieurs";0;0;0,39;0;0,44;0,66;0,2;0;1,88;0;0;0,28;0;3,05;6,99;3,6;0,67;0,3;0
"édition";0;5,2;0;4,74;0,29;0;0;0;0;0;0;4,18;0;0;0;0;0;0;0
"répondre";0;0;0;0,68;0,59;0;0;2,78;0;0;1,06;0,56;0;0;0;0;0;0;0
"présenter";0;2,08;0;2,71;4,12;3,96;0;2,08;0;0;1,06;1,95;0;0;0;1,8;0,67;0,91;0
"chaîne";0;0;0;0;0,15;0;0;0;0;0;0;1,67;0;0;0;0;0,45;0,3;0
"an";0;0;0;1,35;1,91;4,29;0;4,17;0;0;5,29;0,28;0,69;6,1;0;1,8;1,11;3,65;0
"au";0;11,43;2,32;6,77;10,89;3,63;0,39;6,25;9,42;0;9,51;4,45;4,12;6,1;6,99;3,6;3,34;5,17;0
"spatial";0;0;0;2,03;0,29;0,99;0;3,47;3,77;0;0;0;0;0;0;0;0,22;0,91;0
"écrivain";0;0;4,25;0;1,03;0;0;0,69;0;0;0;0,84;0;0;0;0;0;0,3;0
"terre";9,52;0;0;3,38;1,18;2,64;0;1,39;9,42;0;2,11;0,84;0,69;0;0;10,81;8,69;1,22;11,9
"sans";0;2,08;0,39;0;1,03;2,64;0;0,69;0;0;0;0;0;3,05;0;0;0,67;0;0
"richard";0;0;0;0;1,47;0;0;2,08;0;0;0;0;0;0;0;0;0;0;0
"gagner";0;0;0;0;0,59;1,32;0;0;0;0;0;0,28;0;0;0;0;0;0,61;0
"espace";0;0;0;2,71;0,15;3,63;0;6,25;11,3;0;0;1,67;0,69;0;0;0;0,45;0,3;0
"vie";0;1,04;0,77;6,09;5,59;1,65;0,39;0,69;0;0;2,11;1,67;0;3,05;6,99;9,01;2,67;2,73;0
"mort";0;1,04;0;0;0,15;0,66;0;0;0;0;1,06;0,28;0;0;10,49;0;0;1,82;0
"damien";0;0;0;0;1,62;0;0;0;0;0;0;0;0;3,05;0;0;0;0;0
"science";0;0;0,39;4,06;0,15;0;0;0,69;0;0;0;0,28;0;0;0;1,8;0;0,3;0
"information";0;3,12;0,39;4,06;0,29;0,33;0;0;0;0;0;0,84;0;0;0;0;0,45;0,91;0
"notre";0;0;0,39;1,35;1,32;0,33;0;0;0;0;0;0;0;0;3,5;0;3,34;0;0
"débat";0;7,28;7,34;0,68;0,44;0;0;0;0;0;0;1,11;0;0;0;0;0;0,61;0
"créature";0;0;0;0;0,15;0;0;0;3,77;0;0;0;0;3,05;0;3,6;4,46;0,3;0
"visuel";0;0;9,66;0;0,15;0;0;0;0;0;0;0,84;0;0;0;0;0;0;0
"boucherie";0;0;3,87;0;0;0;0;0;0;0;0;0;0;0;0;0;0;0;0
"personne";0;0;0,77;2,03;2,06;0,66;0;0;0;0;1,06;0,28;0;0;0;1,8;0,89;0,61;0
"astrophysicien";0;0;0;2,71;0,59;0;0;0;0;0;0;0;0;0;0;0;0;0,61;0
"comprendre";9,52;0;5,41;0,68;0,88;0;0,39;0;0;0;1,06;0,84;0;3,05;3,5;0;0;1,52;0
"contre";0;0;2,32;2,03;0,15;0;0,39;0;0;0;1,06;0;0,69;0;0;0;0;1,22;11,9
"dernier";0;3,12;0,39;1,35;0,74;1,32;0,2;0;0;0;4,23;1,11;0;3,05;0;0;1,56;1,22;0
"leçon";0;0;0;0,68;0;0;0,2;0,69;0;0;0;2,23;0;0;0;0;0;0;0
"grandir";0;0;0;0,68;0,59;0;5,07;0;0;0;0;0;0;0;0;0;0;0;0
"plan";0;0;0;0;0,15;0,33;0,2;1,39;0;0;1,06;0,56;0;0;0;0;0,67;0,91;0
"toujours";19,05;0;0,39;0,68;0,29;0,99;0;0,69;0;0;0;0;0;0;3,5;1,8;0,89;1,52;0
"secte";0;0;0;0;1,32;0,33;0;0;0;0;0;0;0;0;0;0;0;0;0
"croire";0;0;0,39;0,68;0,74;0,99;0,39;0;3,77;0;2,11;0;0;0;6,99;0;1,11;1,22;0
"ses";0;6,24;0,77;2,71;5,59;7,26;15,81;2,78;0;0;7,4;0,84;0;3,05;0;1,8;1,11;4,86;11,9
"notamment";0;2,08;0;0;0,15;0,33;0;2,08;0;0;0;0,56;0;0;0;1,8;0;0,3;0
"incident";0;0;0;0;0;0;15,22;0;0;0;1,06;0;0;0;0;0;0,67;0;0
"recherche";0;10,4;0;2,71;1,32;1,32;0;0;1,88;0;2,11;0,28;0;0;0;3,6;0,22;1,52;0
"garçon";0;0;0;0;0,44;1,32;0;1,39;0;0;1,06;0;0;0;0;0;0;0;11,9
"environnement";0;0;0;0,68;0,29;0,66;0;0;0;0;0;0;16,48;0;0;0;0;0;0
"nucléaire";0;1,04;0,39;0,68;0,29;0;0;1,39;0;0;0;0;0;0;0;0;0,67;0;0
"belhousse";0;0;0;10,15;0;0;0;0;0;0;0;0;0;0;0;0;0;0;0
"témoin";0;0;5,03;0;0,59;0,66;0;0;0;0;0;0,28;1,37;0;0;1,8;1,11;0,91;0
"mystère";0;0;0;0;0,29;0,66;0;0;0;0;0;0;0;0;13,99;0;0,22;0,61;0
"kelly";0;0;4,64;0;0;0;0;0;0;0;0;0;0;0;0;0;0;0;0
"retrouver";0;0;0;0;1,03;0,99;0,39;0,69;5,65;0;5,29;0;0,69;0;0;1,8;0,22;3,34;0
"victime";0;0;0;1,35;0,74;0;0;0;0;0;1,06;0;0;0;0;0;0;0,91;0
"d";38,1;9,36;13,53;21,65;23,69;27,04;27,91;25,02;13,18;23,81;21,14;22,55;21,29;12,2;10,49;23,42;30,3;28,56;35,71
"technologie";0;0;0;0,68;0;0,33;0;0;0;0;0;0;0;0;13,99;0;1,78;0,61;0
"alexandre";0;0;5,8;0;0,15;0;0;0;0;0;0;0;0;0;0;0;0;0;0
"frère";0;1,04;0;0,68;0,59;0,33;0;1,39;0;0;0;1,39;0;0;0;0;0;0,91;0
"t";0;0;0;1,35;0,88;0,99;0;0;0;0;0;0,56;0;3,05;3,5;1,8;1,11;0,91;0
"où";0;0;0;1,35;1,47;1,98;0,39;2,08;5,65;0;1,06;0,28;0;9,15;0;1,8;0,89;2,43;0
"millénaire";0;0;0;0,68;0;0;0;0;0;0;0;0;28,85;0;0;3,6;0;0;0
"meilleur";0;0;2,32;0;0,29;0;0;0;1,88;0;0;0,28;0;0;0;0;0;0;11,9
"observation";0;0;0;0,68;0;0;0;0;0;0;0;0;0;0;0;0;2,23;0;0
"un";47,62;12,47;5,03;14,88;22,36;27,37;14,44;17,37;28,25;23,81;39,11;6,96;112,64;12,2;10,49;5,41;17,38;21,88;23,81
"tirailleur";0;0;0;0;0;0;0;0;0;0;0;2,78;0;0;0;0;0;0;0
"décontraction";0;0;0;0;0;0;5,07;0;0;0;0;0;0;0;0;0;0;0;0
"astronaute";0;0;0;0,68;0,29;0,33;0;3,47;0;0;0;0,28;0;0;13,99;10,81;4,46;0;0
"pouvoir";19,05;1,04;1,55;1,35;3,68;2,64;10,34;6,25;1,88;0;4,23;1,67;0;0;6,99;9,01;13,37;2,43;0
"découverte";0;0;0,77;0;1,03;0,33;0;0,69;0;0;0;0,56;0;0;0;0;2,01;0,91;0
"millier";0;1,04;0;0;0,15;0,33;0;0,69;0;0;0;0;0;0;0;0;2,23;0,3;0
"continuer";0;0;0;0;0,44;0;0;0,69;1,88;0;0;0,56;0;0;0;0;1,56;0,61;0
"ambre";0;0;0;0;0;0;0;0;0;0;0;13,36;0;0;0;0;0;0;0
"les";57,14;25,99;13,92;27,74;28,39;30,01;23,22;21,54;30,13;47,62;23,26;16,43;0,69;21,34;66,43;39,64;43;29,78;71,43
"beaucoup";0;0;0,77;0;1,18;0,66;0;0;0;0;0;0;0;0;0;0;0,67;0,3;0
"pour";38,1;12,47;2,71;12,18;12,65;14,84;7,03;12,51;13,18;47,62;12,68;7,8;2,75;6,1;3,5;7,21;5,35;7,6;0
"laëtitia";0;0;5,8;0;0;0;0;0;0;0;0;0;0;0;0;0;0;0;0
"animal";0;1,04;1,55;0;1,03;0,33;0;0;1,88;0;0;0,28;0;3,05;0;0;0,89;0,3;0
"pyramide";0;0;0;0;0;0;0;0;0;0;0;0;0;0;0;1,8;2,45;0;0
"robot";0;0;0;0,68;0,15;0,66;0;0,69;1,88;0;1,06;0;17,86;0;0;0;0;0,3;0
"comme";0;2,08;0,77;0,68;1,62;1,32;5,07;3,47;0;0;1,06;0,56;0;3,05;0;3,6;1,78;0,61;0
"temps";9,52;0;0;0,68;0,59;0,66;0,2;1,39;1,88;0;0;0,56;0;3,05;0;1,8;1,34;0,91;0
"façon";0;0;0;0,68;0,29;0,66;0;0;0;0;0;0,84;0;0;0;0;0,45;0;0
"03";0;1,04;0,77;0;0;0;0;0;0;0;0;2,23;0;0;0;0;0;1,52;0
"face";0;0;0;0;1,03;0;0,39;0;0;0;1,06;0;0;0;0;0;0;0,3;0
"rouge";0;0;0;0;0,74;0,66;0;0,69;0;0;1,06;0,28;0;0;0;0;0;0;0
"montrer";0;0;0,39;0;1,18;2,64;0;0,69;0;0;1,06;0,28;0;0;0;0;0,22;0,91;0
"tenter";0;0;0;0,68;0,74;0;0,2;0;0;0;3,17;0;28,85;0;0;0;0;2,13;0
"quitter";0;0;0,39;0,68;0,74;0;5,07;0;0;0;0;0,84;0;0;0;0;0;0,91;0
"inviter";0;2,08;0;5,41;1,03;0;0;2,78;0;0;1,06;3,06;0;0;0;0;0;0,3;0
"ce";0;5,2;1,55;2,71;6,03;5,61;0,98;4,86;5,65;0;4,23;3,9;0;15,24;0;7,21;5,12;3,65;0
"après";0;0;0;1,35;1,32;1,98;5,46;2,78;1,88;0;3,17;0,84;28,85;0;6,99;1,8;0,67;1,82;0
"site";0;1,04;0;0;1,03;0;0;0;0;0;0;1,11;0;3,05;0;3,6;2,45;0,91;0
"avoir";9,52;14,55;10,82;20,97;20,01;19,13;31,62;17,37;9,42;0;22,2;19,21;32,28;33,54;20,98;55,86;33,42;21,88;23,81
"alliance";0;2,08;5,41;0;0;0;0;0;0;0;0;0;0;0;0;0;0;0;0
"lune";0;0;0;0;0,29;1,98;0;2,78;1,88;0;0;0;0;0;0;0;0,67;0;0
"seul";0;0;0;0;0,44;0,66;0,2;1,39;0;0;1,06;0,28;2,06;0;0;1,8;0,67;0,3;0
"mauvais";0;0;0;4,74;0,29;0,33;0;0;0;0;0;0;0;0;0;0;0;0,61;0
"chez";0;7,28;0;2,71;0,59;0;0;0;1,88;0;0;0;0;3,05;0;0;0;0,3;0
"chef";0;2,08;0;0,68;0,59;0;0;0,69;0;0;0;0;0;0;0;1,8;0,45;0,3;0
"appeler";0;1,04;0;0;0,29;0;0;0,69;0;0;0;0,28;0;0;0;0;0,67;0,61;0
"qui";9,52;8,32;2,71;11,5;13,39;13,19;36,1;10,42;18,83;0;20,08;7,24;0;18,29;13,99;5,41;13,81;8,81;0
"falloir";0;0;1,16;0;1,03;0;0;0;0;0;1,06;0;0;0;0;0;0;0;0
"françois";0;3,12;0,39;2,71;0,44;0,66;0;2,08;0;0;0;1,39;0;0;0;0;0;0,61;0
"soucoupe";0;0;0;0;0,15;1,32;0,2;2,78;3,77;0;2,11;0;0;0;0;0;0;0,3;0
"nombre";0;0;0;0;0,29;0;0;0;0;0;0;0,28;0;0;6,99;0;0,89;0,3;0
"pizza";0;0;0;0,68;0;0;0;0;0;0;0;0;28,85;0;0;0;0;0;0
"l";9,52;42,62;19,33;38,57;30,16;44,85;27,71;44,48;28,25;71,43;22,2;27;2,75;27,44;24,48;18,02;27,63;22,79;35,71
"alexis";0;0;5,03;0;0;0;0;0;0;0;0;0;0;0;0;0;0;0;0
"enlever";0;0;0;0;0;0;0,39;0;3,77;0;3,17;0;0;0;0;0;0;0,91;0
"prendre";0;0;0;0,68;1,62;2,64;0,78;0,69;0;0;3,17;0,28;28,85;3,05;0;0;0,45;1,82;0
"alors";9,52;0;0,39;0;0,59;2,64;0,59;0,69;0;0;4,23;0,56;2,75;3,05;0;0;0,22;1,82;11,9
"livreur";0;0;0;0,68;0;0;0;0;0;0;0;0;28,85;0;0;0;0;0;0
"état";0;2,08;0;0;0,15;0,33;0;0,69;0;0;0;0;0;0;0;0;3,12;0;0
"grave";0;1,04;0;0;0;0;9,56;0;0;0;0;0;0;0;0;0;0;0;0
"de";38,1;100,83;90,84;69,69;84,45;67,61;60,11;92,43;64,03;95,24;57,08;66,82;83,79;42,68;83,92;43,24;55,7;86,6;83,33
"du";0;32,22;32,86;13,53;15,89;13,85;0,59;21,54;11,3;23,81;11,63;14,2;1,37;12,2;0;10,81;12,92;22,49;0
"déage";0;0;0;6,77;0;0;0;0;0;0;0;0;0;0;0;0;0;0;0
"bien";0;1,04;0,39;0;0,59;1,65;5,07;1,39;0;0;1,06;0;0;3,05;17,48;3,6;1,11;0,91;0
"ils";28,57;0;0,39;1,35;3,09;6,27;10,73;4,17;15,07;0;0;0,84;0;21,34;3,5;10,81;7,8;6,68;0
"yacine";0;0;0;10,15;0;0;0;0;0;0;0;0;0;0;0;0;0;0;0
"thierry";0;7,28;5,41;0;0,15;1,65;0;1,39;0;0;0;0,28;0;0;0;0;0;0,3;0
"carbonnier";0;0;0;0;0;0;0;0;0;0;0;11,14;0;0;0;0;0;0;0
"jerry";0;0;0;0;0;0,66;1,56;0;0;0;0;0;0;0;0;0;0;0;0
"raid";0;0;5,8;0;0;0;0;0;0;0;0;0;0;0;0;0;0;0;0
"déclaration";0;1,04;2,71;0;0;0;0;0;0;0;0;3,9;0;0;0;0;0;0;0
"contact";0;0;0;0,68;0,29;0,66;0;0;0;0;0;0;0;0;0;3,6;2,67;0,3;0
"the";0;4,16;0;0,68;0,15;0;0;0;0;0;2,11;0,28;0;0;0;0;0,22;0,3;0
"photo";0;1,04;0;0;0,88;1,32;0;0;0;0;0;0,28;0;3,05;0;0;0,45;2,73;0
"transformer";0;0;0;2,03;0,44;0,99;0;0;0;0;1,06;0,28;0;0;0;0;0;0;0
"lci";0;0;5,03;0;0;0;0;0;0;0;0;2,23;0;0;0;0;0;0;0
"bord";0;0;0;0;0,15;2,97;0;0;0;0;0;0;0;0;0;0;0;0,61;0
"jacques";0;0;0;1,35;1,32;0,33;0;0;1,88;0;0;0;0;0;0;0;0;1,52;0
"loin";0;0;0;0;0,44;0,33;0;0;0;0;2,11;0,28;0;0;0;0;0;0,91;0
"connaître";0;1,04;0;0;1,77;1,32;0;1,39;0;0;1,06;0;0;3,05;0;0;1,11;0,3;0
"peupler";0;0;0;0,68;0;0;0;0,69;0;0;0;0;16,48;0;0;0;0;0;0
"commencer";0;0;0,39;0;0,88;0;0;0;0;0;1,06;0,28;0;6,1;0;1,8;0,45;0,3;0
"archive";0;0;0;2,03;0;0,99;0;0;0;0;0;0,28;0;0;0;0;0;1,52;0
"sujet";0;0;1,93;1,35;1,03;0,33;0;2,08;0;0;0;2,51;0;0;0;0;0;1,22;0
"zone";0;1,04;0;0;0,44;0,33;0;0;0;0;0;1,11;0;0;0;0;0,45;0;0
"donner";0;1,04;0;2,71;2,06;0,66;0;0,69;9,42;23,81;2,11;0;0;0;0;0;0,67;1,52;0
"quelques";0;0;0;0,68;1,62;1,98;0;1,39;0;0;0;0;0;0;0;0;0,67;0,3;0
"urgentiste";0;0;4,25;0;0;0;0;0;0;0;0;0,28;0;0;0;0;0;0;0
"ciel";0;0;0;0,68;0,44;0,33;0,2;1,39;1,88;0;0;0;0;0;0;0;3,79;0,61;0
"cas";0;7,28;0,39;0;0,59;1,98;0;0;0;0;0;2,51;0;0;0;1,8;0,45;0,61;0
"discussion";0;0;3,48;0;0;0;0;0;0;0;0;1,11;0;0;0;0;0;0,61;0
"cours";0;0;0;0;1,18;0,33;0,2;1,39;0;0;0;0;0;0;0;0;0,67;1,22;0
"découvrir";0;0;0;0,68;1,32;2,64;0,2;0,69;0;23,81;5,29;0;0;6,1;3,5;0;2,45;1,82;0
"forme";0;0;0,39;0,68;1,03;0,66;0;0,69;3,77;0;1,06;0;0;0;0;1,8;3,12;0,3;0
"nom";0;1,04;0;0;0,15;0,33;0;0;0;0;0;0,28;0;0;0;0;0,89;0,61;0
"non";0;1,04;0,39;4,06;0,44;0,66;0;0,69;0;0;2,11;0,28;0;0;0;0;2,45;1,22;0
"nos";0;0;0,39;0;1,18;0,66;0;1,39;0;0;0;0;0;0;3,5;0;0,67;0;0
"en";28,57;20,79;0,77;16,91;27,81;21,77;1,76;26,41;16,95;47,62;14,8;19,21;31,59;15,24;10,49;5,41;12,48;20,05;0
"ex";0;0;4,25;0;0,15;0;0;0;0;0;0;1,67;2,06;0;0;0;0;0;0
"et";19,05;32,22;24,35;31,12;34,87;33,31;32,4;31,27;60,26;23,81;34,88;15,03;21,98;24,39;24,48;21,62;21,84;28,87;35,71
"marine";0;2,08;0;0;0;0;0;0;0;0;2,11;0,84;0;6,1;0;0;0,45;0;0
"toulouse";0;0;0;4,74;0,15;0;0,2;0,69;0;0;0;0;0;0;0;0;0;0,61;0
"message";0;0;0;0;0,29;0,66;0;0;0;0;0;0;0;0;6,99;0;0,45;0,61;0
"incroyable";0;0;0;0;0,15;0,99;0;0;0;0;0;0;0;0;0;1,8;2,67;0,3;0
"premier";0;3,12;1,55;2,71;0,88;1,98;0;3,47;3,77;0;3,17;2,23;0,69;3,05;0;0;1,56;0,91;0
"déguiser";0;0;0;0;1,32;0;0;1,39;0;0;2,11;0;0;0;0;0;0;0,61;0
"deux";0;3,12;1,16;1,35;1,03;3,3;0,39;0;5,65;23,81;1,06;0,84;0;0;0;0;0,22;2,13;0
"ligne";0;1,04;0;0;0,44;0;0;0;0;0;0;0;0;0;0;0;0,89;1,22;0
"étrange";0;0;0;0;0,74;1,65;0,39;0;0;0;0;0;0;3,05;0;3,6;6,24;1,22;0
"secrétaire";0;0;10,44;0;0,15;0,33;0;0;0;0;0;0;0;0;0;0;0;0;0
"bruno";0;0;5,8;0;0,15;0;0;0;0;0;0;0,84;0;0;0;0;0;0,3;0
"leur";9,52;2,08;0;4,74;3,38;4,29;15,22;0,69;9,42;23,81;9,51;0,84;0,69;3,05;6,99;1,8;2,45;5,47;0
"3";0;0;0,77;0;0,59;0,66;0;0,69;0;0;0;1,39;0;3,05;0;0;0;0,91;0
"près_de";0;1,04;0;0;0,29;1,65;0;0,69;0;0;1,06;0,56;0;0;0;1,8;0;0,3;0
"maïa";0;0;0;0;0;0;0;0;0;0;0;10,3;0;0;0;0;0;0;0
"prétexte";0;0;0;0;0;0;15,03;0;0;0;0;0;0;0;0;0;0;0;0
"explication";0;0;0;0,68;0,59;0,66;0;0;0;0;0;0,56;0;0;3,5;0;0,45;0;0
"ami";0;0;0;2,03;0,29;2,97;0;0;5,65;0;4,23;0;0;0;0;0;0;0,3;0
"certains";0;0;0;0;0,29;0,99;0;0;0;0;0;0,56;0;0;0;1,8;2,01;0,91;0
"faire";19,05;2,08;1,93;4,06;6,33;9,89;1,56;4,86;1,88;23,81;9,51;2,23;0;6,1;0;1,8;5,12;3,34;11,9
"héros";0;1,04;0;0,68;0,74;0,33;0,2;1,39;0;0;0;0;0;0;0;0;0;0,3;0
"vendre";0;0;0;0;0,15;0,66;0,59;0;1,88;0;0;0,28;0;0;0;0;0;0,61;0
"loi";0;0;1,55;2,03;0;0;0;0,69;0;0;0;0,56;0;0;0;0;0;0;0
"giorgio";0;0;0;0;0;0;0;0;0;0;0;0;0;0;0;0;4,23;0;0
"aile";0;0;0;0;0;0;5,07;0;0;0;0;0;0;0;0;0;0;0;0
"aimer";0;0;0;0,68;0,59;0,33;0;0;1,88;0;0;0,28;0;3,05;0;0;0;0,61;0
"vidéo";0;0;0,77;0,68;0,29;0,33;0;0,69;0;0;0;2,51;0,69;0;0;0;0,22;0,3;0
"réalité";0;0;0;2,71;0,44;0,33;0,59;0;5,65;0;0;0;0;3,05;0;0;0,89;0,61;0
"visage";0;0;0;0;0,59;0,33;0;0;0;0;0;0,28;0;3,05;0;0;0,67;0,61;0
"posséder";0;2,08;0;0;0,29;0,33;4,49;0;0;0;0;0;0;0;0;9,01;0,45;0;0
"diffuser";0;1,04;0;0;0,88;0;0;0;0;0;0;0,28;0;0;0;0;0;0,61;0
"cet";0;0;0;0;0,44;0,99;0,2;2,08;1,88;0;0;0;0;6,1;0;0;1,34;0,61;0
"ces";0;1,04;0,39;1,35;1,77;2,31;0;1,39;1,88;0;0;0,28;0;0;0;7,21;4,01;1,22;0
"base";0;0;0;0;0,15;1,65;0;0;0;0;0;0;0;0;0;5,41;0,45;0;0
"dire";0;2,08;0;0,68;1,32;0,66;0;0,69;0;0;2,11;0,28;0;3,05;0;0;0;0,3;0
"selon";0;0;0;0;0,15;0,66;0;0,69;0;0;0;0,56;0;0;0;7,21;5,57;0,61;11,9
"véritable";9,52;1,04;0;0;0;0,33;0,2;0;0;0;0;0;0;3,05;0;0;0,89;0,91;0
"aussi";0;0;0;2,71;0,44;1,32;5,07;3,47;0;0;1,06;0,84;2,06;3,05;0;0;0,45;0,91;0
"jour";0;0;0,39;1,35;0,88;0,99;0;0,69;3,77;0;0;1,11;0;6,1;3,5;0;0,67;0;0
"justice";0;0;2,71;0;0,15;0;0,2;0;0;0;0;0,56;0;0;0;0;0;0;0
"voler";0;0;0;0;0;1,32;5,07;0;3,77;0;0;0,28;0;0;0;0;0;0;0
"culture";0;0;0;0;1,47;0;0,2;0;0;0;0;0,84;0;0;6,99;3,6;1,78;0;0
"portrait";0;1,04;0;0;1,32;0;0;0;0;0;0;0;0;0;0;0;0;0,91;0
"effet";9,52;0;0;0;0,15;0,33;0;0,69;5,65;0;1,06;0,56;0;0;0;0;0,22;0;0
"planète";9,52;0;0;0,68;0,88;1,32;5,27;0,69;7,53;0;3,17;0,56;1,37;0;0;5,41;0,89;0,91;0
"grand";0;1,04;1,55;1,35;0,88;2,31;0,39;2,78;5,65;0;1,06;2,78;0;0;0;1,8;2,01;1,52;0
"000";0;0;0,39;0;0,44;1,65;0;0;0;0;0;0,28;0;0;0;0;0,67;0,3;0
"autres";0;0;0,39;0,68;1,77;0;5,27;0,69;0;0;0;0;0,69;0;6,99;5,41;2,23;0,3;0
"pierre";0;0;0;0,68;0,59;0,33;0;3,47;0;0;0;0,56;0;0;0;0;0,22;3,04;0
"jouer";0;1,04;0;0;0,59;0,99;0;0,69;0;0;2,11;0,28;0,69;0;0;0;0;0;0
"jamais";0;0;0,39;0;0,59;0;0;0,69;0;0;0;0;0;0;0;0;1,34;1,22;0
"être";28,57;23,91;16,62;16,24;22,95;30,67;27,13;28,49;20,72;23,81;33,83;20,6;35,71;33,54;31,47;41,44;39,66;22,49;23,81
"hapsatou";0;0;4,25;0;0;0;0;0;0;0;0;0;0;0;0;0;0;0;0
"univers";0;3,12;0;0,68;0,29;0,66;5,27;0;0;0;0;0;0;0;0;0;1,34;0,61;0
"info";0;0;1,93;1,35;0;0;0;2,08;0;0;0;1,67;0;0;0;0;0;0;0
"cryogénisé";0;0;0;0,68;0;0;0;0;0;0;0;0;28,85;0;0;0;0;0;0
"rester";0;0;0;0;0;0,99;0,2;0,69;0;0;2,11;0;0;3,05;0;0;2,23;0,91;0
"visite";0;1,04;0;0;0,74;0,33;0;0;1,88;0;0;0,28;0;3,05;0;5,41;1,56;0,3;0
"structure";0;0;0;0;0,15;0;0;0;0;0;0;0;0;0;0;0;2,23;0;0
"e";0;3,12;4,25;5,41;2,65;1,65;20,3;2,08;0;0;4,23;8,35;0;0;0;0;0,22;0,3;0
"utiliser";0;0;0;0;0,88;1,32;0,2;0;0;0;0;0,56;0;0;0;1,8;1,11;0;0
"rencontre";0;0;0;0,68;1,18;0;0;0;0;0;0;0,84;0;0;0;3,6;1,11;1,82;0
"suite";0;0;3,48;0;0,44;0,66;0;0;0;0;0;0,28;0;0;0;0;0,22;0,61;0
"scientologie";0;0;0;0;2,35;0;0;0;0;0;0;0;0;0;0;0;0;0;0
"élection";0;7,28;0,39;0;0;0;0;0;0;0;0;1,39;0;0;0;0;0;0;0
"témoignage";0;0;0,77;1,35;1,77;0;0;1,39;0;0;0;0,28;0;3,05;0;0;0;2,13;0
"cela";0;1,04;0;0;0,59;0,33;0;0;0;0;1,06;0;0;0;0;1,8;0,45;0,3;0
"gens";0;0;4,25;0;0,29;0;0;0;0;0;0;0,28;0;0;0;1,8;0,22;0,91;0
"danger";0;0;0;0;0,29;0;5,07;0;0;0;0;0;0;0;0;0;0;0,3;0
"volant";0;0;0;0;0;1,65;0,2;2,78;3,77;0;3,17;0,28;0;0;0;0;0,89;0,61;0
"entrer";0;0;0;0,68;0,15;0;0;0;5,65;0;0;0,56;0;0;3,5;0;1,11;0;0
"heure";0;0;0;1,35;0,15;0;0;6,25;0;0;1,06;0;0;0;0;0;0;0;0
"également";0;0;0,39;0;0,44;0;0;0;0;0;1,06;0,56;0;0;0;0;0,45;0,3;0
"rencontrer";0;0;0;0;0,44;0,66;0;0;1,88;0;0;0;0;0;0;0;1,11;0,91;0
"représentant";0;0;0;0;0;0,33;0;0;0;0;0;0;0;0;0;0;2,23;0;0
"avocat";0;1,04;6,18;0;0,29;0;0;0,69;0;0;0;1,11;0;0;0;0;0;0;0
"université";0;0;0;4,74;0,88;0;0;0;0;23,81;1,06;0,28;0;0;0;0;0;0,3;0
"nous";0;0;0,77;1,35;2,8;2,31;0;0,69;0;0;5,29;0,28;0;3,05;27,97;0;4,46;2,43;0
"médecin";0;0;4,25;0;0,88;0;0;0;0;0;0;0,28;0;0;0;0;0;0,3;0
"réaliser";9,52;0;0;0;1,03;0;0,2;0;0;0;0;0,56;0,69;0;0;0;0,22;0,3;0
"trouver";0;0;0;0;1,03;0,66;0,2;0;3,77;0;1,06;0;1,37;0;0;0;2,67;1,52;0
"mohammed";0;0;4,25;0;0;0;0;0;0;0;0;0;0;0;0;0;0;0;0
"média";0;0;1,16;0;0,15;0,66;0;0;0;0;0;1,95;0;0;0;0;0;0;0
"preuve";0;0;0;0;0,59;0;0;0;0;0;1,06;0;0;0;0;3,6;6,02;1,22;0
"luc";0;1,04;8,89;0;0,44;0;0;0,69;0;0;0;0,56;0;0;0;0;0;0,61;0
"lui";9,52;1,04;0;0,68;2,06;1,98;0,59;1,39;3,77;0;1,06;0,56;0,69;9,15;0;0;2,67;4,56;0
"carrière";0;0;0;0,68;0,44;0,66;0;0;0;0;0;0;0;0;0;0;0;1,52;0
"examiner";0;0;0;0;0;0;0;0;0;0;0;0;0;0;0;0;3,34;0,3;0
"femme";0;1,04;0;0,68;1,32;1,98;0;0;0;0;4,23;0,84;0;0;0;0;0;0,91;0
"persuader";0;0;0;0;0,15;0,66;0,59;0;1,88;0;5,29;0;0;0;0;0;0;1,22;0
"général";0;0;10,44;0;0,74;0;0;0;0;0;0;0;0;0;0;0;0;0,3;0
"he";0;1,04;0;0,68;0,59;0,33;0;2,08;0;0;0;0;0;3,05;0;0;0;0,3;0
"étude";0;0;0;2,71;1,03;0,66;0;0;0;0;2,11;0,28;0;0;0;0;0;0,3;0
"laporte";0;0;4,64;0;0;0;0;0;0;0;0;0;0;0;0;0;0;0;0
"chercher";0;0;0;0,68;0,29;0,66;0,78;0;5,65;0;0;0;0;0;0;1,8;0;0,91;0
"homme";0;0;0,77;6,09;1,47;2,97;0;4,86;0;23,81;3,17;1,11;0;0;0;5,41;3,79;1,82;11,9
"star";0;0;0;0,68;0,88;0,33;0,2;0;0;0;0;0,56;0;6,1;0;0;0;0,3;0
"fois";0;2,08;0,39;0;0,59;1,32;0;1,39;0;0;2,11;0,28;0;0;0;0;0,45;1,22;0
"aider";9,52;0;0;0;0,29;0;0,2;0;5,65;0;1,06;0,56;0;0;0;0;0;0;0
"aux";9,52;12,47;0,39;8,12;5,88;1,65;0;1,39;13,18;0;6,34;6,12;0,69;6,1;0;7,21;5,12;3,04;0
"siècle";0;0;0;0;0;0,66;0;0;0;0;0;0;0;0;0;3,6;1,34;0,3;0
"voix";0;2,08;0;0;0;1,98;0;0;0;0;2,11;1,39;0;0;0;0;0;0,61;0
"réputation";0;0;0;11,5;0;0;0;0;0;0;2,11;0;0;0;0;0;0;0;0
"voir";9,52;3,12;0,39;2,71;1,91;1,32;0,2;0;3,77;23,81;4,23;0,56;0,69;3,05;13,99;1,8;0,45;4,25;0
"légende";0;0;0;0;0;0;0;1,39;0;0;0;0;0;0;0;5,41;0,89;0,91;0
"force";0;0;0,77;0;0,29;0,33;0;0,69;0;0;1,06;0,28;0;0;0;1,8;0;0,3;11,9
"histoire";0;2,08;0;0;0,88;0,66;0;1,39;0;0;1,06;1,11;0;0;0;3,6;3,57;0,91;0
"propre";0;0;0;0;0,59;0,66;5,07;0,69;0;0;0;0;0;3,05;0;1,8;0,45;0,91;0
"nes";0;0;0;0;0,88;0,99;0,2;0;1,88;0;0;1,11;0;0;0;0;0;0;0
"aujourd_hui";0;0;0;0;1,18;0,66;5,07;3,47;1,88;0;2,11;0,28;0;3,05;10,49;1,8;1,56;0,61;0
"mes";0;0;0;0;0,15;0,66;0;0;0;0;0;0;0;0;6,99;0;0,67;0,61;0
"omar";0;0;0;0;0;0;0;0;0;0;0;3,62;0;0;0;0;0;0;0
"quotidien";0;0;0,77;0,68;1,18;0;0;0,69;0;0;1,06;0,28;0;0;0;0;0;0;0
"géant";0;0;0;0;0;0,33;0,2;2,08;0;0;0;0;0;0;0;0;2,01;0;0
"suggérer";0;1,04;0;0;0;0;0;0;0;0;0;0;0;0;0;3,6;2,23;0;0
"afin";0;1,04;0;0;0;0,66;0;0;0;0;3,17;0,28;0;0;0;0;0,22;0,3;11,9
"famille";0;0;0;1,35;1,47;0,99;0,59;0;0;0;0;0;0;0;0;0;0;1,52;0
"vivre";0;0;0;1,35;2,5;0,33;0;0;0;0;0;0,56;0;6,1;0;1,8;0,89;1,22;0
"comportement";0;0;5,41;0;0;0;0;0;0;0;1,06;0;0;0;0;0;0;0,3;0
"créer";0;1,04;0;2,03;0,59;0;0;0;9,42;0;0;0,28;0;3,05;0;0;0;0;0
"acteur";0;0;0;0,68;0,29;0,66;0;0;0;0;0;7,24;0;0;0;0;0;0,3;0
"sauver";0;0;0;0;0;0,99;9,76;0,69;3,77;0;2,11;0;0;0;0;0;0;0,3;0
"entraîner";0;0;0;0;0;0;5,07;0;0;0;0;0;0;0;0;0;0;0,3;0
"école";0;0;0;4,74;0,74;0;0;0,69;0;0;0;0,28;0;3,05;0;0;0;0,3;0
"cabrol";0;0;0;0;0;0;0;0;0;0;0;3,06;0;0;0;0;0;0;0
"02";0;1,04;0,77;0;0;0;0;0;0;0;0;3,34;0;0;0;0;0;0,91;0
"voyage";0;0;4,25;0;0,59;1,32;0;0,69;0;0;0;0,56;0;0;0;0;0;0,61;0
"00";0;1,04;6,96;0,68;0;0;0;0;0;0;0;2,23;0;0;0;0;0;0;0
"01";0;0;2,32;0;0;0;0;0;0;0;0;3,9;0;0;0;0;0;0,3;0
"06";0;0;0,77;1,35;0;0;0;0;0;0;0;1,67;0;0;0;0;0;1,52;0
"07";0;0;2,32;0;0;0;0;0;0;0;0;1,95;0;0;0;0;0;2,73;0
"04";0;0;1,55;0;0;0;0;0;0;0;0;2,78;0;0;0;0;0;1,22;0
"05";0;1,04;3,09;0;0;0;0;0;0;0;0;1,95;0;0;0;0;0;2,13;0
"08";0;0;1,55;0;0,88;0;0;0;0;0;0;0,84;0;0;0;0;0;1,22;0
"09";0;0;1,55;1,35;0;0;0;0;0;0;0;2,23;0;0;0;0;0;1,22;0
"une";19,05;8,32;3,09;10,15;16,48;18,47;33,96;10,42;9,42;23,81;31,71;9,19;8,24;24,39;3,5;14,41;17,38;17,32;23,81
"scientifique";0;0;0;1,35;1,62;0,99;0,2;1,39;0;0;0;0,28;0;0;6,99;5,41;1,78;1,52;0
"servir";0;0;0;0;0,44;0,33;0,2;0;0;0;0;0;0;0;0;1,8;1,11;0;0
"il";0;8,32;4,25;2,71;12,36;14,84;11,9;5,56;1,88;47,62;13,74;8,35;32,97;27,44;3,5;12,61;11,59;12,15;11,9
"théoricien";0;0;0;0;0;0;0;0;0;0;0;0;0;0;0;10,81;4,9;0;0
"quand";0;0;0;2,03;1,18;0,66;0,2;1,39;0;0;3,17;0;0;6,1;0;0;0;0;0
"livre";0;5,2;0,39;7,44;1,03;1,32;0;0;0;0;0;2,23;0;0;0;0;0,67;0,3;0
"elle";28,57;7,28;0;0,68;9,42;2,31;0;1,39;3,77;0;6,34;4,45;0;12,2;6,99;1,8;2,23;10,33;0
"revel";0;0;4,64;0;0;0;0;0;0;0;0;0;0;0;0;0;0;0;0
"super";0;0;0;1,35;0,15;0;10,73;2,78;0;0;0;0;0;0;0;0;0;0;0
"magazine";0;0;0,39;0,68;0,88;0;0;2,08;0;0;0;0,28;0;0;0;0;0;0;0
"lieu";9,52;0;0;0;0,44;0,66;0;0;5,65;0;1,06;0;0;0;0;0;0,22;1,22;0
"très";0;1,04;0;1,35;2,5;4,62;0;1,39;0;23,81;3,17;0,56;0;0;0;0;0,45;1,22;11,9
"mystérieux";0;0;0;0;0,29;0,66;0;0;0;0;0;0;0,69;0;0;3,6;2,45;0,3;0
"petit";0;0;0;0,68;2,94;4,62;30,44;5,56;0;0;4,23;2,78;0;0;0;0;0;3,95;0
"décider";0;0;0;0;0,44;0,33;0;0;3,77;23,81;3,17;0,28;2,06;0;0;0;0;1,52;0
"handicapé";0;0;0;0;1,62;0;0;0;0;0;0;0;0;0;0;0;0;0;0
"corbière";0;0;5,03;0;0;0;0;0;0;0;0;0;0;0;0;0;0;0;0
"dieu";0;0;0;0;0;0;0;0;0;0;0;0;0;0;0;3,6;2,23;0,61;0
"mazaurette";0;0;0;0;0;0;0;0;0;0;0;11,41;0;0;0;0;0;0;0
"laure";0;0;0;0;0,15;0;0;0;0;0;0;0;0;0;0;0;0;3,34;0
"ville";0;1,04;0;0;0,29;0,66;0,2;0,69;1,88;0;1,06;0,28;0,69;0;0;0;0,45;0,3;0
"etats";0;1,04;0;0,68;0,29;0,33;0;0;5,65;0;0;0,56;0;0;0;1,8;0,45;0,61;0
"père";0;0;0;0;0,74;0,66;0;1,39;0;0;0;0;2,06;0;0;0;0;1,22;0
"bon";0;0;0;0;1,18;0,33;0;1,39;0;0;1,06;0,56;0;3,05;0;0;0;0,3;0
"margot";0;0;0;7,44;0;0;0;0;0;0;0;0;0;0;0;0;0;0;0
"équipe";0;0;0,39;0;0,29;0,99;0;0,69;1,88;0;1,06;1,95;1,37;0;0;0;0,22;0,91;0
"vous";0;1,04;5,8;0;3,38;0;0;1,39;0;0;1,06;0,28;0;6,1;0;0;0;0,61;0
"sous";9,52;1,04;0;0;0,59;0,33;0;0;0;0;0;0;0;0;3,5;0;1,78;0,61;0
"clair";19,05;0;0;0,68;0,15;1,32;0;0;0;0;0;0;0;0;0;0;0;0,61;0
"mal";0;1,04;0;0;0,74;0,33;0;0;0;0;1,06;0,28;0;0;0;0;0;0,61;0
"avant";0;0;0,39;1,35;1,18;0,66;0;1,39;1,88;0;0;0;0;3,05;0;0;0;0,3;0
"spécialiste";0;13,51;0;0;1,18;0;0;0,69;0;0;1,06;4,18;0;0;0;3,6;0;0,61;0
"mais";0;0;0,39;3,38;2,35;3,3;6,44;4,17;5,65;0;2,11;0,56;0,69;12,2;0;0;2,9;3,65;0
"main";0;1,04;0;0;0,15;1,98;0;0;0;0;0;0,28;0;0;0;0;0;0,61;0
"ancien";0;1,04;13,53;0;1,03;0,99;4,49;2,08;0;0;1,06;1,67;0;0;13,99;12,61;13,59;1,82;0
"agir";0;0;0;0;0,15;1,32;0,59;0,69;0;0;1,06;0,56;0;3,05;0;1,8;0,89;0,91;0
"11";0;1,04;1,16;0,68;0,15;0,33;0;0;0;0;0;3,06;0;0;0;0;0,22;0,91;0
"10";0;1,04;1,16;0;0,15;0,66;0;0;0;0;0;1,39;0;0;0;0;0;1,82;0
"13";0;2,08;0,77;0;0,15;0,33;0;2,08;0;0;0;1,67;0;0;0;0;0;0,3;0
"12";0;1,04;1,16;0,68;1,18;0;0;0;0;0;0;2,78;0;0;0;0;0;0,91;0
"15";0;1,04;1,16;0,68;0,15;0;0;0,69;0;0;0;3,34;0;0;0;0;0;0,3;0
"17";0;0;1,16;0,68;1,18;0;0;0;0;0;0;1,11;0;0;0;0;0;0;0
"16";0;1,04;1,55;0,68;0,29;0;0;0,69;0;0;0;1,67;0;0;0;0;0;0;0
"19";0;1,04;0;20,3;0;0;0;1,39;0;0;0;22,83;0;0;0;0;0;1,52;0
"18";0;0;0;0;0,15;0;0;1,39;0;0;0;1,39;0;0;0;0;0;0,61;0
"trace";0;4,16;0;0;0,29;0,33;0;0;0;0;0;0;0;0;0;0;0,45;0,3;0
"extraire";0;0;2,32;2,71;1,03;0,33;0;8,34;0;0;4,23;14,48;0;0;0;0;0;7,9;0
"nouveau";0;3,12;0,77;3,38;1,77;1,32;0,2;2,78;5,65;0;3,17;3,06;28,85;3,05;0;1,8;2,45;0,61;23,81
"débarquer";0;0;0;0;0,15;1,98;0,2;0;0;0;1,06;0,28;0;0;0;0;0;0,61;0
"parent";0;0;0;2,03;2,35;0,66;5,07;0,69;0;0;1,06;0,28;0;0;0;0;0;0,3;0
"je";0;0;0;0,68;0,74;1,32;0;0;0;0;0;0;0;0;0;0;0;0,3;0
"lopez";0;0;5,41;0;0;0;0;1,39;0;0;0;0;0;0;0;0;0;0;0
"rugby";0;0;4,25;0;0;0;0;0;0;0;0;0;0;0;0;0;0;0;0
"tous";0;2,08;1,16;0,68;2,65;3,96;5,07;2,78;0;0;0;1,67;0;6,1;0;0;0,22;1,22;0
"tout";0;1,04;0,39;0;4,56;2,64;0,2;2,78;5,65;0;4,23;0,84;0,69;0;0;1,8;2,23;3,34;0
"côté";0;1,04;0,39;0;0,44;1,65;5,07;0;1,88;0;1,06;0;0;0;0;0;0,45;1,52;0
"capable";0;0;0;0;0;0,99;0,39;0;0;0;0;0;0;0;0;0;1,11;0;0
"lorsque";0;0;0;0;0,15;1,32;5,27;0;0;0;1,06;0;0;0;0;0;0,45;0,3;0
"mars";0;0;0,39;0;1,18;0;0,2;0,69;0;0;0;0,56;0;0;0;1,8;0;0,61;0
"delage";0;0;5,03;0;0;0;0;0;0;0;0;0;0;0;0;0;0;0;0
"pas";9,52;1,04;5,41;1,35;4,27;3,3;10,73;6,95;3,77;0;4,23;2,51;0;0;0;3,6;2,67;3,34;0
"new_yorkais";0;0;0;0,68;0;0;0;0;0;0;0;0;28,85;0;0;0;0;0;0
"4";0;0;0;0;0,29;0,33;0,78;0;0;0;0;0,56;0;0;0;0;0;0,61;0
"davant";0;0;0;0;1,47;0;0;0;0;0;0;0;0;0;0;0;0;0;0
"mot";0;0;0;0;0,29;0,99;0;2,08;0;0;2,11;0;0;0;0;0;0,22;0;0
"christine";0;0;4,64;0;0,15;0;0;0;0;0;0;0;0;0;0;0;0;0;0
"rappeler";0;0;0,39;0;0,88;0;0,2;0;0;0;1,06;0;0,69;0;0;0;0,22;0,61;0
"ex_membre";0;0;4,25;0;0;0;0;0;0;0;0;0;0;0;0;0;0;0;0
"fils";0;0;0;0;0,15;0;0;0,69;0;0;2,11;0,28;2,06;0;0;0;0;0,91;0
"citation";0;1,04;10,05;0,68;0;0;0;0;0;0;0;1,11;0;0;0;0;0;0;0
"pourquoi";0;0;0,39;0;0,74;1,32;0;0;0;0;0;0,28;0;0;3,5;0;0,89;0,3;0
"film";0;0;0;1,35;3,09;2,31;0;0;0;0;3,17;3,06;0;0;0;0;0,22;3,34;0
"important";0;0;0;0;0,59;0;0;0,69;0;0;0;0;0;0;0;0;1,11;0,3;0
"revenir";0;0;0,39;2,03;0,74;0,99;0;0;0;0;1,06;1,39;0;0;0;0;2,23;1,22;0
"révéler";0;0;0,39;0;0,15;1,32;0;0;0;0;0;0;0;0;3,5;0;2,23;0,3;0
"public";0;1,04;0;0;1,18;0,33;0;0,69;0;0;0;0;0;0;0;0;0,22;0,61;0
"à";28,57;47,82;2,32;20,97;29,42;31;28,3;21,54;39,55;47,62;29,6;17,54;6,18;48,78;17,48;16,22;15,82;17,62;71,43
"agathe";0;0;4,64;0;0;0;0;0;0;0;0;0;0;0;0;0;0;0;0
"des";0;18,71;29,76;31,12;25,31;24,41;16,98;24,32;26,37;23,81;8,46;13,08;2,06;18,29;62,94;84,68;55,26;27,04;47,62
"récit";0;0;0;0,68;0,15;0;0;0;0;0;0;0;0;0;0;1,8;1,34;0,3;0
"csa";0;0;4,64;0;0;0;0;0;0;0;0;0,28;0;0;0;0;0;0;0
"rapport";0;0;0;0;0,15;0;0;0;0;0;0;0,84;0;0;0;0;0,89;0,61;0
"par";0;5,2;1,93;5,41;12,21;9,23;6,44;9,73;16,95;47,62;14,8;5,01;2,75;3,05;0;5,41;8,02;6,99;11,9
"trois";0;0;0;0;0,44;2,31;0;0,69;0;0;0;0;0;0;0;0;0;0,61;0
"24";0;0;1,16;0,68;0;0;0;0;0;0;0;1,67;0;0;0;0;0;0;0
"25";0;1,04;0,39;1,35;0,44;0;0;0,69;0;0;0;1,67;0;0;0;0;0;0,61;0
"26";0;2,08;1,16;0;0;0;0;0;0;0;0;1,67;0;0;0;0;0;0;0
"27";0;0;0,77;3,38;0;0;0;0,69;0;0;0;1,95;0;0;0;0;0;0,3;0
"21";0;1,04;7,73;1,35;0,15;0;0;0,69;0;0;0;12,53;0;0;0;0;0;0;0
"22";0;2,08;7,73;1,35;0,15;0;0;0;0;0;0;1,67;0;0;0;0;0;0;0
"23";0;0;7,73;1,35;0;0;0;1,39;0;0;0;2,78;0;0;0;0;0;0,3;0
"28";0;0;1,16;1,35;0;0,33;0;0;0;0;0;1,95;0;0;0;0;0;0,3;0
"29";0;1,04;0,39;0,68;0,29;0;0;0;0;0;0;1,39;0;0;0;0;0;0,61;0
"etienne";0;0;0;0;0;0;0;0;0;0;0;11,14;0;0;0;0;0;0;0
"association";0;0;0;0;1,03;0,33;0;1,39;0;0;0;0;0;0;0;0;0;0,3;0
"porte";0;1,04;5,8;0;0,29;0;0;0,69;0;0;0;2,23;0;0;0;0;0,45;0,3;0
"président";0;1,04;4,64;0;0,59;0;0;1,39;0;0;0;3,34;0;0;0;0;0,22;0,3;0
"troisième";0;0;5,8;0,68;0;0,33;0;0;0;0;0;0;0;0;0;0;0;0,3;0
"dont";0;1,04;0,39;0,68;1,18;1,98;0,2;0,69;0;0;1,06;0;0;0;0;0;0,22;2,13;0
"travail";0;0;0,77;0;0,59;0,66;0;0;0;0;0;0,28;0;0;0;0;0;0,61;0
"pari";0;1,04;0,39;0,68;1,77;0;0;0;0;0;0;1,11;0;3,05;0;0;0;0,3;0
"part";0;1,04;0,39;0;0,44;1,32;0;0,69;0;0;1,06;0,28;0;0;3,5;0;0;0,3;0
"dossier";0;0;0,77;1,35;0,59;0;0;0;0;0;0;0;0;0;0;0;0,45;0,61;0
"gasnier";0;0;0;0;0;0;0;0;0;0;0;13,36;0;0;0;0;0;0;0
"recevoir";0;0;0,39;0;1,32;1,65;0;4,86;0;0;0;0,28;0;3,05;0;1,8;0,45;0,61;0
"expert";0;0;0;0,68;1,18;0;0;0;0;0;0;0;0;0;0;0;0,22;0,3;0
"point";0;6,24;0,77;0;0,88;0;0;0;0;0;0;1,39;0;0;10,49;0;0,45;0,61;0
"secret";0;0;0;0,68;0,29;0,33;0;0;0;0;1,06;0;0;0;3,5;3,6;1,34;0,61;0
"mener";0;0;0;0;0,59;0;0,2;0;0;0;0;0;0;0;0;0;0,67;0,91;0
"puis";0;0;0,39;0;1,18;1,65;0,2;0;0;0;0;0;0;0;0;0;0;1,22;0
"moment";0;0;0,39;0;0,59;0,66;0;1,39;0;0;0;0,84;0;0;0;1,8;0;0,3;0
"travers";0;0;0;1,35;0,15;0,33;0,2;0,69;3,77;0;0;0,28;0;3,05;0;0;0,22;0,61;0
"entre";0;2,08;0;0;0,59;0,66;0;1,39;0;0;3,17;2,23;0;0;0;0;0,45;1,82;0
"y";0;3,12;1,16;0,68;1,62;4,29;0;2,78;7,53;0;0;2,51;0;0;3,5;5,41;1,78;2,73;0
"depuis";0;0;0;0,68;1,18;1,98;0;2,08;0;0;2,11;1,11;0,69;6,1;3,5;1,8;3,12;1,82;0
"jimmy";0;0;4,25;0;0;0;0;0;0;0;0;0;0;0;0;0;0;0,3;0
"dewalle";0;0;5,8;0;0;0;0;0;0;0;0;0;0;0;0;0;0;0;0
"avenir";0;0;0;2,71;0,59;0;0;0;0;0;0;0;0;0;0;0;0,67;0;0
"conseil";9,52;0;0;0,68;0,44;0;0;2,08;0;0;0;0,56;0;0;0;0;0;0,61;0
"travailler";0;2,08;0;0;0,74;0,33;0;0;0;0;0;1,11;0;0;0;0;0;0,61;0
"lointain";0;0;0;0;0;0;5,07;0;0;0;0;0;0;0;0;0;1,78;0,61;0
"elles";0;1,04;0;0,68;1,32;0;0;0;3,77;0;0;0;0;0;0;3,6;2,9;0,3;0
"invité";0;6,24;3,48;6,77;1,18;0;0;3,47;0;0;0;5,85;0;0;0;0;0;0,3;0
"objet";0;0;0;0;0,59;2,97;0;0;1,88;0;1,06;0,56;0;0;0;0;2,01;0,3;0
"39";0;3,12;0,39;0;0;0;0;0;0;0;0;1,67;0;0;0;0;0;0;0
"38";0;0;0,77;0,68;0;0;0;0;0;0;0;2,23;0;0;0;0;0;0;0
"33";0;1,04;0,39;0,68;0;0;0;0;0;0;0;2,51;0;0;0;0;0;0,3;0
"31";0;0;0,77;1,35;0;0;0;0;0;0;0;1,95;0;0;0;0;0;0;0
"30";0;1,04;1,16;0,68;0;0;0;2,78;0;0;0;3,62;0;0;0;0;0;1,52;0
"35";0;0;1,55;0,68;0;0;0;0;0;0;0;2,23;0;0;0;0;0;0;0
"souvent";0;0;0,39;0;1,18;0,66;0;0;0;0;0;0,28;0;0;0;0;0,89;0;0
"terrien";0;0;0;0;0;0,33;5,07;1,39;0;0;0;0;0;0;0;0;0;0,91;23,81
"laurie";0;0;0;6,77;0;0;0;0;0;0;0;0;0;0;0;0;0;0;0
"chien";0;0;0;0;0,15;2,31;0;0;0;0;1,06;0,28;0;0;0;0;0;0;0
"extrait";0;0;0,39;0;0,74;0,33;0;0;0;0;0;3,34;0;0;0;0;0;1,22;0
"le";9,52;23,91;18,94;29,77;26,63;34,63;17,17;50,03;33,9;47,62;28,54;24,22;7,55;12,2;24,48;23,42;26,52;36,46;47,62
"la";28,57;62,37;26,29;38,57;35,9;30,67;24,2;38,92;39,55;0;31,71;37,03;8,93;30,49;48,95;45,05;26,74;33,42;47,62
"eux";0;0;0;0;0,74;0,33;0;0,69;0;0;1,06;0;0;0;0;1,8;0,67;0,61;0
"identifier";0;0;0;3,38;0,15;0,33;0;0;0;0;3,17;0,28;0;0;0;0;2,45;0,91;0
"lfi";0;0;5,03;0;0;0;0;0;0;0;0;0,56;0;0;0;0;0;0;0
"expliquer";0;0;0;0;2,21;3,3;0,2;0,69;0;0;0;1,11;0;0;0;0;0,22;1,22;0
"réseau";0;0;0;3,38;0,15;0;0;0,69;0;0;0;0,56;0;0;0;0;0,22;0;0
"là";0;0;0;0;0;0,66;0,2;0,69;5,65;23,81;2,11;0,28;0;3,05;0;0;0,67;0,61;0
"que";9,52;1,04;1,93;2,71;7,21;8,25;0,78;6,25;13,18;0;12,68;1,95;0;9,15;17,48;18,02;14,93;8,81;11,9
"écrire";0;0;0;0,68;0,59;0,99;0;0;0;0;1,06;0;0;0;0;0;0;0,91;0
"auproux";0;0;4,64;0;0;0;0;0;0;0;0;0;0;0;0;0;0;0;0
"mélenchon";0;1,04;8,89;0;0;0;0;0;0;0;0;0,56;0;0;0;0;0;0;0
"bernard";0;0;4,64;0;1,47;0,33;0;0;0;0;0;0;0;0;0;0;0;0,3;0
"beau";0;0;0;0;0,88;0,99;0;0;0;0;1,06;0,28;0;0;0;0;0;0,3;0
"sembler";19,05;0;0;0;0,15;0,33;0;0;0;0;2,11;0,28;0;0;0;1,8;0,89;1,22;0
"cacher";0;0;0;0;0,29;0,33;0;0,69;0;0;2,11;0;0;0;0;3,6;0,89;2,13;0
"comment";0;0;0;0,68;2,65;0,99;0;2,08;0;0;0;1,11;0;9,15;0;0;0;0,3;0
"annonce";0;0;0;0;0,15;0,66;0;0,69;0;0;0;0,84;0;0;0;0;0;1,22;0
"agnès";0;6,24;0;0,68;0,15;0,66;0;0;0;0;0;0;0;0;0;0;0;0;0
"moyen";0;5,2;0;0;0,74;0;0;0;0;0;0;0;0;0;0;0;0;0;0
"provoquer";0;1,04;0;0;0,29;0,33;15,03;0;1,88;0;0;0,28;0;0;0;0;0;0,3;0
"système";0;0;0;1,35;0,74;0;0;0;0;0;0;0,28;0;0;0;0;2,45;0;0
"toutes";0;0;0,39;0;0,44;0,66;0;0;0;0;1,06;0;0;0;0;0;0,67;0,3;0
"j";0;0;0;0,68;1,77;1,32;0;0;0;0;1,06;0;0;0;0;0;0;0,61;0
"48";0;0;2,32;0;0;0;0;0;0;0;0;1,95;0;0;0;0;0;0;0
"47";0;1,04;1,55;0,68;0;0;0;0;0;0;0;2,51;0;0;0;0;0;0;0
"44";0;0;3,87;0;0;0;0;0;0;0;0;1,95;0;0;0;0;0;0;0
"45";0;1,04;2,71;0;0;0,99;0;0;0;0;0;1,67;0;0;0;0;0;0;0
"42";0;2,08;0,39;1,35;0;0;0;0;0;0;0;1,39;0;0;0;0;0;0;0
"40";0;2,08;2,32;1,35;0,59;1,65;0;0;0;0;0;1,11;0;0;0;0;0;0,3;0
"membre";0;0;10,82;0;0,15;0;0;2,08;0;0;0;0;0,69;0;0;0;0;0;0
"parole";0;0;5,8;0;0,15;0;0;0,69;0;0;0;2,51;0;0;0;0;0;0,3;0
"philippe";0;0;0,77;0;1,03;0,33;0;0,69;0;0;0;0,28;0;0;0;0;0;0;0
"même";0;1,04;0;0;0,59;0,66;0,39;1,39;7,53;0;1,06;0;0,69;3,05;10,49;1,8;2,01;0,91;0
"pendant";0;0;0,39;0;0,59;0,99;0,2;0,69;5,65;0;1,06;0,28;0;6,1;0;1,8;0,22;1,22;0
"mois";0;1,04;0;0;0,74;0;0;2,08;0;0;0;0,28;0;0;0;0;0;0,61;0
"me";0;0;5,41;0;0,29;0,33;0;0;0;0;0;0;0;0;0;0;0;0;0
"naître";0;0;0;1,35;0,74;0;5,07;0,69;0;0;0;0;0;0;0;0;0;0;0
"mi";0;0;4,25;0,68;0;0;0;0;0;0;0;0;0;0;0;0;0;0;0
"enquête";0;3,12;0;1,35;0,29;0;0;3,47;0;0;0;0,28;0;6,1;0;0;0,89;0,91;0
"nouvelle";0;0;0,39;0;0,59;0;0,59;0;0;0;1,06;0,28;0;0;0;0;0,22;0,61;0
"mettre";9,52;0;0;0,68;1,03;1,32;0;2,08;3,77;0;1,06;0,28;0;0;0;0;0,67;0,61;0
"autre";0;0;0;0,68;0,44;1,65;0;0;0;0;1,06;0;0,69;0;0;0;0,45;1,82;11,9
"construire";0;0;0;2,03;0,15;0,33;0;0;1,88;0;0;0;0;0;0;0;2,01;0;0
"émission";0;2,08;0;2,03;1,47;1,32;0;1,39;0;0;2,11;2,78;0;3,05;0;0;0,22;3,04;0
"coeur";0;0;0;0;0,44;0;0,2;0,69;5,65;0;1,06;0,56;0;3,05;0;0;0;0,3;0
"claude";0;0;5,03;1,35;0,74;1,65;0,2;0,69;0;0;0;0;0;0;0;0;0;1,22;0
"présidentiel";0;3,12;0,39;0;0;0;0;1,39;0;0;0;2,23;0;0;0;0;0;0;0
"âge";0;0;0;0;0,15;0;0;0,69;0;0;1,06;0;0;3,05;0;0;1,56;0,61;0
"manquer";0;0;0;0,68;0,59;0;5,07;0;0;0;0;0;0;0;0;0;0;0;0
"2999";0;0;0;0,68;0;0;0;0;0;0;0;0;28,85;0;0;0;0;0;0
"bande";0;0;0,39;0;1,32;0,99;0;0;0;0;0;0,28;0;0;0;0;0;0,3;0
"59";0;0;1,16;0;0;0;0;0;0;0;0;2,78;0;0;0;0;0;0;0
"55";0;0;1,55;0,68;0;0;0;0;0;0;1,06;3,34;0;0;0;0;0;0;0
"54";0;0;2,71;0;0;0;0;0;0;0;0;2,23;0;0;0;0;0;0;0
"56";0;0;2,32;0;0;0;0;0;0;0;0;1,67;0;0;0;0;0;0;0
"53";0;0;1,16;0,68;0;0;0;0;0;0;0;1,95;0;0;0;0;0;0;0
"52";0;0;0,39;2,03;0;0;0;0;0;0;0;2,51;0;0;0;0;0;0;0
"57";0;1,04;1,55;0,68;0;0;0;0;0;0;0;1,67;0;0;0;0;0;0;0
"50";0;0;2,71;1,35;0,74;0;0;0;0;0;0;1,95;0;0;0;0;0,22;0,61;0
"humanité";0;0;0;0;0;0,33;0;1,39;0;0;0;0;0;0;6,99;3,6;3,79;0;0
"gouvernement";0;0;0,39;0;0;0;0;0;0;0;0;1,11;0,69;0;0;5,41;2,01;0;0
"plus";19,05;3,12;1,16;1,35;3,68;2,97;0,59;4,86;1,88;0;6,34;2,51;0;6,1;6,99;0;12,03;3,34;11,9
"antique";0;0;0;0;0;0;0;0;0;0;0;0;0;0;0;3,6;2,45;0;0
"entrepreneur";0;0;4,25;0;0;0;0;0;0;0;0;0;0;0;0;0;0;0;0
"exister";0;0;0,39;0,68;0,29;0;0;0;0;0;2,11;0,84;0;0;0;0;1,34;0,3;0
"peret";0;0;0;6,77;0;0;0;0;0;0;0;0;0;0;0;0;0;0;0
"actuel";0;1,04;0;1,35;0,15;0;0;0,69;0;0;0;0,28;0;0;0;0;1,78;0;0
"retour";0;1,04;1,55;1,35;0,29;0,33;0;4,17;0;0;0;3,06;0,69;0;0;0;0;0,3;0
"cnews";0;0;6,18;0;0;0;0;0;0;0;0;2,23;0;0;0;0;0;0;0
"élément";0;0;0;0,68;0,59;0;0;0,69;0;0;0;0,28;0;0;0;0;0,67;0;11,9
"groupe";0;0;0;2,71;0,59;0,33;0;0;1,88;0;0;0,56;0;0;0;0;0,22;0,3;0
"entier";0;0;0;0;0,15;0,33;0;0;5,65;0;0;0;0;0;0;7,21;3,12;0;0
"humour";0;1,04;0,77;0;0,44;0;10,15;0;0;0;1,06;1,11;0;0;0;0;0;0;0
"frédéric";0;10,4;0;0;0,74;2,64;0;0;0;0;0;2,51;0;0;0;0;0;0,61;0
"boucher";0;0;3,87;0;0;0,33;0;0;0;0;0;0;0;0;0;0;0;0;0
"courir";0;0;0;0;1,47;0,33;5,07;0;0;0;0;0;0;0;0;0;0;0,3;0
"haut";0;0;5,41;0;0,15;0,66;0;1,39;0;0;0;0,56;0;3,05;0;0;0;0;0
"1";0;0;1,93;0;1,03;0,33;0;0;0;0;0;1,11;0;0;0;0;0;0;0
"nombreux";0;0;0,77;0;0,59;0,33;15,22;0,69;0;0;0;0,28;0;0;3,5;3,6;1,78;0;0
"apporter";0;1,04;0;0,68;0,29;0;0;0;0;0;1,06;0;0;3,05;0;1,8;0,89;0;0
"revue";0;0;0;0,68;0,59;0,33;0;0;0;0;0;1,11;0;0;0;0;0;0;0
"cnrs";0;0;0;0;0,88;0;0;0,69;0;0;0;0;0;0;0;0;0;1,22;0
"trop";0;0;0;0;0,15;1,32;0,39;0,69;1,88;0;0;0;0,69;0;0;0;0;0,3;0
"sse";0;0;0;0;0;0;5,07;0;0;0;0;0;0;0;0;0;0;0;0
"20";0;18,71;8,89;0;0;0;0;3,47;0;0;3,17;25,06;0;0;0;0;0;1,52;0
"devoir";0;1,04;2,32;3,38;1,32;0,66;0,2;0,69;9,42;0;2,11;0,28;0;3,05;0;1,8;0,67;1,22;0
"ne";19,05;2,08;6,57;2,71;7,06;8,58;15,22;6,95;1,88;0;16,91;8,63;0;6,1;0;1,8;4,68;8,2;23,81
"chercheur";0;5,2;0;0,68;0,29;0;0;0,69;0;0;0;0;0;0;0;0;0;0,3;0
"départ";0;0;0;0,68;0;0;0;0,69;0;0;0;0,28;28,85;0;0;0;0;0;0
"peu";9,52;0;0,39;0,68;0,59;0,99;0;0;0;0;0;0,56;0;0;0;0;0;0,3;0
"bellver";0;0;0;0;0;0;0;0;0;0;0;13,36;0;0;0;0;0;0;0
"porter";0;0;0,39;0,68;0,88;0;0;0,69;0;0;0;0;0;0;0;0;0;0,3;0
"on";0;0;0,77;4,06;4,12;1,98;0,2;1,39;0;0;2,11;0,56;0;9,15;13,99;3,6;1,34;3,04;0
"ou";0;3,12;1,55;4,06;2,65;5,61;0;3,47;0;0;2,11;0,56;0;6,1;6,99;1,8;2,45;0,91;0
"celui";0;0;0;0;0,74;0,33;0;0;1,88;0;1,06;0;0;3,05;0;0;0;0,3;0
"envoyer";0;0;0;0;0,44;0,33;0,39;0,69;0;0;0;0,56;0,69;0;0;1,8;0;0,61;0
"alain";0;0;0;0,68;0,74;0,99;0;2,08;0;0;0;0;0;0;0;0;0;0,3;0
"avec";19,05;6,24;9,66;7,44;9,12;8,25;10,73;4,86;1,88;0;11,63;4,73;0;15,24;3,5;18,02;4,01;10,94;11,9
"phénomène";0;0;0,39;6,09;2,35;1,32;0;0,69;0;0;1,06;0,28;0;0;0;0;2,9;1,52;0
"5";0;1,04;0,39;0;0,88;0,66;0;2,78;0;0;1,06;0;0;3,05;0;0;0,22;0,3;0
"péril";0;0;0;0;0;0;9,56;0;0;0;0;0;0;0;0;0;0;0;0
"pté";0;0;0;0;0;0;5,07;0;0;0;0;0;0;0;0;0;0;0;0
"sud";0;4,16;0;0;0,29;0;0;0;0;0;0;0,28;0;0;0;0;0,45;0,3;0
"sur";28,57;13,51;11,6;22,33;12,36;14,18;21,08;20,85;1,88;0;12,68;26,45;2,75;15,24;3,5;10,81;17,16;17,93;0
"christian";0;0;0;0;1,03;0,33;0;0;0;0;0;0,56;0;0;0;0;0;0;0
"grâce";9,52;1,04;0;0,68;0,59;0,33;5,07;0,69;0;0;0;0;0;0;0;0;0;0,3;11,9
"enfant";19,05;0;0;2,71;3,09;0,99;0;3,47;5,65;0;0;0;0;0;0;1,8;0;0,91;11,9
"vaisseau";0;0;0;0;0;2,64;0,39;0;5,65;0;1,06;0;0;0;0;1,8;0,89;1,52;0
"différents";0;1,04;0,39;0;0,88;0,66;0;0;0;0;0;0;0;0;0;1,8;0;0,91;0
"bout";0;5,2;0;0;0,44;0;0;0;0;0;0;0;0;0;6,99;0;0;0;0
"affrontement";0;0;5,03;0;0;0;0;0;0;0;0;0;0;0;0;0;0;0;0
"blanc";0;0;0;0;0,15;0,33;0;0,69;0;0;0;1,11;0;0;0;0;0,67;1,82;0
"passer";0;1,04;0;2,03;0,74;0,99;0;1,39;0;0;0;1,95;0;3,05;0;1,8;4,9;1,82;0
"professeur";0;0;0;0;1,03;0;0;0;3,77;0;2,11;0,28;0;6,1;0;0;0;2,13;0
"dans";19,05;8,32;1,93;8,8;11,62;17,15;7,22;12,51;7,53;23,81;11,63;10,02;20,6;12,2;13,99;12,61;20,5;12,46;11,9
"maison";0;0;0;0;0,59;0;0,2;1,39;0;0;1,06;0,28;0;0;0;0;0,45;2,73;0
"arriver";0;0;0;0;0,88;1,32;0;0;1,88;0;1,06;0,28;0,69;0;0;0;0,22;0,3;0
"tourner";0;0;0;0,68;0,29;0,66;0;0,69;0;0;0;0,84;0;0;0;0;0;0,3;0
"vincent";0;0;2,32;0;0;0;0;0;0;0;0;1,11;0;6,1;0;0;0;0;0
"matin";0;0;0;0;0,74;0;0;0,69;0;0;0;0,84;0;0;0;0;0;0,91;0
"raconter";0;0;0;1,35;1,91;1,32;0;0;0;0;1,06;0,28;0;0;0;0;0,67;1,82;0
"année";0;0;3,09;0;1,91;1,98;0;0,69;0;0;0;0,28;0;0;0;0;4,23;0,91;0
"c";9,52;3,12;0,39;3,38;1,77;3,96;0;8,34;3,77;0;3,17;3,34;0;3,05;0;0;0,89;1,52;0
"moins";0;0;0;0;0,44;0,33;0;0,69;0;0;0;0;0;0;0;0;1,11;0,3;0
"plateau";0;0;0,77;1,35;1,47;2,64;0;0,69;0;0;2,11;0,56;0;0;0;0;0;3,04;0
"rien";9,52;0;0;0;0,44;1,32;0;0;0;0;0;0;0;0;0;0;0;0,91;0
"réveiller";0;0;0;0,68;0;0;0;0,69;0;0;0;0;28,85;0;0;0;0;0;0
"anne";0;0;0,39;0;0,29;0;0;1,39;0;0;0;4,45;0;0;0;0;0;0,3;0
"savoir";0;0;0;0,68;0,74;0,66;0,2;0,69;0;0;0;0,28;0;6,1;13,99;0;0,89;0,61;0
"question";0;4,16;1,16;0,68;1,32;0,33;0;3,47;0;0;0;0,84;0;0;0;0;1,11;0;0
"long";0;0;0;0,68;0,59;0;0;0;0;0;0;0;0;3,05;0;3,6;0,89;0,3;0
"présentation";0;2,08;0,39;0,68;1,03;0,33;0;1,39;0;0;0;0,84;0;0;0;0;0;0;0
"nasa";0;0;0;0,68;0;0;0;0,69;0;0;0;2,51;0,69;0;0;1,8;0,22;0;0
"yves";0;0;0;0;1,47;0,99;0;0,69;0;0;0;0;0;0;0;0;0;1,22;0
"théâtre";0;0;0,39;0;0,88;0,33;0;0;0;0;0;0,28;0;3,05;0;0;0,45;0;0
"chose";0;0;0,39;0;0,15;0,33;0,2;0;0;0;0;0;0;0;0;0;0;2,13;0
"olivier";0;3,12;0,39;3,38;0,88;0,33;0;0,69;0;0;0;0,28;0;0;0;0;0;0;0
"claviere";0;0;0;10,15;0;0;0;0;0;0;0;0;0;0;0;0;0;0;0
"figure";0;0;0;0;0;0;5,07;0;0;0;0;0,28;0;0;0;3,6;0,22;0;0
"patron";0;0;4,25;0;0;0;0;0;0;0;2,11;0,28;0;0;0;0;0;0;0
"fédération";0;0;4,25;0;0;0;0;0;0;0;0;0;0;0;0;0;0;0;0
"nuit";0;0;0;0;0,44;0,33;0,2;0;0;0;1,06;0,28;0;0;0;1,8;0,22;0,61;0
"permettre";0;0;0,77;0,68;0,88;0,33;0,2;0,69;0;0;0;0;0;0;6,99;1,8;0,89;0,3;0
"tsoukalos";0;0;0;0;0;0;0;0;0;0;0;0;0;0;0;0;4,01;0;0
"polémiste";0;0;4,25;0;0;0;0;0;0;0;0;0,84;0;0;0;0;0;0;0
"galley";0;0;0;0;1,47;0;0;0;0;0;0;0;0;0;0;0;0;0;0
"pomart";0;0;5,8;0;0;0;0;0;0;0;0;0;0;0;0;0;0;0;0
"encore";0;0;0;0;0;0,99;0;1,39;0;0;0;0;0;0;3,5;0;1,34;0,61;0
"xavier";0;1,04;0;0;0,29;0;0;0;0;0;0;1,11;0;0;0;0;0;0,91;0
"durant";0;0;0,39;1,35;0;0,33;0;0;0;0;0;0,28;28,85;0;0;0;0;0,3;0
"rendre";19,05;0;0,39;0,68;1,62;0,66;0,39;0;9,42;0;1,06;0,56;0;3,05;0;0;1,56;2,43;0
"qu";19,05;1,04;0,39;0,68;6,62;4,62;0,98;3,47;3,77;0;12,68;0,56;2,06;12,2;0;0;4,68;10,94;0
"partie";0;0;0,39;0;0,59;0,33;0;0,69;0;0;0;1,11;0;0;0;0;1,56;0,3;11,9
"partir";0;4,16;0,77;0;0,44;0,66;0,2;2,08;1,88;0;0;1,67;0;0;0;3,6;0,22;0,3;0
"marier";0;0;0;0;1,03;0,33;0;0,69;1,88;0;0;0,56;0;0;0;0;0;0,91;0
"joe";0;0;5,41;0;0;0;0;0;0;0;0;0,28;0;0;0;0;0;0;0
"certaines";0;0;0,39;0;0,15;0;0;0;0;0;0;0,28;0;0;6,99;0;2,45;0,3;0
"disciple";0;0;0;0;0;0;4,49;0;0;0;0;0;0;0;0;0;0;0;0
"préparer";0;0;0;0;0,44;0,33;0;1,39;0;0;0;0;0;3,05;0;0;0,22;0,3;11,9
"mère";0;0;0;0;0,59;0;0;0,69;0;0;0;0,56;0;0;0;0;0;0,91;0
"américain";0;3,12;0;2,03;0,44;0,66;0;1,39;0;23,81;0;2,51;0;0;0;3,6;1,56;0;0
"conquérant";0;0;0;0;0;0;5,07;0;0;0;0;0;0;0;0;0;0;0;0
"val";0;0;5,8;0;0,15;0;0;0;0;0;0;0;0;0;0;0;0;0;0
"humain";0;0;0;2,03;0,44;0,66;0;0;0;0;4,23;0,28;0;0;0;3,6;3,12;2,73;0
"courant";0;1,04;0;0;0,29;2,64;0;0;0;0;0;0;0;0;0;0;0;0,3;0
"décrire";0;0;0;0,68;0,29;0,99;0,2;0;0;0;0;0,56;0;0;0;0;0,45;0,3;0
"fantôme";0;0;0;0;0;0;0;0;0;0;0;0;0;0;0;0;0,45;2,73;0
