"";"X.typedemission_Collectiondémissionscomposites";"X.typedemission_Collectiondémissionssimples";"X.typedemission_Emissioncomposite";"X.typedemission_Emissionsimple";"X.typedemission_Emissionsimpleincluse";"X.typedemission_Episodeoupartiedunprogramme";"X.typedemission_Episodeoupartiedunprogrammeinclus";"X.typedemission_Tranchehoraire";"X.typedemission_Tranchehoraireincluse"
"devenir";-0,0205;2,1694;0,3752;-0,3135;-0,3286;-0,5379;-0,5918;0,3573;-0,0139
"lors";-0,0098;-0,1578;0,9027;-0,3708;-1,1686;2,2815;-0,5586;-0,1201;-0,0066
"accidentellement";-0,0116;-0,1865;-2,4787;8,4469;-2,1736;-0,6175;-0,6602;-0,142;-0,0078
"maloney";-0,0062;-0,1004;-1,3345;-2,7349;-2,1703;-0,3325;-0,3555;26,6975;-0,0042
"évolution";-0,0053;1,7995;-1,1439;0,3445;0,5579;-0,285;-0,3047;-0,0655;-0,0036
"substance";-0,0049;-0,0789;-1,0485;2,5709;-0,9478;0,3449;-0,2793;-0,06;-0,0033
"karim";-0,0062;-0,1004;-0,6875;4,7662;-2,1703;-0,3325;-0,3555;-0,0764;-0,0042
"vigi";-0,0062;-0,1004;-1,3345;6,1756;-2,1703;-0,3325;-0,3555;-0,0764;-0,0042
"rythmé";-0,0365;-0,5886;-7,8213;-14,3514;16,6709;-1,9483;6,8975;-0,4479;-0,0247
"unir";-0,0147;-0,2368;-0,463;1,9988;-0,3478;-0,7838;-0,838;-0,1802;-0,0099
"leurs";-0,0392;0,3729;0,4332;3,1352;-2,7507;0,2962;-1,436;-0,4807;-0,0265
"sortir";-0,012;-0,1937;-1,1148;1,9077;-0,8685;1,277;-0,6856;-0,1474;-0,0081
"commentaire";-0,0093;-0,1507;6,3799;-1,1257;-1,5683;-0,4987;-0,5332;-0,1146;-0,0063
"machine";-0,0044;1,9564;-0,9532;0,9583;-1,5501;1,0183;-0,2539;-0,0546;-0,003
"zorbb";-0,0049;-0,0789;-1,0485;-2,1488;5,75;-0,2612;-0,2793;-0,06;-0,0033
"réalisateur";-0,0044;-0,0717;0,2109;1,5003;-1,5501;0,3755;-0,2539;-0,0546;-0,003
"sentir";-0,0085;-0,1363;-1,8113;5,6293;-2,9455;0,5714;-0,4824;-0,1037;-0,0057
"peur";-0,0053;-0,0861;-1,1439;0,3445;0,5579;0,8821;-0,3047;-0,0655;-0,0036
"député";-0,0142;-0,2296;-0,425;7,5387;-4,9614;-0,76;-0,8126;-0,1747;-0,0096
"espèce";-0,0044;-0,0717;-0,4148;0,9583;-1,5501;1,866;-0,2539;-0,0546;-0,003
"toute";-0,0107;-0,1722;-0,5598;2,6267;-2,6678;0,8763;-0,6094;-0,131;1,7824
"affaire";-0,0111;-0,1794;0,6806;1,4641;-1,4802;-0,2125;-0,6348;-0,1365;-0,0075
"chronique";-0,0151;-0,2439;0,9346;4,3149;-5,2716;-0,8075;-0,8634;-0,1856;-0,0102
"vigier";-0,0062;-0,1004;-1,3345;6,1756;-2,1703;-0,3325;-0,3555;-0,0764;-0,0042
"ambre";-0,0231;-0,3731;28,83;-6,5067;-6,696;-1,2352;-1,3207;-0,284;-0,0157
"rick";-0,0058;-0,0933;-1,2392;-2,5395;6,7957;-0,3087;-0,3301;-0,071;-0,0039
"guerre";-0,0071;-0,1148;0,4088;0,2587;-0,3474;0,6817;-0,4062;-0,0873;-0,0048
"souvenir";-0,0071;-0,1148;-0,8326;-0,5929;-1,0039;7,5609;-0,4062;-0,0873;-0,0048
"demander";-0,0093;-0,1507;-0,4166;-1,1257;-0,2597;4,1431;-0,5332;0,6345;-0,0063
"parler";-0,0125;-0,2009;0,7668;1,715;-2,424;0,3533;-0,711;-0,1529;-0,0084
"fry";-0,0236;-0,3803;-5,054;12,4268;-6,8432;1,6645;-1,3461;-0,2894;-0,016
"penser";-0,0133;0,4081;-0,5718;1,384;-0,7986;0,6723;-0,7618;-0,1638;-0,009
"suivre";-0,0089;1,3777;1,5289;-0,429;-1,4516;0,54;-0,5078;-0,1092;-0,006
"superhéros";-0,0254;0,2146;-5,4356;-9,6158;13,4913;-1,354;2,8941;-0,3113;-0,0172
"évoquer";-0,0209;-0,3372;14,0467;-0,8485;-7,2882;-1,1164;-1,1936;-0,2566;-0,0142
"emploi";-0,0049;-0,0789;6,0997;-1,2885;-1,7052;-0,2612;-0,2793;-0,06;-0,0033
"tête";-0,0548;-0,1722;-7,154;-13,0727;14,3144;-1,4222;8,9483;-0,6721;-0,0371
"empêcher";-0,0049;0,7795;-0,2026;-1,2885;-0,5054;1,745;0,899;-0,06;-0,0033
"marcher";-0,0053;-0,0861;2,4474;-0,2615;-1,0715;-0,285;-0,3047;-0,0655;-0,0036
"possible";-0,0089;0,5508;-1,135;2,6537;-0,9715;-0,1477;-0,5078;-0,1092;-0,006
"hassaine";-0,0049;-0,0789;7,7611;-2,1488;-1,7052;-0,2612;-0,2793;-0,06;-0,0033
"théorie";-0,0071;0,634;-1,5252;5,5927;-2,4803;-0,38;-0,4062;-0,0873;-0,0048
"fou";-0,0085;1,4188;-1,8113;1,8127;-0,3249;-0,4512;-0,4824;-0,1037;-0,0057
"expérience";-0,0053;-0,0861;-0,245;1,5012;-0,5979;-0,285;-0,3047;-0,0655;-0,0036
"technologie";-0,0098;-0,1578;-0,4627;2,0879;-1,1686;0,4837;-0,5586;-0,1201;-0,0066
"observation";-0,0049;-0,0789;-0,4803;3,5429;-1,7052;-0,2612;-0,2793;-0,06;-0,0033
"sol";-0,0044;-0,0717;0,2109;0,5593;-1,5501;1,866;-0,2539;-0,0546;-0,003
"son";-0,1373;1,8681;-0,4849;0,6896;-5,0143;13,9229;-4,0478;0,2696;-0,093
"ligue";-0,0102;2,2162;-1,37;-3,3452;-1,8064;-0,5462;0,422;20,8302;-0,0069
"corps";-0,0111;-0,1794;-1,5298;0,8111;-0,4685;1,3832;0,3777;-0,1365;-0,0075
"minute";-0,0151;0,9718;-0,5024;-6,6432;8,422;-0,8075;-0,8634;-0,1856;-0,0102
"cette";-0,0427;-0,274;2,937;0,8026;-8,0571;1,8824;-0,2716;-0,1788;-0,0289
"solère";-0,0062;-0,1004;-1,3345;6,1756;-2,1703;-0,3325;-0,3555;-0,0764;-0,0042
"égyptien";-0,0049;-0,0789;-1,0485;4,852;-1,7052;-0,2612;-0,2793;-0,06;-0,0033
"sommaire";-0,0071;-0,1148;6,6871;-1,4371;-2,4803;-0,38;-0,4062;0,7395;-0,0048
"nadia";-0,008;-0,1291;12,7017;-3,5165;-2,7904;-0,4275;-0,457;-0,0983;-0,0054
"daam";-0,008;-0,1291;12,7017;-3,5165;-2,7904;-0,4275;-0,457;-0,0983;-0,0054
"reportage";-0,0151;-0,2439;5,481;0,4794;-4,0787;-0,8075;-0,8634;-0,1856;-0,0102
"explorer";-0,0062;-0,1004;0,2669;2,0986;-1,3248;-0,3325;-0,3555;-0,0764;-0,0042
"convaincre";-0,0062;-0,1004;-1,3345;-0,4142;-0,2338;3,246;0,2527;-0,0764;-0,0042
"si";-0,0223;2,042;-0,9485;2,1149;-1,3982;-0,6065;-0,6665;0,8888;-0,0151
"sa";-0,0913;0,913;-0,7081;-0,6952;-1,8394;16,1485;-2,6096;-1,1208;-0,0618
"se";-0,1552;-0,7522;-5,7792;3,7641;-0,6131;5,3346;-2,3289;-0,4357;-0,1051
"extraterrestre";-0,2682;-0,6334;-37,0452;3,7319;11,5326;-1,8538;0,4082;-1,7118;-0,1815
"internet";-0,012;-0,1937;2,5185;0,615;-4,186;0,3718;-0,6856;0,5409;-0,0081
"million";-0,0098;-0,1578;0,5925;2,6353;-2,392;-0,5225;-0,5586;-0,1201;-0,0066
"city";-0,0739;-1,1923;-15,8452;-27,3209;31,7118;-3,9468;13,6079;-0,9073;-0,05
"2";-0,0205;-0,3301;8,954;0,2889;-5,816;-1,0926;-1,1682;-0,2512;-0,0139
"plein";-0,045;-0,2961;-4,6865;-8,1381;11,9701;-2,4001;5,4299;-0,5518;-0,0304
"tendance";-0,0049;-0,0789;0,4285;1,8135;-1,7052;-0,2612;-0,2793;-0,06;-0,0033
"sophie";-0,0062;-0,1004;0,2669;2,8142;-2,1703;-0,3325;-0,3555;-0,0764;-0,0042
"aller";-0,0352;2,0126;1,2938;-1,1303;0,2888;-0,2305;-0,7776;-0,4315;-0,0238
"perdre";-0,0085;2,457;-0,3298;-1,3232;0,7391;-0,1356;-0,1512;-0,1037;-0,0057
"affirmer";-0,0102;-0,165;0,3143;2,9261;-3,5657;0,4583;-0,584;-0,1256;-0,0069
"semaine";-0,0125;-0,2009;2,9015;0,3594;-1,3259;-0,665;-0,711;-0,1529;-0,0084
"comédien";-0,0089;-0,1435;1,5289;1,586;-3,1006;-0,475;-0,5078;-0,1092;-0,006
"différent";-0,0067;0,6586;-0,7594;1,7911;-0,8978;0,2521;-0,3809;-0,0819;-0,0045
"extra_terrestre";-0,0187;3,221;-0,8585;-3,3969;0,7839;1,6406;1,0556;-0,2293;-0,0126
"inattendu";-0,0067;-0,1076;-1,4299;-2,9303;6,2851;-0,3562;-0,3809;0,7649;-0,0045
"monde";-0,1003;1,105;-7,513;-1,3328;4,9366;-1,7398;5,3116;-1,2304;-0,0679
"roger";-0,0445;-0,2917;-9,5397;-15,0536;23,2216;4,6884;-2,5408;-0,5463;-0,0301
"visiteur";-0,0116;-0,1865;-2,4787;3,8382;-4,0309;3,4925;-0,6602;-0,142;-0,0078
"naulleau";-0,0053;-0,0861;-1,1439;5,2932;-1,8602;-0,285;-0,3047;-0,0655;-0,0036
"lilia";-0,0049;-0,0789;7,7611;-2,1488;-1,7052;-0,2612;-0,2793;-0,06;-0,0033
"désert";-0,0125;1,1159;-2,6694;3,178;-0,4388;-0,665;-0,711;-0,1529;-0,0084
"humoriste";-0,0076;-0,122;4,185;-0,2386;-2,6354;-0,4037;-0,4316;-0,0928;-0,0051
"s";-0,098;2,9534;-0,9175;-0,3603;-2,3954;8,1453;-0,7126;0,2844;-0,0664
"seulement";-0,0044;1,9564;0,2109;-1,1286;0,8224;-0,2375;-0,2539;-0,0546;-0,003
"ceux";-0,0044;1,9564;-0,4148;0,2847;-0,1876;-0,2375;-0,2539;-0,0546;-0,003
"former";-0,0142;-0,2296;-1,4624;-3,9985;9,5534;-0,313;-0,8126;-0,1747;-0,0096
"situation";-0,0067;4,0726;-0,3881;-0,8271;0,5547;-0,3562;-0,3809;-0,0819;-0,0045
"perquisition";-0,0089;-0,1435;-1,9066;8,823;-3,1006;-0,475;-0,5078;-0,1092;-0,006
"twiste";-0,0125;-0,2009;-2,6694;-5,4706;-4,3411;-0,665;-0,711;53,503;-0,0084
"esprit";-0,0044;-0,0717;-0,9532;2,2116;-1,5501;0,3755;-0,2539;0,9277;-0,003
"succès";-0,0062;-0,1004;2,6642;0,4015;-2,1703;-0,3325;-0,3555;-0,0764;-0,0042
"tomber";-0,0129;0,4195;-0,8269;0,4623;0,6388;0,3359;-0,7364;-0,1583;-0,0087
"vouloir";-0,02;0,2802;1,043;-1,1851;-0,421;2,0367;-0,5734;-0,2457;-0,0136
"laisser";-0,0218;0,2557;-2,7481;0,6873;1,7093;0,312;-1,2445;-0,2676;-0,0148
"époque";-0,0116;-0,1865;-1,0477;-0,6586;3,0684;-0,2262;-0,6602;-0,142;-0,0078
"intervenir";-0,0396;0,3672;-5,2003;-15,6861;15,346;-2,1147;6,304;-0,4862;-0,0268
"télé";-0,0085;-0,1363;5,2635;-0,9;-1,3366;-0,4512;-0,4824;-0,1037;-0,0057
"origine";-0,0191;0,2937;-2,2803;3,4493;-1,5094;-0,4876;1,0216;-0,2348;-0,013
"italie";-0,0058;0,7139;3,8331;-0,6051;-2,0152;-0,3087;-0,3301;-0,071;-0,0039
"plusieurs";-0,0111;-0,1794;-0,3613;2,3601;-1,045;-0,2125;-0,6348;-0,1365;-0,0075
"édition";-0,0178;-0,287;22,4009;-5,3755;-4,9429;-0,9501;-1,0158;-0,2184;-0,012
"répondre";-0,0169;0,3314;-1,3735;-1,8522;6,6619;-0,9025;-0,965;-0,2075;-0,0114
"présenter";-0,0271;0,1972;1,3605;0,3446;-5,9532;-0,8026;-1,5494;14,9909;-0,0184
"chaîne";-0,0067;-0,1076;4,9709;-0,5006;-2,3253;-0,3562;-0,3809;-0,0819;-0,0045
"an";-0,0365;0,4095;0,4611;1,8799;-2,2616;0,8353;-2,0831;-0,1386;-0,0247
"au";0,6051;1,3864;2,8963;2,0039;-9,4654;1,3747;-4,0997;0,8631;1,7955
"spatial";-0,0089;-0,1435;1,5289;-1,4558;-0,6253;0,54;0,9938;-0,1092;-0,006
"écrivain";-0,012;-0,1937;-0,4411;1,5025;-0,2391;-0,6412;-0,6856;-0,1474;-0,0081
"terre";-0,0606;2,7246;-4,7965;3,164;-0,4741;0,3592;-0,961;-0,308;-0,041
"tv";-0,0062;-0,1004;0,9081;0,4015;-1,3248;-0,3325;-0,3555;1,8916;-0,0042
"criminalité";-0,0245;-0,3947;-5,2448;-10,7487;14,5742;-1,3065;3,0185;-0,3003;-0,0166
"projet";-0,0049;-0,0789;2,7467;-0,4066;-0,9478;-0,2612;-0,2793;-0,06;-0,0033
"retourner";-0,0044;-0,0717;0,2109;-0,6271;-0,4175;1,0183;0,9701;-0,0546;-0,003
"sans";-0,0187;2,3108;-0,2595;1,3307;-2,8236;-0,2134;0,3673;-0,2293;-0,0126
"animer";-0,0044;-0,0717;-0,4148;3,141;-1,5501;-0,2375;-0,2539;-0,0546;-0,003
"christophe";-0,024;-0,3875;-1,1443;14,9104;-8,3742;-1,2827;-1,3715;-0,2949;-0,0163
"espace";-0,0231;0,2392;3,3111;-5,646;1,143;-1,2352;0,7655;-0,284;-0,0157
"vie";-0,0539;-0,3889;2,5402;6,383;-10,4774;-0,961;-1,5344;-0,6611;-0,0365
"mort";1,789;-0,1148;0,4088;1,0864;-2,4803;0,6817;-0,4062;-0,0873;-0,0048
"teen";-0,0467;-0,7538;-8,5887;-20,5304;19,9754;-2,4952;9,8612;-0,5736;-0,0316
"tester";-0,0044;-0,0717;0,2109;2,2116;-1,5501;-0,2375;-0,2539;-0,0546;-0,003
"science";-0,0058;0,7139;3,8331;-1,0138;-1,1972;-0,3087;-0,3301;-0,071;-0,0039
"information";-0,0089;-0,1435;3,3083;-0,429;-3,1006;1,0589;-0,5078;-0,1092;-0,006
"notre";-0,0231;0,6789;-2,9864;3,3003;0,4128;-1,2352;-1,3207;-0,284;-0,0157
"débat";-0,0151;-0,2439;2,9823;1,8208;-5,2716;-0,8075;-0,8634;-0,1856;-0,0102
"signe";-0,0049;-0,0789;-0,2026;0,7692;-1,7052;1,745;-0,2793;-0,06;-0,0033
"visuel";-0,0138;-0,2224;-0,3884;7,1694;-4,8064;-0,7362;-0,7872;-0,1693;-0,0093
"boucherie";-0,0044;-0,0717;-0,9532;4,4109;-1,5501;-0,2375;-0,2539;-0,0546;-0,003
"personne";1,4295;0,3398;1,0167;0,8391;-1,3592;-0,3902;-0,9396;-0,202;-0,0111
"recette";-0,0062;-0,1004;-0,338;3,6869;-2,1703;-0,3325;-0,3555;-0,0764;-0,0042
"comprendre";-0,0218;0,2557;-2,1197;4,4791;-3,6493;1,8392;-0,3296;-0,2676;-0,0148
"jusqu_à";-0,0053;-0,0861;-0,5478;0,3445;-0,308;1,6373;-0,3047;-0,0655;-0,0036
"jeu";-0,0102;0,5002;2,0958;-0,6654;-0,5716;-0,5462;-0,584;0,6002;-0,0069
"avec";2,7293;-2,6795;-0,7752;0,4299;-0,5498;-0,7312;4,1722;-0,4091;-0,1536
"contre";-0,0436;-0,2828;-3,8588;-4,9296;6,6883;1,8199;1,2867;-0,5354;-0,0295
"diffusion";-0,0049;-0,0789;1,966;-0,4066;-0,9478;0,3449;-0,2793;-0,06;-0,0033
"dernier";-0,0227;-0,366;1,4889;2,3063;-3,8918;0,2886;-1,2953;-0,2785;-0,0154
"leçon";-0,0062;-0,1004;3,4698;-0,4142;-1,3248;-0,3325;-0,3555;-0,0764;-0,0042
"grandir";-0,0383;-0,6173;-6,858;-11,427;14,9751;-2,0434;6,5498;-0,4698;-0,0259
"plan";-0,0116;0,457;-0,4004;0,3196;-1,5878;3,4925;-0,251;-0,142;-0,0078
"toujours";-0,0174;0,8736;-0,3127;0,8825;-2,4827;3,051;-0,9904;-0,2129;-0,0117
"ahmed";-0,0044;-0,0717;7,0554;-1,9534;-1,5501;-0,2375;-0,2539;-0,0546;-0,003
"secte";-0,0067;-0,1076;1,2418;-2,9303;1,8157;-0,3562;-0,3809;-0,0819;-0,0045
"croire";-0,0125;-0,2009;-1,1828;2,63;-1,8077;1,2281;-0,711;0,5277;-0,0084
"ses";-0,1816;-1,4373;-19,5029;-12,3178;22,9531;-0,3015;12,7433;-0,9376;0,6081
"notamment";-0,0049;-0,0789;2,7467;-0,4066;-0,9478;-0,2612;-0,2793;-0,06;-0,0033
"europe";-0,0067;-0,1076;2,4152;0,5555;-2,3253;-0,3562;-0,3809;-0,0819;-0,0045
"incident";-0,0387;-0,2352;-8,2986;-9,7155;31,7889;-2,0672;-1,4147;-0,4752;-0,0262
"recherche";-0,0263;-0,4234;6,4314;-1,5445;-3,0389;1,0322;-0,2464;-0,3222;-0,0178
"garçon";-0,0102;1,2672;-0,5105;0,3346;0,2512;0,4583;-0,584;-0,1256;-0,0069
"environnement";-0,0138;0,3971;-2,9555;7,1694;-2,8066;-0,7362;0,2741;-0,1693;-0,0093
"robin";-0,0717;-1,1563;-15,3672;-29,53;34,0142;-3,8278;11,9345;-0,8799;-0,0485
"vol";-0,0044;-0,0717;-0,4148;-1,1286;-0,8267;6,9036;-0,2539;-0,0546;-0,003
"belhousse";-0,0067;-0,1076;10,5841;-2,9303;-2,3253;-0,3562;-0,3809;-0,0819;-0,0045
"35";-0,008;-0,1291;6,7447;-0,793;-2,7904;-0,4275;-0,457;-0,0983;-0,0054
"consacrer";-0,0098;-0,1578;2,2603;1,2152;-3,4107;-0,5225;-0,5586;-0,1201;-0,0066
"témoin";-0,0116;-0,1865;-1,0477;6,2679;-4,0309;0,3914;-0,6602;-0,142;-0,0078
"mystère";-0,0076;0,6111;-1,6206;1,7984;-1,7166;0,6419;0,6004;-0,0928;-0,0051
"kelly";-0,0053;-0,0861;-1,1439;5,2932;-1,8602;-0,285;-0,3047;-0,0655;-0,0036
"hôpital";-0,0044;-0,0717;-0,4148;-0,6271;-0,4175;4,0681;-0,2539;-0,0546;-0,003
"retrouver";-0,0289;-0,4665;-3,301;1,1964;-0,8605;7,4693;-1,651;-0,355;-0,0196
"couple";-0,0089;-0,1435;0,2399;-2,8151;-3,1006;-0,475;-0,5078;24,4433;-0,006
"victime";-0,0067;-0,1076;0,2285;0,3227;0,5547;-0,3562;-0,3809;-0,0819;-0,0045
"d";-0,2507;0,2952;-4,7211;-1,0517;4,572;-1,2962;5,1584;-3,0765;-0,1342
"personnalité";-0,0049;-0,0789;-0,2026;0,4389;0,3656;-0,2612;-0,2793;-0,06;-0,0033
"alexandre";-0,008;-0,1291;-1,7159;5,2348;-2,7904;0,6053;-0,457;-0,0983;-0,0054
"frère";-0,0076;-0,122;2,0011;-0,6905;-0,411;0,218;-0,4316;-0,0928;-0,0051
"t";-0,0125;-0,2009;-0,771;1,3422;-0,9492;0,733;0,3211;-0,1529;-0,0084
"directeur";-0,0098;0,5161;9,1956;-1,7292;-3,4107;-0,5225;-0,5586;-0,1201;-0,0066
"millénaire";-0,02;-0,3229;-4,2908;17,9533;-5,67;-1,0689;-1,1428;-0,2457;-0,0136
"bientôt";-0,0049;-0,0789;-1,0485;-0,4066;-0,5054;0,9463;2,6057;-0,06;-0,0033
"ailleurs";-0,008;-0,1291;0,5645;0,509;-1,8498;0,2032;0,5647;0,6936;-0,0054
"meilleur";-0,0067;-0,1076;-0,3881;1,7911;-0,8978;-0,3562;0,2336;-0,0819;-0,0045
"un";-0,5398;0,5972;-11,6099;10,2805;-1,8512;0,3332;0,3659;2,5417;-0,3654
"tard";-0,0053;-0,0861;-1,1439;0,3445;-0,5979;3,6098;-0,3047;-0,0655;-0,0036
"menace";-0,0058;-0,0933;-0,2903;-0,3343;-1,1972;1,5405;1,4676;-0,071;-0,0039
"coda";-0,0076;1,5089;-1,6206;-3,3211;5,9945;-0,4037;-0,4316;-0,0928;-0,0051
"tirailleur";-0,0044;-0,0717;7,0554;-1,9534;-1,5501;-0,2375;-0,2539;-0,0546;-0,003
"astronaute";-0,0182;0,308;-0,3713;7,2596;-5,0879;-0,9738;-1,0412;-0,2239;-0,0123
"pouvoir";-0,1266;-0,5024;-4,9631;1,1202;1,5993;-3,8427;3,7231;-0,8902;-0,0857
"découverte";-0,0151;0,3668;-0,764;0,8909;-3,1963;4,279;0,2347;-0,1856;-0,0102
"millier";-0,0071;-0,1148;-0,4403;3,5184;-1,5847;-0,38;-0,4062;-0,0873;-0,0048
"continuer";-0,008;-0,1291;0,3131;2,0741;-2,7904;0,6053;-0,457;-0,0983;-0,0054
"garder";-0,0044;-0,0717;0,504;-0,6271;-0,1876;1,0183;-0,2539;-0,0546;-0,003
"apparence";-0,0049;0,7795;-0,4803;-0,7509;-0,2448;1,745;0,3239;-0,06;-0,0033
"les";-0,264;1,2568;-2,3931;1,5348;0,2996;-0,5594;-0,3603;0,7356;-0,1417
"beaucoup";-0,0085;-0,1363;0,8105;2,3596;-2,9455;-0,4512;-0,4824;-0,1037;-0,0057
"marc";-0,0067;-0,1076;3,1555;0,3227;-2,3253;-0,3562;-0,3809;-0,0819;-0,0045
"on";-0,0343;-0,5526;0,9598;3,8324;-4,4291;-0,6653;-1,956;1,1419;-0,0232
"laëtitia";-0,0067;-0,1076;-1,4299;6,6168;-2,3253;-0,3562;-0,3809;-0,0819;-0,0045
"devant";-0,0044;-0,0717;0,2109;-0,318;-0,4175;1,0183;-0,2539;0,9277;-0,003
"pour";-0,2354;0,4393;0,7009;-1,2517;0,387;-0,6022;1,5709;-0,2902;-0,1593
"animal";-0,0102;-0,165;-0,8523;2,9261;-0,5716;-0,5462;-0,584;-0,1256;-0,0069
"pyramide";-0,0062;-0,1004;-1,3345;6,1756;-2,1703;-0,3325;-0,3555;-0,0764;-0,0042
"robot";-0,0165;-0,2655;-2,524;8,4343;-2,2605;-0,3902;-0,9396;-0,202;-0,0111
"comme";-0,0632;-0,2304;-5,7836;-2,6684;5,9511;-0,6427;3,3455;0,5819;-0,0428
"temps";-0,012;-0,1937;-0,7163;2,3719;-1,697;0,7658;-0,2663;-0,1474;-0,0081
"oeil";-0,0058;-0,0933;0,3121;-0,3343;-0,3766;1,5405;-0,3301;-0,071;-0,0039
"david";-0,0133;-0,2152;3,7126;0,3993;-2,0334;-0,7125;-0,7618;-0,1638;-0,009
"façon";-0,0044;0,8174;1,5104;-0,6271;-0,8267;-0,2375;-0,2539;0,9277;-0,003
"envoyer";-0,0071;0,634;0,4088;-0,9453;0,4676;0,2343;-0,4062;0,7395;-0,0048
"voyage";-0,0125;-0,2009;1,4487;0,5338;-4,3411;0,3533;1,1446;-0,1529;-0,0084
"06";-0,0053;-0,0861;5,407;-0,88;-1,8602;-0,285;-0,3047;-0,0655;-0,0036
"chien";-0,0076;-0,122;-0,4945;-1,5842;3,1815;-0,4037;-0,4316;0,7158;-0,0051
"face";-0,0085;0,5696;-0,3298;0,6623;-0,8767;-0,4512;0,5317;0,6727;-0,0057
"rouge";-0,0049;0,7795;-0,2026;0,4389;-0,2448;-0,2612;-0,2793;-0,06;-0,0033
"montrer";-0,0067;-0,1076;-0,3881;1,2813;-0,5281;0,2521;-0,3809;-0,0819;-0,0045
"lala";-0,0062;-0,1004;-1,3345;-2,7349;-2,1703;-0,3325;-0,3555;26,6975;-0,0042
"tenter";-0,0445;-0,7179;-8,1317;7,8128;-0,9479;-0,2531;0,2969;-0,5463;-0,0301
"attaquer";-0,0044;-0,0717;-0,9532;0,9583;0,4549;-0,2375;-0,2539;-0,0546;-0,003
"télévision";-0,0062;-0,1004;2,6642;-0,4142;-2,1703;-0,3325;0,728;-0,0764;-0,0042
"quitter";-0,0454;0,3014;-4,1391;-9,708;11,0732;-1,0611;5,364;-0,5572;-0,0307
"astrobiologiste";-0,0067;-0,1076;10,5841;-2,9303;-2,3253;-0,3562;-0,3809;-0,0819;-0,0045
"inviter";-0,0245;-0,3947;19,8264;-2,1457;-8,5293;-1,3065;-1,3969;0,3017;-0,0166
"ce";0,7754;0,4718;0,396;6,1521;-7,2784;0,6092;-2,1091;-0,2128;-0,054
"seuil";-0,0062;-0,1004;9,8783;-2,7349;-2,1703;-0,3325;-0,3555;-0,0764;-0,0042
"après";-0,0793;-1,2786;-5,9941;0,5794;2,7166;-0,7971;2,2042;-0,973;-0,0537
"ados";-0,0369;-0,5957;-5,5608;-16,2252;16,2253;-1,9721;6,8083;-0,4534;-0,025
"éléphant";-0,012;-0,1937;-2,5741;-5,2751;14,1172;-0,6412;-0,6856;-0,1474;-0,0081
"site";-0,0156;-0,2511;0,4162;2,031;-5,4267;2,6652;-0,8888;-0,1911;-0,0105
"paul";-0,0294;-0,4737;20,7748;-2,555;-8,7687;-0,2748;-1,6764;-0,3605;-0,0199
"politique";-0,0147;-0,2368;11,2288;-0,9861;-5,1165;-0,7838;-0,838;-0,1802;-0,0099
"crise";-0,0058;-0,0933;4,8555;-1,0138;-2,0152;0,2935;-0,3301;-0,071;-0,0039
"manège";-0,0049;-0,0789;-0,2026;0,7692;-0,2448;-0,2612;-0,2793;-0,06;-0,0033
"imedia";0,3569;-2,3154;-24,2379;0,8721;13,3254;-3,1502;0,4199;1,9081;0,489
"hier";-0,0058;-0,0933;9,1725;-2,5395;-2,0152;-0,3087;-0,3301;-0,071;-0,0039
"alliance";-0,0076;-0,122;-0,4945;4,843;-2,6354;-0,4037;-0,4316;-0,0928;-0,0051
"catherine";-0,0111;-0,1794;-0,9816;5,0129;-3,8759;0,8374;-0,6348;-0,1365;-0,0075
"lune";-0,0058;-0,0933;0,6132;-0,3343;-2,0152;-0,3087;2,3096;0,8217;-0,0039
"nommer";-0,0044;-0,0717;0,2109;0,2847;-0,1876;0,3755;-0,2539;-0,0546;-0,003
"milieu";-0,0053;-0,0861;-0,5478;0,3445;-0,308;0,8821;-0,3047;0,8538;-0,0036
"participer";-0,0053;-0,0861;0,3653;-0,5026;0,2942;0,8821;-0,3047;-0,0655;-0,0036
"seul";-0,0125;0,4314;-0,4832;1,0226;-0,6584;0,3533;-0,2818;-0,1529;-0,0084
"survivre";-0,0076;-0,122;-1,6206;-1,5842;5,9945;-0,4037;-0,4316;-0,0928;-0,0051
"tamaran";-0,0361;-0,5814;-7,7259;-15,834;17,1324;-1,9245;6,9882;-0,4424;-0,0244
"mauvais";-0,0071;-0,1148;2,1959;0,2587;-1,0039;-0,38;-0,4062;-0,0873;-0,0048
"chez";-0,0169;-0,2726;3,3959;-0,3272;-2,3711;0,4824;-0,4479;-0,2075;-0,0114
"chef";-0,0085;-0,1363;2,8543;0,424;-1,984;-0,4512;-0,4824;-0,1037;-0,0057
"hors";-0,0138;0,3971;-2,0204;-6,0569;10,2117;-0,298;-0,7872;0,4911;-0,0093
"communauté";-0,0067;-0,1076;0,8049;1,2813;-1,454;-0,3562;-0,3809;-0,0819;-0,0045
"servir";-0,0174;-0,2798;-3,7185;-1,5718;9,6107;-0,9263;-0,9904;-0,2129;-0,0117
"appeler";-0,0067;0,6586;0,4675;0,3227;-2,3253;2,1673;-0,3809;-0,0819;-0,0045
"falloir";-0,0116;3,0953;-1,0477;0,4891;0,2674;-0,2262;-0,6602;-0,142;-0,0078
"soucoupe";-0,008;0,5897;-1,7159;-0,793;3,5685;-0,4275;-0,457;-0,0983;-0,0054
"interview";-0,0396;-0,6388;22,6606;-1,3801;-9,8164;-1,336;-2,2611;-0,4862;-0,0268
"nombre";-0,0053;-0,0861;0,7041;1,0004;-1,8602;0,3177;-0,3047;-0,0655;-0,0036
"pizza";-0,0196;-0,3157;-4,1954;17,5214;-5,5241;-1,0451;-1,1174;-0,2403;-0,0133
"rire";-0,0058;0,7139;-1,2392;4,3559;-2,0152;-0,3087;-0,3301;-0,071;-0,0039
"l";1,157;1,3741;2,0129;-0,677;0,6406;-0,834;-3,6331;-1,0103;-0,4614
"alexis";-0,0058;-0,0933;-1,2392;5,7344;-2,0152;-0,3087;-0,3301;-0,071;-0,0039
"survivant";-0,008;-0,1291;-1,7159;5,2348;-2,7904;0,6053;-0,457;-0,0983;-0,0054
"enlever";-0,0071;-0,1148;-1,5252;-0,5929;1,5893;1,3;-0,4062;-0,0873;-0,0048
"responsable";-0,0053;-0,0861;-0,5478;0,6192;-1,0715;2,5522;-0,3047;-0,0655;-0,0036
"prendre";-0,0445;-0,7179;-2,972;7,8128;-1,7888;0,787;-2,5408;-0,5463;-0,0301
"alors";-0,028;-0,4521;-3,1487;5,5138;-2,5094;0,3633;0,833;-0,3441;-0,019
"livreur";-0,0191;-0,3085;-4,1;17,0897;-5,3785;-1,0213;-1,092;-0,2348;-0,013
"état";-0,0098;-0,1578;-0,4627;3,2645;-2,392;0,4837;-0,5586;-0,1201;-0,0066
"plaindre";-0,0044;-0,0717;0,2109;-0,6271;0,8224;0,3755;-0,2539;-0,0546;-0,003
"grave";-0,0481;-0,7753;-8,8633;-16,5197;18,7294;-2,5666;9,5708;-0,59;-0,0325
"avouer";-0,0044;-0,0717;-0,9532;-0,6271;-0,1876;4,0681;-0,2539;-0,0546;-0,003
"de";0,2852;0,3409;5,6556;18,8228;-23,1661;0,4641;-14,3346;-1,4014;-0,2742
"du";0,3283;-0,4953;12,5124;13,1016;-36,6219;-0,8965;-4,0992;-2,4311;-0,1864
"malgré";-0,0093;-0,1507;-2,0019;-2,1956;4,7738;1,0087;-0,5332;-0,1146;-0,0063
"déage";-0,0044;-0,0717;7,0554;-1,9534;-1,5501;-0,2375;-0,2539;-0,0546;-0,003
"bien";-0,0659;-0,25;-9,2273;-4,3807;11,9043;-0,9981;3,5468;-0,8088;1,0105
"auteur";-0,0249;-0,4019;16,0964;-1,5728;-5,2859;-1,3303;-1,4223;-0,3058;-0,0169
"bras";-0,0044;-0,0717;0,504;-0,318;-1,5501;2,8874;-0,2539;-0,0546;-0,003
"ils";0,4706;-1,4104;-18,3871;-9,4742;20,4095;1,0446;8,3194;-2,2013;-0,1214
"thierry";-0,0111;-0,1794;1,367;2,3601;-3,8759;-0,5937;-0,6348;-0,1365;-0,0075
"carbonnier";-0,0178;-0,287;28,2383;-7,816;-6,2023;-0,9501;-1,0158;-0,2184;-0,012
"bunny";-0,0071;-0,1148;-1,5252;-2,1218;-2,4803;-0,38;-0,4062;24,6284;1,9573
"raid";-0,0067;-0,1076;-1,4299;6,6168;-2,3253;-0,3562;-0,3809;-0,0819;-0,0045
"déclaration";-0,0111;-0,1794;7,6459;-0,5802;-3,8759;-0,5937;-0,6348;-0,1365;-0,0075
"contact";-0,0125;-0,2009;-0,4832;3,178;-3,2266;0,3533;0,3211;-0,1529;-0,0084
"the";-0,0085;-0,1363;1,6703;0,6623;-1,3366;-0,4512;-0,4824;-0,1037;-0,0057
"poser";-0,008;-0,1291;0,3131;-0,2964;0,5547;-0,4275;-0,1382;-0,0983;-0,0054
"lci";-0,0098;-0,1578;1,7368;1,6161;-3,4107;-0,5225;-0,5586;-0,1201;-0,0066
"bord";-0,0062;0,6852;-0,6875;-1,1515;1,501;-0,3325;0,728;-0,0764;-0,0042
"loin";-0,0053;0,7452;-0,245;-0,2615;-0,5979;1,6373;-0,3047;-0,0655;-0,0036
"connaître";-0,0142;1,0162;-0,2578;3,1635;-4,9614;0,6177;-0,8126;-0,1747;-0,0096
"peupler";-0,0116;-0,1865;-1,6104;8,4469;-2,9461;-0,6175;-0,6602;-0,142;-0,0078
"commencer";-0,0125;-0,2009;0,5126;2,1434;-3,2266;0,733;-0,711;-0,1529;-0,0084
"occasion";-0,008;-0,1291;1,8269;1,1295;-2,7904;-0,4275;-0,457;-0,0983;-0,0054
"sujet";-0,0151;-0,2439;2,9823;1,1575;-3,1963;-0,8075;-0,8634;-0,1856;-0,0102
"rentrer";-0,0053;-0,0861;-0,245;0,3445;0,2942;0,3177;-0,3047;-0,0655;-0,0036
"zone";-0,0049;-0,0789;2,7467;-0,7509;-0,9478;0,3449;-0,2793;-0,06;-0,0033
"donner";-0,0151;-0,2439;-0,5024;1,467;-0,5736;0,5682;-0,8634;-0,1856;-0,0102
"partager";-0,0053;-0,0861;1,7433;0,3445;-1,8602;0,3177;-0,3047;-0,0655;-0,0036
"quelques";-0,0102;-0,165;-0,5105;2,3531;-1,8064;-0,1858;0,422;-0,1256;-0,0069
"urgentiste";-0,0053;-0,0861;-0,5478;3,948;-1,8602;-0,285;-0,3047;-0,0655;-0,0036
"gilet";-0,0098;-0,1578;-2,0973;9,7055;-3,4107;-0,5225;-0,5586;-0,1201;-0,0066
"ciel";-0,0133;-0,2152;-0,5718;7,7764;-4,6513;-0,7125;-0,7618;-0,1638;-0,009
"finir";-0,0325;-0,5239;-6,9623;-6,6871;9,502;0,2608;4,2626;-0,3987;-0,022
"echoué";-0,0067;-0,1076;-1,4299;-2,9303;7,8414;-0,3562;-0,3809;-0,0819;-0,0045
"cas";-0,0133;-0,2152;5,0729;-0,5131;-3,509;-0,7125;0,2888;0,5028;-0,009
"car";-0,0085;0,5696;-0,3298;-0,5859;1,0751;-0,4512;-0,1512;-0,1037;-0,0057
"discussion";-0,0058;-0,0933;0,6132;1,7942;-2,0152;-0,3087;-0,3301;-0,071;-0,0039
"cours";-0,0098;-0,1578;-0,4627;1,2152;0,2954;-0,5225;-0,5586;-0,1201;-0,0066
"michel";-0,008;-0,1291;1,8269;0,509;-1,8498;-0,4275;-0,457;0,6936;-0,0054
"cafard";-0,0062;-0,1004;-1,3345;-2,7349;-2,1703;-0,3325;-0,3555;26,6975;-0,0042
"découvrir";-0,0325;0,9279;-2,2144;2,0992;-1,094;2,7954;-1,8544;-0,3987;-0,022
"forme";-0,0165;0,3398;-0,9198;5,2268;-2,2605;-0,8788;-0,4306;-0,202;-0,0111
"valérie";-0,0067;-0,1076;0,4675;2,413;-2,3253;-0,3562;-0,3809;-0,0819;-0,0045
"nom";-0,0053;0,7452;-0,245;0,3445;-0,5979;0,8821;-0,3047;-0,0655;-0,0036
"non";-0,0196;0,2868;0,4393;3,2194;-5,5241;1,0807;-1,1174;-0,2403;-0,0133
"emmener";-0,0044;0,8174;-0,4148;-0,6271;0,4549;1,0183;-0,2539;-0,0546;-0,003
"nos";-0,012;1,1434;-0,2564;0,8586;-0,5923;-0,6412;-0,6856;0,5409;-0,0081
"en";-0,341;-0,2838;5,5518;3,8661;-7,5576;-0,3547;-8,6513;0,3176;0,3848
"ex";-0,0062;-0,1004;-0,6875;2,8142;-1,3248;-0,3325;-0,3555;0,7922;-0,0042
"et";0,2928;0,9561;-11,3967;0,6372;1,5992;-0,4171;-0,3656;18,3637;0,9686
"album";-0,0067;-0,1076;-0,7594;5,1786;-2,3253;-0,3562;-0,3809;-0,0819;-0,0045
"marine";-0,0062;-0,1004;0,9081;-0,2195;-0,2338;-0,3325;-0,3555;-0,0764;-0,0042
"message";-0,0085;-0,1363;-0,608;-0,36;-1,3366;0,5714;4,2845;-0,1037;-0,0057
"incroyable";1,6929;1,3777;-1,9066;3,3221;-1,4516;-0,475;-0,5078;-0,1092;-0,006
"premier";-0,0298;-0,4808;4,0685;1,9814;-7,7503;0,3182;-1,7019;-0,3659;-0,0202
"presque";-0,0044;-0,0717;1,5104;-0,318;-0,4175;-0,2375;-0,2539;-0,0546;-0,003
"deux";-0,0231;-0,3731;-0,2603;-0,5974;0,9186;0,8483;-1,3207;0,3188;-0,0157
"ligne";-0,0044;-0,0717;0,504;1,5003;-1,5501;-0,2375;-0,2539;-0,0546;-0,003
"étrange";-0,0263;0,599;-5,6264;7,9581;-4,1887;1,4377;-0,4665;-0,3222;-0,0178
"disparaître";-0,0076;-0,122;-0,9068;-0,2386;-0,6958;4,8379;-0,4316;-0,0928;-0,0051
"secrétaire";-0,0129;-0,2081;-1,8552;11,0778;-4,4962;-0,6887;-0,7364;-0,1583;-0,0087
"joli";-0,0076;-0,122;-0,9068;-3,3211;5,9945;-0,4037;-0,4316;0,7158;-0,0051
"leur";-0,1763;-0,6501;-20,8989;-10,7829;25,2299;-1,1853;10,8654;-1,3827;1,5121
"sport";-0,0058;0,7139;0,6132;-0,3343;0,2366;-0,3087;-0,3301;-0,071;-0,0039
"3";-0,0223;-0,3588;1,9039;-3,9319;3,4651;-1,1877;-1,2699;-0,273;-0,0151
"vrai";-0,0071;-0,1148;0,7145;1,0864;-1,0039;-0,38;-0,4062;-0,0873;-0,0048
"près_de";-0,0076;0,6111;1,001;-1,0676;0,3939;0,218;-0,4316;-0,0928;-0,0051
"tropical";-0,0352;-0,202;-7,535;-15,4427;39,0692;-1,877;-2,0069;-0,4315;-0,0238
"maïa";-0,0165;-0,2655;26,1189;-7,2296;-5,7369;-0,8788;-0,9396;-0,202;-0,0111
"prétexte";-0,0356;0,4227;-7,6304;-15,6383;37,6193;-1,9007;-2,0323;-0,437;-0,0241
"explication";-0,0053;-0,0861;0,3653;0,3445;-0,5979;0,8821;-0,3047;-0,0655;-0,0036
"soir";-0,0085;-0,1363;4,3715;-0,9;-0,8767;-0,4512;-0,4824;-0,1037;-0,0057
"media";-0,0044;-0,0717;4,1578;-0,6271;-1,5501;-0,2375;-0,2539;-0,0546;-0,003
"fruit";-0,0049;0,7795;-1,0485;1,8135;-0,5054;-0,2612;-0,2793;-0,06;-0,0033
"glacier";-0,0116;-0,1865;-2,4787;-5,0797;13,5941;-0,6175;-0,6602;-0,142;-0,0078
"européen";-0,012;-0,1937;3,7141;0,615;-3,0861;-0,6412;-0,6856;-0,1474;-0,0081
"ami";-0,0174;0,3233;-1,4383;-0,7171;1,2996;-0,4221;1,1658;-0,2129;1,5738
"certains";1,6329;-0,165;-0,2882;1,8547;-1,2705;-0,1858;-0,584;-0,1256;-0,0069
"faire";-0,14;-0,2288;-3,3803;-0,5686;3,305;0,3906;0,4806;-0,6069;-0,0948
"héros";-0,0058;0,7139;0,3121;-0,3343;-0,3766;-0,3087;0,2738;-0,071;2,0471
"vilain";-0,0044;-0,0717;0,2109;1,5003;-1,5501;-0,2375;0,3539;-0,0546;-0,003
"vendre";-0,0062;-0,1004;-0,6875;-0,4142;1,0293;0,7723;-0,3555;-0,0764;-0,0042
"intervention";-0,0044;0,8174;0,2109;0,5593;-0,4175;-0,2375;-0,2539;-0,0546;-0,003
"loi";-0,0049;-0,0789;1,966;0,4389;-1,7052;-0,2612;-0,2793;-0,06;-0,0033
"chambre";-0,0049;0,7795;-0,4803;-1,2885;1,1058;0,9463;-0,2793;-0,06;-0,0033
"giorgio";-0,0085;-0,1363;-1,8113;8,3817;-2,9455;-0,4512;-0,4824;-0,1037;-0,0057
"vers";-0,0067;-0,1076;-0,7594;1,7911;-1,454;1,3732;-0,3809;-0,0819;-0,0045
"aile";-0,0361;-0,5814;-7,7259;-15,834;17,1324;-1,9245;6,9882;-0,4424;-0,0244
"médecin";-0,0085;-0,1363;-0,608;2,3596;-1,984;1,1127;-0,4824;-0,1037;-0,0057
"iran";-0,008;-0,1291;10,8299;-2,4662;-2,7904;-0,4275;-0,457;-0,0983;-0,0054
"aimer";-0,0071;1,5586;-0,2147;1,0864;-1,5847;0,2343;-0,4062;-0,0873;-0,0048
"vidéo";-0,0098;-0,1578;3,5212;0,2409;-3,4107;-0,1728;-0,5586;-0,1201;1,8199
"réalité";-0,0156;0,3574;0,6187;-0,6495;0,6427;0,25;-0,8888;-0,1911;-0,0105
"visage";-0,0067;-0,1076;0,8049;1,2813;-2,3253;0,2521;-0,3809;-0,0819;-0,0045
"posséder";-0,016;0,9305;-3,4324;-0,9673;2,0307;-0,855;2,4339;-0,1966;-0,0108
"suivant";-0,0053;-0,0861;-0,245;0,6192;-0,308;0,3177;-0,3047;-0,0655;-0,0036
"fr";-0,0044;1,9564;-0,9532;1,5003;-1,5501;-0,2375;-0,2539;0,9277;-0,003
"invasion";-0,0062;-0,1004;-0,338;-0,4142;1,0293;-0,3325;0,2527;-0,0764;-0,0042
"documentaire";-0,0049;-0,0789;4,7786;-1,2885;-0,9478;-0,2612;-0,2793;-0,06;-0,0033
"cet";-0,012;1,1434;-1,6916;1,9077;-3,0861;1,8906;0,3388;-0,1474;-0,0081
"ces";-0,0619;0,3996;-7,6372;-1,2409;9,3732;-1,7103;0,5752;-0,3184;-0,0419
"base";-0,0067;0,6586;-1,4299;-0,2804;-0,5281;2,1673;0,6816;-0,0819;-0,0045
"dire";-0,0156;0,9508;0,6187;0,4194;-1,1891;0,9448;-0,8888;-0,1911;-0,0105
"selon";-0,0182;-0,2942;-0,5587;6,497;-4,1277;-0,2031;-1,0412;-0,2239;-0,0123
"diffuser";-0,0125;-0,2009;1,8759;2,1434;-4,3411;-0,665;-0,711;-0,1529;-0,0084
"tf1";-0,0205;0,2738;9,7786;-1,5832;-7,133;1,4662;-1,1682;-0,2512;-0,0139
"téléspectateur";-0,0044;-0,0717;3,1048;-0,318;-1,5501;-0,2375;-0,2539;-0,0546;-0,003
"véritable";-0,008;-0,1291;-0,2893;2,0741;-1,2236;0,2032;-0,457;-0,0983;-0,0054
"charlotte";-0,0049;-0,0789;0,8106;1,2217;-1,7052;-0,2612;-0,2793;-0,06;-0,0033
"aussi";0,8251;0,5841;-4,7041;-8,4401;12,2416;-0,8261;2,7803;0,2301;-0,0476
"jour";-0,0156;-0,2511;1,1655;1,6577;-1,5727;-0,8313;-0,8888;-0,1911;-0,0105
"justice";-0,0049;-0,0789;-0,2026;2,5709;-1,7052;-0,2612;-0,2793;-0,06;-0,0033
"international";-0,0049;-0,0789;3,6766;-0,7509;-0,9478;-0,2612;-0,2793;-0,06;-0,0033
"événement";-0,0071;-0,1148;-0,2147;1,0864;-0,6101;-0,38;0,2164;-0,0873;-0,0048
"voler";-0,0396;-0,6388;-7,1301;-14,2786;17,7845;-2,1147;6,304;-0,4862;-0,0268
"culture";-0,0138;-0,2224;-0,3884;3,4461;-2,8066;-0,7362;-0,7872;2,1722;-0,0093
"portrait";-0,0062;-0,1004;0,2669;-1,1515;0,6579;0,7723;-0,3555;0,7922;-0,0042
"effet";-0,0062;-0,1004;0,5351;-0,2195;-0,2338;0,2717;-0,3555;-0,0764;-0,0042
"sophia";-0,0044;-0,0717;-0,9532;4,4109;-1,5501;-0,2375;-0,2539;-0,0546;-0,003
"créature";-0,0151;0,9718;-3,2416;10,4628;-5,2716;-0,3434;-0,8634;-0,1856;-0,0102
"planète";-0,0708;1,3216;-9,2609;-8,0691;15,2222;-0,8381;3,5542;-0,869;-0,0479
"docteur";-0,0049;-0,0789;-0,4803;0,4389;-0,2448;0,9463;-0,2793;-0,06;-0,0033
"grand";-0,0361;0,416;4,0705;0,5144;-2,1832;-0,7255;-2,0577;-0,4424;-0,0244
"000";-0,0062;0,6852;-0,6875;-0,4142;1,501;-0,3325;-0,3555;-0,0764;-0,0042
"coup";-0,0049;-0,0789;0,4285;0,2162;-0,2448;0,3449;-0,2793;-0,06;-0,0033
"autres";-0,0574;-0,4276;-8,5508;-2,6844;7,6397;-0,3311;3,8911;-0,7049;-0,0389
"pierre";-0,0098;-0,1578;2,2603;-0,3708;-3,4107;-0,5225;-0,5586;5,1786;-0,0066
"jouer";-0,0062;0,6852;-0,6875;0,6757;-0,2338;0,2717;-0,3555;-0,0764;-0,0042
"jamais";-0,0071;-0,1148;0,7145;1,5336;-2,4803;0,2343;-0,4062;-0,0873;-0,0048
"être";-0,6712;2,4825;-3,1285;3,6156;-0,6747;0,6324;-2,3393;0,3932;-0,4543
"hapsatou";-0,0049;-0,0789;-1,0485;4,852;-1,7052;-0,2612;-0,2793;-0,06;-0,0033
"pauline";-0,0085;-0,1363;13,4076;-3,7118;-2,9455;-0,4512;-0,4824;-0,1037;-0,0057
"cryogénisé";-0,0191;-0,3085;-4,1;17,0897;-5,3785;-1,0213;-1,092;-0,2348;-0,013
"rester";-0,0142;-0,2296;-0,2578;1,1131;-1,2942;0,6177;-0,3461;0,4799;-0,0096
"visite";-0,0085;-0,1363;-0,608;1,8127;-1,3366;1,1127;-0,4824;-0,1037;-0,0057
"structure";-0,0062;-0,1004;-1,3345;6,1756;-2,1703;-0,3325;-0,3555;-0,0764;-0,0042
"peut_être";-0,0067;0,6586;-1,4299;1,7911;-0,2882;-0,3562;-0,3809;-0,0819;-0,0045
"utiliser";-0,0093;-0,1507;-0,4166;1,0169;-0,4412;0,5109;-0,5332;-0,1146;-0,0063
"rencontre";1,5641;0,4439;0,8356;1,5025;-3,0861;-0,2402;-0,6856;-0,1474;-0,0081
"supervilains";-0,0062;-0,1004;-1,3345;-2,7349;-2,1703;-0,3325;-0,3555;26,6975;-0,0042
"suite";-0,008;0,5897;-0,5504;4,244;-2,7904;-0,4275;-0,457;-0,0983;-0,0054
"scientologie";-0,0071;-0,1148;-1,5252;-3,1257;8,3643;-0,38;-0,4062;-0,0873;-0,0048
"apprendre";-0,0049;-0,0789;-0,2026;-0,4066;-0,5054;2,7097;-0,2793;-0,06;-0,0033
"avoir";1,2221;-2,9186;-3,171;-2,6103;7,2693;-2,8629;7,7897;-2,5823;-0,4379
"michael";-0,0049;-0,0789;1,3225;-0,4066;-0,2448;-0,2612;-0,2793;-0,06;-0,0033
"élection";-0,0062;-0,1004;8,1141;-1,7829;-2,1703;-0,3325;-0,3555;-0,0764;-0,0042
"jump";-0,0365;-0,5886;-7,8213;-16,0296;16,6709;-1,9483;7,6275;-0,4479;-0,0247
"cela";-0,0058;-0,0933;0,6132;0,8217;-1,1972;0,2935;-0,3301;-0,071;-0,0039
"gens";-0,0076;-0,122;-0,9068;3,8788;-1,7166;-0,4037;-0,4316;0,7158;-0,0051
"danger";-0,0418;0,3401;-8,9669;-15,2101;15,7092;-0,3612;5,9199;-0,5135;-0,0283
"français";-0,0231;-0,3731;4,2967;0,8377;-6,696;-1,2352;-1,3207;3,3186;-0,0157
"gitan";-0,0062;-0,1004;-1,3345;6,1756;-2,1703;-0,3325;-0,3555;-0,0764;-0,0042
"volant";-0,0129;0,4195;-1,8552;1,198;0,8869;-0,6887;-0,7364;-0,1583;-0,0087
"entrer";-0,0071;-0,1148;0,4088;0,2587;-0,3474;0,6817;-0,4062;-0,0873;-0,0048
"heure";-0,0076;-0,122;-0,2509;1,7984;-1,7166;-0,4037;0,6004;-0,0928;-0,0051
"également";1,715;0,5696;0,8105;-0,36;-0,5502;-0,1356;-0,4824;-0,1037;-0,0057
"rencontrer";-0,0111;0,4707;-2,3834;1,4641;-0,7145;0,4123;-0,2359;1,4126;-0,0075
"représentant";-0,0049;-0,0789;-1,0485;3,5429;-1,7052;0,3449;-0,2793;-0,06;-0,0033
"avocat";-0,0111;-0,1794;0,2481;3,5282;-2,05;-0,5937;-0,6348;-0,1365;-0,0075
"cause";-0,0049;-0,0789;0,8106;-0,7509;0,6765;-0,2612;-0,2793;-0,06;-0,0033
"université";-0,0067;-0,1076;3,1555;-1,2927;-0,8978;-0,3562;0,6816;-0,0819;-0,0045
"lancer";-0,0093;-0,1507;0,6576;-0,5031;0,3467;0,5109;-0,5332;-0,1146;-0,0063
"ovni";-0,0316;-0,5096;0,498;3,7479;-2,063;-1,6868;-0,6481;-0,3878;-0,0214
"adopter";-0,0383;-0,6173;-6,858;-13,721;15,7678;-1,277;6,5498;-0,4698;-0,0259
"sy";-0,0107;-0,1722;3,7333;0,6591;-3,7208;-0,57;-0,6094;-0,131;-0,0072
"liste";-0,0049;-0,0789;-0,2026;1,2217;-0,9478;0,3449;-0,2793;-0,06;-0,0033
"âge";-0,0062;-0,1004;-0,6875;1,5138;-1,3248;1,453;-0,3555;-0,0764;-0,0042
"jaune";-0,0102;0,5002;-2,1926;8,5284;-3,5657;-0,5462;-0,584;-0,1256;-0,0069
"maintenant";-0,0058;-0,0933;-0,6169;0,4988;-1,1972;1,5405;0,7792;-0,071;-0,0039
"laurent";-0,0049;-0,0789;1,966;0,4389;-1,7052;-0,2612;-0,2793;-0,06;-0,0033
"réaliser";-0,0098;-0,1578;0,9027;0,8812;-2,392;-0,5225;-0,5586;2,6013;-0,0066
"courir";-0,0418;-0,6747;-8,9669;-10,8821;12,8276;-0,5901;5,9199;0,9443;-0,0283
"rubrique";-0,0053;-0,0861;1,1631;1,0004;-1,8602;-0,285;-0,3047;-0,0655;-0,0036
"trouver";-0,0254;0,6204;-2,6991;1,0376;-1,9717;5,142;0,3903;-0,3113;-0,0172
"mohammed";-0,0049;-0,0789;-1,0485;4,852;-1,7052;-0,2612;-0,2793;-0,06;-0,0033
"j";-0,0062;-0,1004;-1,3345;6,1756;-2,1703;-0,3325;-0,3555;-0,0764;-0,0042
"média";-0,0058;-0,0933;2,1922;0,4988;-2,0152;-0,3087;-0,3301;-0,071;-0,0039
"preuve";-0,0147;-0,2368;-3,1462;12,7883;-5,1165;-0,7838;-0,3627;-0,1802;-0,0099
"macron";-0,0067;-0,1076;8,7904;-1,9516;-2,3253;-0,3562;-0,3809;-0,0819;-0,0045
"luc";-0,0133;-0,2152;-0,5718;7,7764;-4,6513;-0,7125;-0,7618;-0,1638;-0,009
"lui";-0,0597;0,4243;-4,6628;0,5302;-0,4236;11,5042;-2,4473;-0,7322;-0,0404
"ukrainien";-0,0049;-0,0789;7,7611;-2,1488;-1,7052;-0,2612;-0,2793;-0,06;-0,0033
"police";-0,016;-0,2583;-2,4393;7,1792;-2,1512;-0,855;-0,9142;1,1291;-0,0108
"animateur";-0,0071;-0,1148;2,8799;0,4562;-2,4803;-0,38;-0,4062;-0,0873;-0,0048
"paranormal";1,9918;0,8174;0,2109;0,5593;-0,8267;-0,2375;-0,2539;-0,0546;-0,003
"vinci";-0,0116;-0,1865;-2,4787;-5,0797;13,5941;-0,6175;-0,6602;-0,142;-0,0078
"carrière";-0,0044;-0,0717;0,504;0,9583;-0,8267;-0,2375;-0,2539;-0,0546;-0,003
"examiner";-0,0071;-0,1148;-1,5252;5,5927;-2,4803;0,2343;-0,4062;-0,0873;-0,0048
"46";-0,0062;-0,1004;5,4589;-0,7135;-2,1703;-0,3325;-0,3555;-0,0764;-0,0042
"femme";-0,0223;0,2501;0,4024;1,7912;-3,1459;1,7935;-1,2699;-0,273;-0,0151
"région";-0,0044;-0,0717;0,9366;0,2847;-0,4175;-0,2375;-0,2539;-0,0546;-0,003
"moins";-0,0049;-0,0789;-0,2026;1,8135;-1,7052;0,3449;-0,2793;-0,06;-0,0033
"persuader";-0,0111;-0,1794;-1,5298;-0,3808;1,3528;1,3832;-0,6348;-0,1365;-0,0075
"yacine";-0,0067;-0,1076;10,5841;-2,9303;-2,3253;-0,3562;-0,3809;-0,0819;-0,0045
"général";-0,0187;-0,3014;-2,951;6,1012;-5,2331;3,5169;-1,0666;-0,2293;-0,0126
"eau";-0,0258;-0,4162;-4,3477;-6,631;20,4984;-0,7481;-1,4731;-0,3167;-0,0175
"étude";-0,0044;-0,0717;1,5104;0,2847;-1,5501;-0,2375;0,3539;-0,0546;-0,003
"laporte";-0,0053;-0,0861;-1,1439;5,2932;-1,8602;-0,285;-0,3047;-0,0655;-0,0036
"inconnu";-0,0049;-0,0789;-0,2026;0,2162;-0,9478;2,7097;-0,2793;-0,06;-0,0033
"chercher";-0,0125;-0,2009;-0,2871;-0,2496;-0,4388;1,2281;0,3211;-0,1529;-0,0084
"eric";-0,0209;-0,3372;2,2004;3,9609;-7,2882;-1,1164;-1,1936;-0,2566;-0,0142
"pernin";-0,0044;-0,0717;7,0554;-1,9534;-1,5501;-0,2375;-0,2539;-0,0546;-0,003
"arrêter";-0,0053;-0,0861;0,3653;-0,5026;0,5579;0,3177;-0,3047;-0,0655;-0,0036
"star";-0,012;-0,1937;2,5185;0,4199;-1,697;-0,2402;-0,6856;-0,1474;-0,0081
"fois";-0,0356;-0,5742;-2,6531;-4,6473;7,0365;-0,4218;2,7418;-0,437;-0,0241
"parole";-0,0125;-0,2009;1,4487;1,715;-3,2266;-0,2543;-0,711;-0,1529;-0,0084
"aider";-0,0067;0,6586;-1,4299;0,8724;0,3142;0,2521;-0,3809;-0,0819;-0,0045
"aux";-0,0873;0,9805;9,6926;1,2222;-8,4743;-1,7093;-3,8753;-0,2547;-0,0591
"siècle";-0,0053;-0,0861;-1,1439;3,948;-1,8602;0,3177;-0,3047;-0,0655;-0,0036
"voix";-0,0067;0,6586;0,8049;0,5555;-1,454;0,2521;-0,3809;-0,0819;-0,0045
"réputation";-0,0089;-0,1435;10,6021;-2,0398;-3,1006;-0,475;-0,5078;-0,1092;-0,006
"voir";-0,0254;1,1745;0,6563;1,2597;-3,3561;1,0884;-0,8009;-0,3113;-0,0172
"légende";-0,008;-0,1291;0,5645;1,5582;-1,2236;-0,4275;-0,457;-0,0983;-0,0054
"force";-0,0085;-0,1363;-0,3298;0,424;0,2784;-0,1356;-0,1512;-0,1037;-0,0057
"histoire";1,2769;1,2506;-0,2825;3,5292;-3,4871;-0,3379;-1,3461;-0,2894;-0,016
"new";-0,0062;-0,1004;4,3966;-0,7135;-1,3248;-0,3325;-0,3555;-0,0764;-0,0042
"propre";-0,0418;-0,6747;-8,9669;-9,215;14,226;-0,9297;5,9199;-0,5135;-0,0283
"aujourd_hui";-0,0503;-0,8113;-4,3323;-5,8065;10,5175;-2,6855;4,6983;-0,2314;-0,0341
"omar";-0,0058;-0,0933;9,1725;-2,5395;-2,0152;-0,3087;-0,3301;-0,071;-0,0039
"arme";-0,0044;-0,0717;-0,4148;1,5003;-0,8267;0,3755;-0,2539;-0,0546;-0,003
"dettinger";-0,0191;-0,3085;-4,1;18,9754;-6,6676;-1,0213;-1,092;-0,2348;-0,013
"quotidien";-0,0111;-0,1794;0,9919;1,8801;-2,05;-0,5937;-0,6348;-0,1365;-0,0075
"géant";-0,0085;0,5696;-0,3298;1,3515;-0,5502;-0,4512;-0,4824;-0,1037;-0,0057
"quoi";-0,0138;-0,2224;-2,0204;-3,0596;9,1028;-0,298;-0,7872;-0,1693;-0,0093
"suggérer";-0,0058;-0,0933;-1,2392;5,7344;-2,0152;-0,3087;-0,3301;-0,071;-0,0039
"afin";-0,0093;0,533;-0,4166;0,7131;-0,4412;0,5109;-0,5332;-0,1146;-0,0063
"famille";-0,0165;0,9109;-0,6277;0,6303;-0,7553;1,8968;-0,9396;-0,202;-0,0111
"vivre";-0,0187;0,3007;0,513;1,9667;-2,8236;0,7372;-1,0666;-0,2293;-0,0126
"comportement";-0,0076;0,6111;-1,6206;6,0085;-2,6354;-0,4037;-0,4316;-0,0928;-0,0051
"aide";-0,0076;-0,122;-0,9068;0,6099;0,3939;0,218;0,2008;-0,0928;-0,0051
"créer";-0,0107;1,234;0,4809;-0,5059;0,3605;-0,199;-0,6094;-0,131;-0,0072
"acteur";-0,0165;-0,2655;12,4895;-1,3664;-5,7369;-0,3902;-0,9396;-0,202;-0,0111
"surprise";-0,0044;0,8174;-0,4148;0,5593;-0,4175;-0,2375;0,3539;-0,0546;-0,003
"sauver";-0,0557;-0,4081;-9,2277;-17,2656;18,3582;-1,4577;10,1713;-0,683;-0,0377
"entraîner";-0,0378;-0,6101;-6,7674;-13,5354;16,1893;-2,0196;6,6345;-0,4643;-0,0256
"attaque";-0,0107;0,485;-1,4496;1,2578;-0,6416;1,4408;-0,6094;-0,131;-0,0072
"école";-0,0111;2,1133;0,9919;-0,8446;0,3108;-0,5937;-0,6348;-0,1365;-0,0075
"chroniqueur";-0,0552;-0,8903;33,2191;-1,0895;-19,2424;-2,9472;-3,1512;-0,6775;-0,0374
"syndicat";-0,0062;-0,1004;-1,3345;6,1756;-2,1703;-0,3325;-0,3555;-0,0764;-0,0042
"avion";-0,0049;-0,0789;1,3225;-1,2885;-1,7052;3,8244;-0,2793;-0,06;-0,0033
"terrestre";-0,0067;-0,1076;-0,7594;0,5555;0,5547;-0,3562;0,2336;-0,0819;-0,0045
"don";-0,0044;0,8174;-0,4148;2,2116;-1,5501;-0,2375;-0,2539;-0,0546;-0,003
"doo";-0,0049;-0,0789;-1,0485;-2,1488;0,6765;-0,2612;4,9198;-0,06;-0,0033
"christopher";-0,0062;-0,1004;-1,3345;-1,7829;-2,1703;15,4479;-0,3555;-0,0764;-0,0042
"traverser";-0,0071;-0,1148;-1,5252;-2,1218;6,7807;-0,38;-0,4062;-0,0873;-0,0048
"julien";-0,024;-0,3875;31,8959;-7,859;-8,3742;-1,2827;-1,3715;0,3073;-0,0163
"cabrol";-0,0102;-0,165;14,2544;-3,3452;-3,5657;-0,5462;-0,584;-0,1256;-0,0069
"02";-0,0098;-0,1578;11,9302;-2,3532;-3,4107;-0,5225;-0,5586;-0,1201;-0,0066
"03";-0,0062;-0,1004;5,4589;-0,7135;-2,1703;-0,3325;-0,3555;-0,0764;-0,0042
"00";-0,0151;-0,2439;2,9823;1,8208;-5,2716;-0,8075;-0,8634;-0,1856;-0,0102
"01";-0,0116;-0,1865;9,2915;-0,9399;-4,0309;-0,6175;-0,6602;-0,142;-0,0078
"07";-0,0085;-0,1363;5,2635;-0,36;-2,9455;-0,4512;-0,4824;-0,1037;-0,0057
"04";-0,0076;-0,122;6,146;-0,6905;-2,6354;-0,4037;-0,4316;-0,0928;-0,0051
"05";-0,008;-0,1291;2,4177;0,7817;-2,7904;-0,4275;-0,457;-0,0983;-0,0054
"08";-0,0076;-0,122;1,4564;1,3156;-2,6354;-0,4037;-0,4316;-0,0928;-0,0051
"09";-0,0089;-0,1435;7,9602;-1,011;-3,1006;-0,475;-0,5078;-0,1092;-0,006
"sorte";-0,0058;0,7139;-0,6169;-1,0138;0,4607;2,4111;-0,3301;-0,071;-0,0039
"confronter";1,9918;-0,0717;-0,4148;-1,1286;-0,1876;1,0183;0,9701;-0,0546;-0,003
"une";0,9977;0,4813;-15,0809;-5,1387;14,5305;2,6241;3,5923;-3,2322;0,2738
"scientifique";-0,0169;-0,2726;0,6949;0,9794;-2,3711;-0,4061;0,7761;0,4204;-0,0114
"mathieu";-0,0053;-0,0861;5,407;-0,88;-1,8602;-0,285;-0,3047;-0,0655;-0,0036
"il";0,3117;4,0233;-4,4661;-1,022;1,5543;2,3962;1,1248;-2,5976;-0,1967
"amour";-0,0062;-0,1004;0,5351;1,0433;-1,3248;0,2717;-0,3555;-0,0764;-0,0042
"théoricien";-0,0125;-0,2009;-2,6694;12,3535;-4,3411;-0,665;-0,711;-0,1529;-0,0084
"quand";-0,0151;0,9718;-0,764;1,467;-0,8088;0,2625;-0,3794;-0,1856;-0,0102
"livre";-0,0151;-0,2439;9,7274;-1,4105;-2,4993;-0,8075;-0,8634;-0,1856;-0,0102
"elle";-0,1208;0,3399;1,9158;0,837;-10,5854;13,8442;-2,7721;-1,4824;-0,0818
"vieux";-0,0067;1,6119;-1,4299;0,3227;-0,2882;1,3732;-0,3809;-0,0819;-0,0045
"kid";-0,0058;4,3421;-0,6169;-2,5395;1,204;-0,3087;-0,3301;0,8217;-0,0039
"neptuna";-0,0044;6,5608;-0,9532;-1,9534;0,8224;-0,2375;-0,2539;-0,0546;-0,003
"nicolas";-0,0044;-0,0717;0,9366;0,5593;-1,5501;-0,2375;-0,2539;0,9277;-0,003
"royal";-0,0049;-0,0789;1,3225;0,7692;-1,7052;-0,2612;-0,2793;-0,06;-0,0033
"musique";-0,0062;-0,1004;0,9081;0,6757;-2,1703;-0,3325;-0,3555;1,8916;-0,0042
"revel";-0,0053;-0,0861;-1,1439;5,2932;-1,8602;-0,285;-0,3047;-0,0655;-0,0036
"super";-0,053;-0,8544;-8,6961;-15,1564;18,3292;-2,8283;9,9996;-0,6502;-0,0359
"magazine";-0,0067;-0,1076;2,4152;0,5555;-2,3253;-0,3562;-0,3809;-0,0819;-0,0045
"maître";-0,0067;-0,1076;1,2418;-1,9516;1,2998;-0,3562;-0,3809;-0,0819;-0,0045
"lieu";-0,0076;0,6111;-1,6206;-0,6905;0,3939;2,8141;-0,4316;0,7158;-0,0051
"batman";-0,0467;-0,7538;-10,0171;-20,5304;20,8144;-2,4952;9,8612;-0,5736;-0,0316
"très";-0,0356;1,9903;-0,431;-0,4328;1,4413;-1,1603;-2,0323;0,1977;-0,0241
"mystérieux";1,5335;-0,2081;-2,7648;2,8955;-1,9199;1,1815;0,3045;-0,1583;-0,0087
"petit";-0,111;0,6463;-8,0369;-13,8375;47,1824;-2,5914;-6,3342;-1,3619;-0,0751
"décider";-0,0156;0,3574;-1,6792;0,4194;-0,6318;4,1709;-0,3963;-0,1911;-0,0105
"corbière";-0,0058;-0,0933;-1,2392;5,7344;-2,0152;-0,3087;-0,3301;-0,071;-0,0039
"dieu";-0,0085;-0,1363;0,2741;3,746;-2,9455;-0,4512;-0,4824;-0,1037;-0,0057
"chrono";-0,0125;-0,2009;-1,1828;-5,4706;11,3125;-0,665;-0,711;-0,1529;-0,0084
"mazaurette";-0,0182;-0,2942;28,9448;-8,0115;-6,3574;-0,9738;-1,0412;-0,2239;-0,0123
"laure";-0,024;-0,3875;-3,9951;-9,052;-8,3742;63,3029;-1,3715;-0,2949;-0,0163
"ville";-0,0133;-0,2152;-0,8839;0,3993;0,7966;-0,2833;-0,7618;0,5028;1,6864
"etats";-0,0062;-0,1004;0,5351;-0,2195;0,3806;-0,3325;-0,3555;-0,0764;-0,0042
"accompagner";-0,0067;0,6586;-0,7594;0,3227;-0,5281;2,1673;-0,3809;-0,0819;-0,0045
"voiture";-0,0058;-0,0933;0,6132;-1,616;-1,1972;4,5528;-0,3301;0,8217;-0,0039
"boy";-0,0263;1,7961;-5,6264;-11,5308;12,5175;-1,4016;2,776;-0,3222;-0,0178
"père";-0,0147;-0,2368;-1,5341;0,3816;-2,3812;10,5052;-0,838;-0,1802;-0,0099
"bon";-0,0089;1,3777;0,73;0,8321;-1,4516;-0,475;-0,5078;-0,1092;-0,006
"margot";-0,0053;-0,0861;6,7684;-2,3442;-1,0715;-0,285;-0,3047;-0,0655;-0,0036
"univers";-0,0436;0,3201;-5,9384;-7,6994;11,5929;-2,3288;5,6336;-0,5354;-0,0295
"france";-0,0476;-0,3233;22,2833;-0,8396;-11,3159;-1,6963;-2,7188;-0,5846;-0,0322
"équipe";3,4163;-0,2009;0,5126;-0,2496;-1,8077;0,3533;1,1446;-0,1529;-0,0084
"vous";-0,0249;-0,4019;-0,9439;14,5891;-8,6845;-1,3303;-1,4223;-0,3058;-0,0169
"militaire";-0,0111;-0,1794;-0,9816;-0,8446;-1,045;8,8634;-0,6348;0,5691;-0,0075
"sous";-0,0142;-0,2296;-0,6655;1,1131;-3,7931;5,4064;-0,8126;0,4799;-0,0096
"agent";-0,0058;0,7139;0,3121;0,4988;-0,6944;0,2935;-0,3301;-0,071;-0,0039
"mal";-0,0058;-0,0933;-0,2903;0,4988;0,2366;0,2935;-0,3301;-0,071;-0,0039
"avant";-0,0102;0,5002;-0,2882;0,7627;-0,5716;0,4583;-0,584;-0,1256;-0,0069
"nous";-0,0436;-0,2828;-0,7784;9,4192;-13,5692;2,2322;-2,4899;-0,1848;2,6699
"spécialiste";-0,0178;-0,287;15,4356;-3,1113;-3,2277;-0,9501;-1,0158;-0,2184;-0,012
"mais";0,5621;1,4636;-14,3889;-9,6562;17,4068;0,9564;3,9721;-1,0113;-0,0942
"main";-0,0058;-0,0933;-0,2903;-0,3343;-0,3766;2,4111;-0,3301;-0,071;-0,0039
"nouveau";-0,0579;-0,4325;0,7122;6,2957;-6,2958;-0,762;-0,8756;-0,7103;1,0642
"ancien";-0,0726;-0,6;-4,1072;18,2836;-5,3593;-2,1586;-0,5417;-0,8909;-0,0491
"agir";-0,0138;2,8003;0,3845;-0,3988;-1,2049;1,0951;-0,3298;-0,1693;-0,0093
"homme";-0,0441;0,3153;0,976;2,8809;-6,9654;2,1971;-2,5153;-0,1878;-0,0298
"ministre";-0,0125;-0,2009;4,8692;0,5338;-4,3411;-0,665;-0,711;-0,1529;-0,0084
"chanson";-0,0089;-0,1435;1,0907;1,1725;-1,4516;-0,475;-0,5078;-0,1092;-0,006
"11";-0,0111;-0,1794;7,6459;-0,8446;-2,8066;-0,5937;-0,6348;-0,1365;-0,0075
"10";-0,0089;-0,1435;6,8358;-1,4558;-2,1191;-0,1477;-0,5078;-0,1092;-0,006
"13";-0,0089;-0,1435;3,3083;0,5603;-3,1006;-0,475;-0,5078;-0,1092;-0,006
"12";-0,0151;-0,2439;6,2269;-0,5817;-5,2716;0,9799;-0,8634;-0,1856;-0,0102
"15";-0,0116;-0,1865;6,3024;-0,2832;-4,0309;-0,6175;-0,6602;-0,142;-0,0078
"14";-0,0067;-0,1076;8,7904;-1,9516;-2,3253;-0,3562;-0,3809;-0,0819;-0,0045
"17";-0,0093;-0,1507;2,4401;1,0169;-3,2556;-0,4987;-0,5332;-0,1146;-0,0063
"16";-0,0085;-0,1363;3,57;0,424;-2,9455;-0,4512;-0,4824;-0,1037;-0,0057
"19";-0,0985;-1,588;150,9564;-39,3556;-34,3265;-5,2568;-5,6206;-1,2085;-0,0667
"18";-0,0245;-0,3947;30,8505;-7,0214;-8,5293;-0,6944;-1,3969;-0,3003;-0,0166
"spectacle";-0,0053;-0,0861;1,1631;0,6192;-1,8602;0,3177;-0,3047;-0,0655;-0,0036
"trace";-0,012;-0,1937;-0,4411;-1,0387;2,3028;0,3718;-0,6856;-0,1474;-0,0081
"extraire";-0,0659;-1,0628;27,9675;0,5111;-22,9719;-3,5183;-3,7618;-0,8088;-0,0446
"fille";-0,0904;-0,8158;-8,9525;-15,1344;32,5094;-1,8208;2,2214;-1,1099;-0,0612
"show";-0,0076;-0,122;-0,9068;-1,5842;-2,6354;-0,4037;-0,4316;23,88;-0,0051
"aventure";-0,0784;1,1507;-16,8012;-29,2047;49,3983;-4,1849;2,2562;-0,962;-0,0531
"étranger";-0,0049;-0,0789;1,3225;-0,7509;-0,9478;0,9463;0,3239;-0,06;-0,0033
"débarquer";-0,008;0,5897;-0,5504;-1,1937;1,6771;0,6053;-0,457;-0,0983;-0,0054
"43";-0,0085;-0,1363;11,5126;-2,6401;-2,9455;-0,4512;-0,4824;-0,1037;-0,0057
"parent";-0,0503;-0,8113;-4,9286;-3,3746;8,4319;-2,6855;4,6983;-0,6174;-0,0341
"jt";-0,0089;-0,1435;1,0907;2,0777;-3,1006;-0,475;-0,5078;-0,1092;-0,006
"je";-0,0085;-0,1363;-0,608;4,6133;-2,9455;-0,1356;-0,4824;-0,1037;-0,0057
"lopez";-0,0071;-0,1148;-0,4403;4,4541;-2,4803;-0,38;-0,4062;-0,0873;-0,0048
"rugby";-0,0058;-0,0933;-0,2903;3,3096;-2,0152;-0,3087;-0,3301;-0,071;-0,0039
"tour";-0,0067;1,6119;0,2285;-0,2804;-0,2882;-0,3562;-0,3809;-0,0819;1,9852
"tous";-0,0677;-0,2634;-3,4818;-5,5161;6,7161;-0,7554;4,7672;0,2459;0,9994
"capable";-0,0053;1,7995;-1,1439;1,5012;-1,0715;-0,285;0,2974;-0,0655;-0,0036
"côté";-0,0525;-0,8472;-6,7468;-5,4763;7,8984;-0,2514;6,1123;-0,2476;-0,0356
"ex_membre";-0,0049;-0,0789;-1,0485;4,852;-1,7052;-0,2612;-0,2793;-0,06;-0,0033
"lorsque";-0,0432;-0,2784;-9,2533;-11,3867;15,3321;-0,6285;5,7035;-0,5299;-0,0292
"dessin";-0,0044;-0,0717;-0,9532;0,2847;-0,8267;4,0681;-0,2539;-0,0546;-0,003
"mars";-0,0053;-0,0861;0,3653;0,3445;-1,8602;0,3177;-0,3047;3,4061;-0,0036
"quatre";-0,0116;0,457;-1,6104;-0,4429;-2,1736;-0,6175;-0,6602;19,7727;-0,0078
"par";-0,1798;1,4488;-2,6589;1,4565;-0,6807;1,382;0,2837;-0,3636;-0,1217
"pas";-0,14;-0,2288;-4,4786;-5,7549;9,8988;-1,5693;6,168;-1,02;-0,0948
"tout";0,933;1,825;-1,3795;3,8815;-4,0588;0,7081;-1,0843;0,7142;1,094
"autour";-0,0129;-0,2081;3,9264;0,6609;-4,4962;-0,2687;-0,7364;-0,1583;-0,0087
"entourer";-0,0044;-0,0717;-0,9532;2,2116;-0,4175;-0,2375;-0,2539;-0,0546;-0,003
"starfire";-0,061;-0,9837;-13,0737;-26,7958;31,3299;-3,2565;9,1617;-0,7486;-0,0413
"new_yorkais";-0,0191;-0,3085;-4,1;17,0897;-5,3785;-1,0213;-1,092;-0,2348;-0,013
"4";-0,0058;-0,0933;0,3121;0,8217;-1,1972;0,2935;-0,3301;0,8217;-0,0039
"mot";-0,0062;-0,1004;-0,338;1,0433;-0,7945;0,7723;-0,3555;-0,0764;-0,0042
"mon";-0,008;-0,1291;0,9004;2,0741;-2,7904;-0,4275;-0,457;-0,0983;-0,0054
"luthor";-0,0049;-0,0789;-1,0485;-2,1488;-0,2448;-0,2612;7,8194;-0,06;-0,0033
"christine";-0,0053;-0,0861;-1,1439;5,2932;-1,8602;-0,285;-0,3047;-0,0655;-0,0036
"journée";-0,0053;-0,0861;2,4474;0,3445;-1,8602;-0,285;-0,3047;-0,0655;-0,0036
"titan";-0,0485;-0,7825;-10,3991;-21,3134;21,5713;-2,5904;10,2163;-0,5955;-0,0328
"soudain";-0,0049;0,7795;-1,0485;-2,1488;1,6641;1,745;-0,2793;-0,06;-0,0033
"gorg";-0,0062;-0,1004;-1,3345;-2,7349;-2,1703;-0,3325;-0,3555;26,6975;-0,0042
"venir";-0,0396;0,3672;-0,8555;0,4126;-0,511;0,7094;0,877;-0,1583;-0,0268
"fils";-0,0142;-0,2296;-0,2578;1,1131;-3,7931;4,5089;-0,8126;-0,1747;-0,0096
"citation";-0,0196;-0,3157;2,9953;2,7769;-6,8228;-1,0451;-1,1174;-0,2403;-0,0133
"pourquoi";-0,0067;-0,1076;0,4675;0,8724;-1,454;0,725;-0,3809;-0,0819;-0,0045
"eliot";-0,0098;7,3698;-2,0973;-4,2981;3,6077;-0,5225;-0,5586;-0,1201;-0,0066
"film";-0,0214;-0,3444;2,9246;0,7586;-1,9552;-1,1402;-1,2191;0,3438;-0,0145
"important";-0,0062;-0,1004;0,2669;1,0433;-1,3248;0,7723;-0,3555;-0,0764;-0,0042
"emily";-0,0071;-0,1148;-0,8326;5,5927;-2,4803;-0,38;-0,4062;-0,0873;-0,0048
"revenir";-0,016;0,3484;0,3806;1,5081;-2,7386;1,3914;-0,9142;-0,1966;-0,0108
"poilu";-0,0067;-0,1076;-1,4299;-1,9516;-2,3253;-0,3562;-0,3809;25,5265;-0,0045
"révéler";-0,0076;-0,122;-1,6206;4,843;-2,6354;0,6419;-0,4316;-0,0928;-0,0051
"public";-0,0093;-0,1507;2,4401;0,7131;-2,2551;-0,4987;-0,5332;-0,1146;-0,0063
"à";-0,5203;-0,3286;-0,6792;-0,7237;0,3653;6,2339;-0,845;-1,3323;0,2553
"agathe";-0,0053;-0,0861;-1,1439;5,2932;-1,8602;-0,285;-0,3047;-0,0655;-0,0036
"des";1,386;-1,1275;-3,8116;24,2621;-10,5966;-1,0964;-1,4629;1,2971;-0,3856
"csa";-0,0062;-0,1004;-0,338;3,6869;-2,1703;-0,3325;-0,3555;-0,0764;-0,0042
"civilisation";-0,0071;-0,1148;-0,8326;2,0797;-1,0039;0,6817;-0,4062;-0,0873;-0,0048
"delage";-0,0058;-0,0933;-1,2392;5,7344;-2,0152;-0,3087;-0,3301;-0,071;-0,0039
"trois";-0,0071;1,5586;-0,4403;-1,4371;1,5893;0,2343;-0,4062;-0,0873;-0,0048
"théâtre";-0,0071;-0,1148;0,7145;1,5336;-2,4803;-0,38;-0,4062;0,7395;-0,0048
"24";-0,0093;-0,1507;9,8465;-1,5912;-3,2556;-0,4987;-0,5332;-0,1146;-0,0063
"25";-0,0089;-0,1435;9,2067;-2,8151;-1,4516;-0,475;-0,5078;-0,1092;-0,006
"26";-0,0107;2,1635;7,0804;-1,4895;-3,7208;-0,57;-0,6094;-0,131;-0,0072
"27";-0,0098;-0,1578;9,1956;-1,2439;-3,4107;-0,5225;-0,5586;-0,1201;-0,0066
"22";-0,016;-0,2583;1,7919;3,1694;-5,5818;-0,855;-0,9142;-0,1966;-0,0108
"23";-0,0178;-0,287;3,6024;1,9299;-6,2023;-0,9501;-1,0158;-0,2184;-0,012
"28";-0,0102;-0,165;11,1356;-1,8696;-3,5657;-0,5462;-0,584;-0,1256;-0,0069
"29";-0,008;-0,1291;9,2832;-2,4662;-2,7904;0,2032;-0,457;-0,0983;-0,0054
"etienne";-0,0182;-0,2942;26,718;-6,6258;-6,3574;-0,9738;-1,0412;-0,2239;-0,0123
"robbie";-0,0071;12,0722;-0,8326;-2,1218;0,2591;-0,38;-0,4062;-0,0873;-0,0048
"porte";-0,02;0,2802;1,6574;0,6105;-4,6709;1,5076;-0,2793;-0,2457;-0,0136
"président";-0,0165;-0,2655;4,7688;0,6303;-4,5095;-0,3902;-0,9396;-0,202;-0,0111
"troisième";-0,0089;-0,1435;-0,667;6,0262;-3,1006;-0,475;-0,5078;-0,1092;-0,006
"dont";-0,0125;-0,2009;0,3154;-0,5798;-0,4388;3,2779;-0,711;-0,1529;-0,0084
"donc";-0,0067;0,6586;0,4675;-0,2804;-0,8978;0,725;-0,3809;0,7649;-0,0045
"cirque";-0,0374;-0,6029;-8,0122;-14,7324;17,4822;-1,9958;6,7207;-0,4588;-0,0253
"pari";-0,0125;-0,2009;4,1554;-1,1407;-0,9492;0,3533;-0,711;-0,1529;-0,0084
"part";-0,0076;-0,122;0,3578;0,3739;-0,411;0,218;0,2008;-0,0928;-0,0051
"john";-0,0058;-0,0933;-0,6169;0,4988;0,7807;-0,3087;-0,3301;-0,071;-0,0039
"gasnier";-0,0214;-0,3444;33,8913;-9,38;-7,4433;-1,1402;-1,2191;-0,2621;-0,0145
"recevoir";-0,0111;-0,1794;-0,6106;3,5282;-1,045;-0,5937;-0,6348;-0,1365;-0,0075
"relation";-0,0044;-0,0717;0,2109;0,9583;-1,5501;1,0183;-0,2539;-0,0546;-0,003
"témoignage";1,7628;-0,122;-0,2509;1,3156;-0,6958;-0,4037;-0,4316;-0,0928;-0,0051
"express";-0,0044;-0,0717;1,5104;-0,318;-1,5501;1,0183;-0,2539;-0,0546;-0,003
"expert";-0,0049;-0,0789;-0,4803;0,2162;0,6765;0,3449;-0,2793;-0,06;-0,0033
"point";-0,0142;0,3866;3,3247;0,2954;-2,2641;-0,313;-0,8126;-0,1747;-0,0096
"léo";-0,012;-0,1937;-2,5741;-5,2751;14,1172;-0,6412;-0,6856;-0,1474;-0,0081
"secret";-0,0142;1,0162;-0,425;2,1932;-1,7265;0,2894;-0,8126;-0,1747;-0,0096
"cyborg";-0,0245;-0,3947;-5,2448;-10,7487;14,5742;-1,3065;3,0185;-0,3003;-0,0166
"puissant";-0,0053;-0,0861;-0,245;1,5012;-1,8602;-0,285;0,8358;-0,0655;-0,0036
"mener";-0,0076;-0,122;-0,9068;1,7984;-0,6958;0,6419;-0,4316;-0,0928;-0,0051
"puis";-0,0067;-0,1076;-0,7594;0,8724;-0,5281;1,3732;-0,3809;-0,0819;-0,0045
"moment";-0,0089;-0,1435;0,2399;1,586;-1,4516;0,54;-0,5078;-0,1092;-0,006
"travers";-0,0071;0,634;0,7145;-0,5929;0,2591;0,2343;-0,4062;-0,0873;-0,0048
"entre";-0,0178;-0,287;0,8266;1,288;-2,0678;0,7905;-1,0158;-0,2184;-0,012
"salvatore";-0,0049;-0,0789;-0,4803;3,5429;-1,7052;-0,2612;-0,2793;-0,06;-0,0033
"y";1,0836;0,3969;1,7464;-0,2917;-2,4211;1,4627;-1,3512;0,5491;-0,0253
"délirant";-0,0071;0,634;-1,5252;-3,1257;-1,5847;-0,38;-0,4062;24,6284;-0,0048
"source";0,3334;-1,5351;-16,7608;0,7569;9,532;-3,0346;0,4584;2,7226;0,463
"ça";-0,0067;1,6119;0,8049;-0,2804;-0,8978;-0,3562;0,2336;-0,0819;-0,0045
"peu";-0,0102;-0,165;0,3143;1,0631;-0,869;0,4583;-0,584;-0,1256;-0,0069
"depuis";-0,0223;-0,3588;-0,4873;5,9041;-4,4985;0,5607;-1,2699;-0,273;-0,0151
"jimmy";-0,0049;-0,0789;-1,0485;4,852;-1,7052;-0,2612;-0,2793;-0,06;-0,0033
"aliens";-0,012;-0,1937;-2,5741;3,4906;-0,5923;0,3718;-0,6856;-0,1474;-0,0081
"dewalle";-0,0067;-0,1076;-1,4299;6,6168;-2,3253;-0,3562;-0,3809;-0,0819;-0,0045
"avenir";-0,0058;-0,0933;1,0264;1,2495;-2,0152;-0,3087;-0,3301;-0,071;-0,0039
"conseil";-0,0058;-0,0933;2,1922;-0,3343;-1,1972;-0,3087;-0,3301;-0,071;2,0471
"travailler";-0,0062;-0,1004;2,6642;0,4015;-2,1703;-0,3325;-0,3555;-0,0764;-0,0042
"lointain";-0,0414;-0,6676;-8,8714;-6,979;13,1583;-2,2099;5,9943;-0,508;-0,028
"elles";-0,0156;-0,2511;-0,8149;6,8297;-3,3276;-0,3588;-0,8888;-0,1911;-0,0105
"armée";-0,0053;-0,0861;0,3653;1,0004;-1,0715;0,3177;-0,3047;-0,0655;-0,0036
"invité";-0,0325;-0,5239;18,6845;-0,6223;-11,3227;-1,7343;-1,8544;-0,3987;-0,022
"brainiac";-0,0062;-0,1004;-1,3345;-2,7349;-0,2338;-0,3325;9,5544;-0,0764;-0,0042
"ennemi";-0,0058;0,7139;-1,2392;1,2495;0,2366;-0,3087;-0,3301;-0,071;-0,0039
"objet";-0,0085;-0,1363;-0,608;2,3596;-1,3366;0,5714;-0,4824;-0,1037;-0,0057
"lorenzo";-0,0049;-0,0789;-1,0485;-2,1488;-1,7052;14,0212;-0,2793;-0,06;-0,0033
"crop";-0,0044;-0,0717;-0,9532;-1,1286;-1,5501;10,4921;-0,2539;-0,0546;-0,003
"39";-0,0076;-0,122;10,1485;-2,2934;-2,6354;-0,4037;-0,4316;-0,0928;-0,0051
"38";-0,0067;-0,1076;7,3266;-1,2927;-2,3253;-0,3562;-0,3809;-0,0819;-0,0045
"33";-0,0098;-0,1578;13,5675;-3,1677;-3,4107;-0,5225;-0,5586;-0,1201;-0,0066
"32";-0,0085;-0,1363;11,5126;-2,6401;-2,9455;-0,4512;-0,4824;-0,1037;-0,0057
"31";-0,0093;-0,1507;9,8465;-1,5912;-3,2556;-0,4987;-0,5332;-0,1146;-0,0063
"30";-0,0129;-0,2081;9,9652;-0,9165;-4,4962;-0,6887;-0,7364;-0,1583;-0,0087
"37";-0,0058;-0,0933;9,1725;-2,5395;-2,0152;-0,3087;-0,3301;-0,071;-0,0039
"36";-0,0067;-0,1076;8,7904;-1,9516;-2,3253;-0,3562;-0,3809;-0,0819;-0,0045
"34";-0,0062;-0,1004;8,1141;-1,7829;-2,1703;-0,3325;-0,3555;-0,0764;-0,0042
"composer";-0,0049;-0,0789;-1,0485;-0,4066;0,3656;-0,2612;1,6697;0,889;-0,0033
"train";-0,0058;-0,0933;1,5523;-0,3343;-0,6944;0,2935;-0,3301;-0,071;-0,0039
"souvent";-0,0085;4,9499;0,2741;0,424;-1,3366;-0,4512;-0,4824;-0,1037;-0,0057
"terrien";-0,0423;-0,6819;-6,5936;-11,991;13,1812;-0,3708;6,4963;-0,519;-0,0286
"laurie";-0,0044;-0,0717;7,0554;-1,9534;-1,5501;-0,2375;-0,2539;-0,0546;-0,003
"extrait";-0,0151;-0,2439;1,6091;2,2205;-3,1963;-0,8075;-0,8634;-0,1856;-0,0102
"le";-0,5966;0,3758;1,7904;5,1419;-12,8428;3,8266;-3,2738;0,7891;0,218
"la";-0,7977;0,513;6,0956;-0,4152;-2,4105;-0,3172;-3,4384;0,6491;1,4724
"eux";-0,0085;-0,1363;-0,608;0,424;-0,8767;1,1127;0,5317;-0,1037;1,8831
"oggy";-0,0062;-0,1004;-1,3345;-2,7349;-2,1703;-0,3325;-0,3555;26,6975;-0,0042
"image";-0,0147;0,3765;0,3165;2,4268;-3,0657;-0,3281;-0,838;1,1953;-0,0099
"tuer";-0,0076;-0,122;-0,4945;0,6099;-0,6958;1,9628;-0,4316;-0,0928;-0,0051
"identifier";-0,0111;-0,1794;0,4331;1,4641;-3,8759;1,3832;-0,2359;-0,1365;-0,0075
"lfi";-0,0067;-0,1076;-0,3881;4,0686;-2,3253;-0,3562;-0,3809;-0,0819;-0,0045
"expliquer";-0,0085;1,4188;0,5021;0,2491;-0,5502;-0,4512;-0,1512;-0,1037;-0,0057
"réseau";-0,0044;-0,0717;3,1048;-0,318;-1,5501;-0,2375;-0,2539;-0,0546;-0,003
"là";-0,012;1,1434;-0,7163;-0,5094;0,8042;0,7658;-0,6856;-0,1474;-0,0081
"que";-0,1727;1,2506;-7,8005;5,5133;-0,6376;0,8743;-0,3268;-2,119;-0,1169
"qui";0,2502;-0,3486;-6,3179;-9,9544;16,9547;-1,8222;4,7373;2,1854;-0,2427
"parvenir";-0,0071;-0,1148;-0,4403;0,2587;-1,0039;2,0609;0,6392;-0,0873;-0,0048
"publier";-0,0049;-0,0789;1,3225;0,7692;-1,7052;-0,2612;-0,2793;-0,06;-0,0033
"auproux";-0,0053;-0,0861;-1,1439;5,2932;-1,8602;-0,285;-0,3047;-0,0655;-0,0036
"seines";-0,0062;-0,1004;-1,3345;6,1756;-2,1703;-0,3325;-0,3555;-0,0764;-0,0042
"tromper";-0,0129;0,4195;-2,7648;-4,4234;10,475;-0,6887;-0,2976;-0,1583;-0,0087
"mélenchon";-0,012;-0,1937;-0,4411;6,6413;-4,186;-0,6412;-0,6856;-0,1474;-0,0081
"bernard";-0,0062;-0,1004;-1,3345;6,1756;-2,1703;-0,3325;-0,3555;-0,0764;-0,0042
"beau";-0,0085;-0,1363;0,8105;1,8127;-1,984;-0,4512;-0,4824;-0,1037;-0,0057
"sembler";-0,0116;-0,1865;-1,6104;2,1217;-1,5878;2,6846;-0,6602;-0,142;-0,0078
"crabe";-0,0116;-0,1865;-2,4787;-5,0797;13,5941;-0,6175;-0,6602;-0,142;-0,0078
"cacher";-0,0142;0,3866;-1,0009;2,6519;-4,9614;3,6738;-0,8126;-0,1747;-0,0096
"fatou";-0,0352;-0,202;-7,535;-15,4427;39,0692;-1,877;-2,0069;-0,4315;-0,0238
"bruno";-0,0093;-0,1507;0,3974;3,65;-3,2556;-0,4987;-0,5332;-0,1146;-0,0063
"françois";-0,0151;-0,2439;2,9823;-2,8552;-5,2716;9,1438;-0,8634;0,4586;-0,0102
"comment";1,0738;-0,6173;-0,3348;-3,9609;8,8832;-2,0434;-2,1848;-0,1498;-0,0259
"concours";-0,0049;-0,0789;0,8106;0,4389;-0,5054;-0,2612;-0,2793;-0,06;-0,0033
"colocataire";-0,0249;-0,4019;-4,1711;-10,9442;14,0177;-1,3303;2,9555;-0,3058;-0,0169
"parisien";-0,0044;-0,0717;0,504;0,2847;-0,8267;-0,2375;-0,2539;2,1831;-0,003
"raven";-0,0606;-0,9766;-12,9781;-26,6;30,9085;-3,2327;9,2409;-0,7432;-0,041
"provoquer";-0,0392;0,3729;-5,9893;-14,0926;35,0896;-2,091;-2,2357;-0,4807;-0,0265
"système";-0,0076;-0,122;-0,2509;1,7984;-0,6958;-0,4037;-0,4316;-0,0928;-0,0051
"brigitte";-0,0062;-0,1004;-1,3345;6,1756;-2,1703;-0,3325;-0,3555;-0,0764;-0,0042
"adolescent";-0,012;0,4439;-2,5741;-2,4514;2,8197;-0,6412;3,2127;-0,1474;-0,0081
"toutes";-0,0263;0,2057;-2,8477;-4,0168;13,4084;-0,7662;-1,4986;-0,3222;-0,0178
"oise";-0,0067;-0,1076;-1,4299;6,6168;-2,3253;-0,3562;-0,3809;-0,0819;-0,0045
"monter";-0,0053;0,7452;0,7041;-0,2615;-0,5979;0,3177;-0,3047;-0,0655;-0,0036
"48";-0,0085;-0,1363;5,2635;-0,36;-2,9455;-0,4512;-0,4824;-0,1037;-0,0057
"49";-0,0071;-0,1148;6,6871;-0,9453;-2,4803;-0,38;-0,4062;-0,0873;-0,0048
"47";-0,0102;-0,165;9,8197;-1,3652;-3,5657;-0,5462;-0,584;-0,1256;-0,0069
"44";-0,0116;-0,1865;4,6658;0,4891;-4,0309;-0,6175;-0,6602;-0,142;-0,0078
"45";-0,0107;-0,1722;3,7333;0,6591;-3,7208;-0,57;-0,6094;-0,131;-0,0072
"42";-0,0085;-0,1363;11,5126;-2,6401;-2,9455;-0,4512;-0,4824;-0,1037;-0,0057
"40";-0,0142;0,3866;3,3247;-0,4562;-1,2942;-0,76;-0,8126;0,4799;-0,0096
"41";-0,0058;-0,0933;6,0417;-1,0138;-2,0152;-0,3087;-0,3301;-0,071;-0,0039
"membre";-0,0187;-0,3014;-1,6367;9,3283;-5,2331;-0,471;-0,2436;-0,2293;-0,0126
"inédit";-0,0085;-0,1363;-1,0581;-2,6401;-1,3366;-0,1356;-0,4824;22,6571;-0,0057
"direct";-0,0085;-0,1363;2,8543;0,2491;-2,9455;-0,4512;0,5317;-0,1037;-0,0057
"air";-0,0044;-0,0717;1,5104;-0,6271;-1,5501;1,0183;-0,2539;0,9277;-0,003
"philippe";-0,008;-0,1291;0,9004;1,1295;-1,8498;0,2032;-0,457;-0,0983;-0,0054
"même";-0,0263;1,1389;-0,8175;1,8226;-2,5644;1,9015;-0,4665;-0,3222;-0,0178
"changer";-0,0067;-0,1076;1,2418;-0,2804;-2,3253;0,2521;1,3025;-0,0819;-0,0045
"pendant";-0,012;-0,1937;-0,7163;1,5025;-0,5923;0,7658;-0,6856;-0,1474;-0,0081
"actualité";-0,0147;-0,2368;5,7474;0,3816;-3,9357;-0,7838;-0,838;-0,1802;-0,0099
"m6";-0,0089;2,3917;4,8945;-2,0398;-2,1191;-0,475;-0,1645;-0,1092;-0,006
"assez";-0,0076;-0,122;-0,4945;-2,2934;4,9132;-0,4037;-0,4316;-0,0928;-0,0051
"mois";-0,0076;-0,122;1,001;0,6099;-0,6958;-0,4037;-0,4316;-0,0928;-0,0051
"me";-0,0098;-0,1578;-1,291;5,7424;-1,6866;-0,5225;-0,5586;-0,1201;-0,0066
"ma";-0,0044;-0,0717;0,9366;0,9583;-1,5501;-0,2375;-0,2539;-0,0546;-0,003
"naître";-0,0405;-0,6532;-4,6073;-10,3802;13,1379;-2,1623;6,1467;-0,4971;-0,0274
"mi";-0,0049;-0,0789;-1,0485;4,852;-1,7052;-0,2612;-0,2793;-0,06;-0,0033
"enquête";-0,016;0,3484;2,2123;-0,3645;-0,9512;0,2383;-0,9142;-0,1966;-0,0108
"entretien";-0,0062;-0,1004;3,4698;-0,2195;-2,1703;-0,3325;-0,3555;-0,0764;-0,0042
"laquelle";-0,0053;-0,0861;0,3653;0,6192;-1,8602;1,6373;-0,3047;-0,0655;-0,0036
"nouvelle";-0,0111;-0,1794;0,9919;0,5684;-2,05;0,4123;-0,2359;-0,1365;1,7648
"vite";-0,0053;3,0638;-0,5478;0,3445;-0,308;-0,285;-0,3047;-0,0655;-0,0036
"mettre";-0,0191;-0,3085;0,904;-0,4299;-1,175;1,5948;0,3522;-0,2348;-0,013
"autre";-0,0125;0,4314;-0,771;0,3594;-1,8077;3,2779;-0,2818;1,3229;-0,0084
"jeune";-0,0414;-0,6676;-0,2769;0,2907;-0,4206;0,6461;0,5583;-0,17;-0,028
"construire";-0,0076;-0,122;-0,2509;2,3782;-1,1126;-0,4037;-0,4316;-0,0928;-0,0051
"réal";-0,0049;-0,0789;-1,0485;4,852;-1,7052;-0,2612;-0,2793;-0,06;-0,0033
"émission";2,2867;-0,7466;13,2647;0,9296;-14,4757;-2,4715;-1,2153;-0,5682;-0,0313
"coeur";-0,0076;-0,122;0,3578;0,3739;0,3939;-0,4037;-0,4316;-0,0928;-0,0051
"claude";-0,012;-0,1937;-0,2564;4,8938;-3,0861;-0,6412;-0,6856;-0,1474;-0,0081
"présidentiel";-0,0062;-0,1004;6,6819;-1,1515;-2,1703;-0,3325;-0,3555;-0,0764;-0,0042
"photo";-0,0053;-0,0861;1,1631;-0,2615;-1,8602;1,6373;-0,3047;-0,0655;-0,0036
"boulot";-0,0254;-0,409;-4,2594;-11,1398;14,4489;-1,354;2,8941;-0,3113;-0,0172
"transformer";-0,0067;0,6586;0,8049;-0,2804;-0,2882;-0,3562;-0,3809;-0,0819;-0,0045
"frontière";-0,0058;-0,0933;7,44;-1,616;-2,0152;-0,3087;-0,3301;-0,071;-0,0039
"candidat";-0,0071;-0,1148;7,9754;-2,1218;-1,5847;-0,38;-0,4062;-0,0873;-0,0048
"alien";-0,0062;-0,1004;-1,3345;2,8142;-0,4502;-0,3325;-0,3555;-0,0764;-0,0042
"jean";-0,0392;-0,6317;3,6942;5,8469;-13,6512;-1,3163;-2,2357;-0,1555;-0,0265
"proposer";-0,0102;-0,165;0,5339;0,3346;-0,3573;0,4583;-0,584;-0,1256;-0,0069
"fête";-0,0044;-0,0717;0,2109;1,5003;-1,5501;-0,2375;-0,2539;0,9277;-0,003
"vérité";-0,0049;-0,0789;-1,0485;1,8135;-1,7052;1,745;-0,2793;-0,06;-0,0033
"manquer";-0,0387;-0,6245;-6,9486;-11,6026;14,5847;-1,2966;6,4665;-0,4752;-0,0262
"enfin";1,8168;-0,1076;-0,7594;-0,5006;0,5547;0,2521;0,6816;-0,0819;-0,0045
"2999";-0,0191;-0,3085;-4,1;17,0897;-5,3785;-1,0213;-1,092;-0,2348;-0,013
"bande";-0,0076;0,6111;-0,2509;1,3156;-0,6958;-0,4037;-0,4316;-0,0928;-0,0051
"59";-0,0093;-0,1507;9,8465;-1,5912;-3,2556;-0,4987;-0,5332;-0,1146;-0,0063
"58";-0,0062;-0,1004;5,4589;-0,7135;-2,1703;-0,3325;-0,3555;-0,0764;-0,0042
"55";-0,0107;-0,1722;9,2281;-1,0762;-3,7208;-0,57;-0,6094;-0,131;-0,0072
"54";-0,0116;-0,1865;8,2176;-0,6586;-4,0309;-0,6175;-0,6602;-0,142;-0,0078
"56";-0,008;-0,1291;4,7189;-0,2964;-2,7904;-0,4275;-0,457;-0,0983;-0,0054
"51";-0,0089;-0,1435;9,2067;-1,4558;-3,1006;-0,475;-0,5078;-0,1092;-0,006
"50";-0,0147;-0,2368;3,1483;1,2852;-3,9357;-0,7838;-0,838;-0,1802;-0,0099
"53";-0,0067;-0,1076;6,0698;-0,8271;-2,3253;-0,3562;-0,3809;-0,0819;-0,0045
"52";-0,0093;-0,1507;12,8815;-2,991;-3,2556;-0,4987;-0,5332;-0,1146;-0,0063
"57";-0,0076;-0,122;6,146;-0,6905;-2,6354;-0,4037;-0,4316;-0,0928;-0,0051
"humanité";-0,0218;0,2557;-2,7481;2,6445;0,7199;-1,1639;-1,2445;-0,2676;-0,0148
"gouvernement";-0,0111;-0,1794;0,6806;2,9079;-3,8759;-0,2125;-0,6348;-0,1365;-0,0075
"plus";0,7416;0,4016;-0,4314;11,7797;-12,9926;0,3325;-2,4148;0,3561;2,0885
"entrepreneur";-0,0049;-0,0789;-1,0485;4,852;-1,7052;-0,2612;-0,2793;-0,06;-0,0033
"exister";-0,008;-0,1291;0,9004;1,1295;-1,2236;-0,4275;-0,457;-0,0983;-0,0054
"hugues";-0,0062;-0,1004;-1,3345;6,1756;-2,1703;-0,3325;-0,3555;-0,0764;-0,0042
"voisin";-0,0053;-0,0861;-1,1439;-0,88;1,4124;1,6373;-0,3047;-0,0655;-0,0036
"peret";-0,0044;-0,0717;7,0554;-1,9534;-1,5501;-0,2375;-0,2539;-0,0546;-0,003
"ne";-0,1713;0,5292;-6,2162;-3,8778;7,0632;0,3185;5,4015;-1,3326;-0,116
"actuel";-0,0067;-0,1076;1,2418;1,2813;-2,3253;-0,3562;-0,3809;-0,0819;-0,0045
"retour";-0,0227;0,2446;11,5001;-1,1486;-3,8918;-1,2114;-1,2953;-0,2785;-0,0154
"valentin";-0,0085;-0,1363;8,5704;-1,3232;-2,9455;-0,4512;-0,4824;-0,1037;-0,0057
"cnews";-0,0107;-0,1722;1,0808;2,6267;-3,7208;-0,57;-0,6094;-0,131;-0,0072
"groupe";-0,0102;-0,165;1,1779;1,0631;-3,5657;0,9177;-0,584;-0,1256;-0,0069
"entier";-0,0102;-0,165;-2,1926;6,1248;-1,2705;-0,5462;-0,584;-0,1256;-0,0069
"langlois";-0,0062;-0,1004;-1,3345;6,1756;-2,1703;-0,3325;-0,3555;-0,0764;-0,0042
"bill";-0,0085;-0,1363;-1,8113;5,6293;-2,9455;0,5714;-0,4824;-0,1037;-0,0057
"frédéric";-0,0111;-0,1794;8,6979;-1,1854;-3,8759;-0,2125;-0,6348;-0,1365;-0,0075
"boucher";-0,0044;-0,0717;-0,9532;4,4109;-1,5501;-0,2375;-0,2539;-0,0546;-0,003
"figure";-0,0383;-0,6173;-6,858;-12,5091;14,9751;-2,0434;6,5498;-0,1498;-0,0259
"haut";-0,0102;-0,165;-0,2882;4,3222;-3,5657;-0,5462;-0,584;-0,1256;1,8008
"antoine";-0,012;-0,1937;11,0709;-1,4131;-4,186;-0,6412;-0,6856;-0,1474;-0,0081
"1";-0,0147;-0,2368;3,7241;0,3816;-1,8306;-0,7838;-0,838;-0,1802;-0,0099
"rapport";-0,0049;-0,0789;2,7467;0,2162;-1,7052;-0,2612;-0,2793;-0,06;-0,0033
"réponse";-0,0067;-0,1076;0,8049;0,3227;-0,5281;0,2521;-0,3809;-0,0819;-0,0045
"oeuf";-0,0044;-0,0717;-0,9532;4,4109;-1,5501;-0,2375;-0,2539;-0,0546;-0,003
"apporter";-0,0049;-0,0789;0,4285;1,2217;-0,9478;-0,2612;-0,2793;-0,06;-0,0033
"place";-0,0053;-0,0861;-0,245;0,6192;-1,8602;0,8821;0,8358;-0,0655;-0,0036
"gotham";-0,0361;-0,5814;-7,7259;-15,834;17,1324;-1,9245;6,9882;-0,4424;-0,0244
"animation";-0,0365;-0,2143;-7,8213;-16,0296;16,6709;-1,9483;6,8975;-0,4479;-0,0247
"république";-0,0044;-0,0717;5,4345;-1,1286;-1,5501;-0,2375;-0,2539;-0,0546;-0,003
"chanteur";-0,0071;-0,1148;2,8799;0,2587;-2,4803;-0,38;0,2164;-0,0873;-0,0048
"espoir";-0,0049;0,7795;-1,0485;-1,2885;0,6765;0,9463;0,899;-0,06;-0,0033
"trop";-0,0076;1,5089;-1,6206;-0,4217;1,3938;0,218;-0,4316;-0,0928;-0,0051
"chaque";-0,0071;0,634;2,1959;0,2587;-1,5847;-0,38;-0,4062;-0,0873;-0,0048
"20";-0,0824;-1,3289;72,8077;-8,8403;-28,725;-1,5375;-4,7037;-1,0113;-0,0558
"21";-0,0329;-0,5311;20,1997;-0,8282;-11,4779;-1,7581;-1,8798;-0,4042;-0,0223
"didier";-0,0085;-0,1363;-1,8113;-0,9;-1,984;-0,1356;11,9113;-0,1037;-0,0057
"concernant";-0,0044;-0,0717;0,504;0,2847;-0,4175;0,3755;-0,2539;-0,0546;-0,003
"parfois";-0,0049;0,7795;-1,0485;0,4389;-0,2448;0,9463;-0,2793;-0,06;-0,0033
"devoir";-0,0307;-0,4952;-1,973;1,5016;-0,6971;2,4633;-0,6167;0,2365;-0,0208
"récupérer";-0,0049;0,7795;-0,4803;-1,2885;2,3662;-0,2612;-0,2793;-0,06;-0,0033
"départ";-0,0227;0,2446;-2,2621;12,6791;-4,6286;-1,2114;-1,2953;-0,2785;-0,0154
"curieux";-0,0156;0,3574;-3,337;-1,9312;7,9286;-0,8313;-0,8888;0,4486;-0,0105
"patrick";-0,0067;1,6119;-0,3881;1,7911;-2,3253;0,2521;-0,3809;-0,0819;-0,0045
"où";-0,0218;-0,3516;-1,2203;1,3424;-0,4434;1,8392;-1,2445;-0,2676;-0,0148
"réussir";-0,0044;-0,0717;-0,4148;0,5593;-0,8267;1,0183;0,3539;-0,0546;-0,003
"décontraction";-0,0361;-0,5814;-7,7259;-15,834;17,1324;-1,9245;6,9882;-0,4424;-0,0244
"bellver";-0,0214;-0,3444;33,8913;-9,38;-7,4433;-1,1402;-1,2191;-0,2621;-0,0145
"ou";-0,0427;2,2951;1,3061;1,9111;-2,6949;-2,2812;-1,6073;-0,1788;-0,0289
"celui";-0,0058;-0,0933;-1,2392;-0,3343;0,2366;2,4111;-0,3301;0,8217;-0,0039
"lemercier";-0,0049;-0,0789;-1,0485;4,852;-1,7052;-0,2612;-0,2793;-0,06;-0,0033
"alain";-0,0049;-0,0789;0,4285;0,4389;-0,2448;-0,2612;-0,2793;-0,06;-0,0033
"samedi";-0,0049;-0,0789;1,3225;0,7692;-1,7052;-0,2612;-0,2793;-0,06;-0,0033
"phénomène";-0,0165;0,3398;1,0167;0,8391;-4,5095;1,8968;-0,9396;0,4295;-0,0111
"5";-0,0067;-0,1076;0,8049;0,8724;-0,8978;-0,3562;-0,3809;-0,0819;-0,0045
"catastrophe";-0,0058;2,9552;-1,2392;-0,6051;1,204;-0,3087;-0,3301;-0,071;-0,0039
"endroit";-0,0062;0,6852;-1,3345;1,5138;-1,3248;1,453;-0,3555;-0,0764;-0,0042
"péril";-0,0463;-0,7466;-9,9217;-20,3347;20,4134;-2,4715;9,9607;-0,5682;-0,0313
"lisa";-0,0044;-0,0717;-0,9532;2,2116;-0,8267;0,3755;-0,2539;-0,0546;-0,003
"programme";-0,0067;0,6586;1,2418;-0,5006;-0,2882;-0,3562;-0,3809;-0,0819;-0,0045
"île";-0,0392;-0,2394;-8,3941;-9,8812;33,649;-2,091;-2,2357;-0,4807;-0,0265
"sur";0,2416;0,3135;10,6888;-1,8309;-1,6001;0,285;-1,942;-2,7093;-0,2503
"grâce";-0,045;-0,725;-9,6352;-7,4963;12,6076;-0,681;6,0472;-0,5518;-0,0304
"prochain";-0,0053;-0,0861;3,2823;-0,88;-1,8602;0,8821;-0,3047;-0,0655;-0,0036
"enfant";-0,0245;0,224;-0,3297;0,6328;-0,9313;2,6327;-1,3969;-0,3003;-0,0166
"vaisseau";-0,0178;0,8558;-3,8139;0,7939;0,9374;-0,1931;-0,2207;-0,2184;-0,012
"profiter";-0,0044;-0,0717;0,504;-1,9534;-0,1876;-0,2375;2,7821;-0,0546;-0,003
"différents";-0,0067;0,6586;0,2285;0,3227;-0,5281;0,2521;-0,3809;0,7649;-0,0045
"emmanuel";-0,0071;-0,1148;7,9754;-2,1218;-1,5847;-0,38;-0,4062;-0,0873;-0,0048
"mission";-0,008;3,739;-0,5504;0,509;-0,7847;-0,4275;-0,457;0,6936;-0,0054
"style";-0,0044;-0,0717;0,2109;0,2847;-0,4175;0,3755;-0,2539;-0,0546;2,1606
"manière";-0,0093;-0,1507;-1,2127;-1,5912;3,9633;0,5109;-0,5332;-0,1146;-0,0063
"bout";-0,0049;-0,0789;1,966;-0,4066;-0,9478;0,3449;-0,2793;-0,06;-0,0033
"organiser";-0,0044;-0,0717;0,2109;0,2847;-0,1876;-0,2375;0,3539;-0,0546;-0,003
"beast";-0,0245;-0,3947;-5,2448;-10,7487;14,5742;-1,3065;3,0185;-0,3003;-0,0166
"affrontement";-0,0058;-0,0933;-1,2392;5,7344;-2,0152;-0,3087;-0,3301;-0,071;-0,0039
"marionnette";-0,0062;-0,1004;-1,3345;-2,7349;-2,1703;-0,3325;-0,3555;26,6975;-0,0042
"blanc";-0,008;0,5897;0,9004;1,5582;-2,7904;-0,4275;-0,457;-0,0983;-0,0054
"passer";1,1365;0,915;0,5517;2,2614;-4,6789;1,0071;-1,1426;-0,4042;-0,0223
"scooby";-0,0053;-0,0861;-1,1439;-2,3442;0,9278;-0,285;4,6403;-0,0655;-0,0036
"professeur";-0,0111;-0,1794;-0,9816;-0,3808;-0,7145;6,5526;-0,6348;-0,1365;-0,0075
"dans";0,3089;1,1141;-1,6227;1,8378;-0,4903;1,0232;-1,532;-1,4477;1,1198
"nathalie";-0,0116;-0,1865;14,6075;-3,8817;-2,9461;-0,6175;-0,6602;-0,142;-0,0078
"respirer";-0,012;-0,1937;-2,5741;-4,0618;12,3107;-0,6412;-0,6856;-0,1474;-0,0081
"chaouch";-0,0044;-0,0717;7,0554;-1,9534;-1,5501;-0,2375;-0,2539;-0,0546;-0,003
"ainsi";-0,0071;-0,1148;1,6078;-0,5929;-1,0039;1,3;-0,4062;-0,0873;-0,0048
"maison";-0,0142;0,3866;-1,0009;0,622;-1,2942;4,5089;-0,8126;-0,1747;-0,0096
"tourner";-0,0044;-0,0717;0,9366;0,2847;-0,8267;0,3755;-0,2539;-0,0546;-0,003
"vincent";1,7382;-0,1291;1,3213;1,1295;-2,7904;-0,4275;-0,457;-0,0983;-0,0054
"intelligence";-0,0076;-0,122;0,3578;-0,4217;-1,1126;-0,4037;3,6206;-0,0928;-0,0051
"matin";-0,0067;-0,1076;0,2285;1,7911;-0,8978;-0,3562;-0,3809;-0,0819;-0,0045
"raconter";1,6929;-0,1435;0,2399;0,3523;-0,2165;-0,1477;-0,5078;-0,1092;-0,006
"année";-0,0245;-0,3947;-0,662;9,6023;-5,1536;-0,6944;-1,3969;-0,3003;-0,0166
"publicité";-0,0044;-0,0717;0,504;0,9583;-0,8267;-0,2375;-0,2539;-0,0546;-0,003
"c";-0,0579;0,7815;1,3525;0,4031;-0,409;-0,762;-2,3572;-0,2875;-0,0392
"duo";-0,0125;-0,2009;-2,6694;-3,3276;11,3125;-0,665;-0,711;-0,1529;-0,0084
"détruire";-0,0067;-0,1076;-0,7594;-0,2804;-0,2882;1,3732;0,6816;-0,0819;-0,0045
"bristielle";-0,0093;-0,1507;14,8195;-4,1026;-3,2556;-0,4987;-0,5332;-0,1146;-0,0063
"arriver";-0,0107;-0,1722;0,2793;-0,5059;0,3605;0,4346;0,3991;-0,131;-0,0072
"propos";-0,0058;-0,0933;1,5523;0,2702;-2,0152;0,8244;-0,3301;-0,071;-0,0039
"prince";-0,0369;-0,5957;-7,9168;-14,5419;17,0757;-1,9721;6,8083;-0,4534;-0,025
"humour";-0,0793;-1,2786;-8,4451;-23,4153;26,9174;-4,2325;11,8914;-0,973;-0,0537
"extra";-0,0058;-0,0933;-1,2392;0,4988;0,7807;-0,3087;0,2738;-0,071;-0,0039
"plateau";-0,0209;-0,3372;7,8873;0,6489;-7,2882;-1,1164;-1,1936;-0,2566;-0,0142
"monstre";-0,0049;1,874;-1,0485;-0,4066;1,1058;-0,2612;-0,2793;-0,06;-0,0033
"rien";-0,0076;0,6111;-0,2509;0,6099;-1,1126;1,2327;-0,4316;-0,0928;-0,0051
"réveiller";-0,0218;-0,3516;-3,5572;12,9656;-6,2553;0,5799;-1,2445;-0,2676;-0,0148
"anne";-0,0125;-0,2009;8,3407;-1,5312;-4,3411;0,3533;-0,711;0,5277;-0,0084
"savoir";-0,0191;0,2937;-1,2563;2,1659;-1,908;1,1146;0,3522;-0,2348;-0,013
"question";-0,0298;-0,4808;1,5101;-1,3979;1,8375;-1,5917;-0,9996;-0,3659;-0,0202
"long";-0,0049;-0,0789;-0,2026;2,5709;-1,7052;-0,2612;-0,2793;-0,06;-0,0033
"présentation";-0,0089;-0,1435;2,0443;0,3523;-0,9715;-0,475;-0,5078;-0,1092;-0,006
"compagnie";-0,0053;-0,0861;-0,5478;0,3445;0,2942;0,8821;-0,3047;-0,0655;-0,0036
"nasa";-0,0062;-0,1004;5,4589;-0,7135;-2,1703;-0,3325;-0,3555;-0,0764;-0,0042
"antique";-0,0062;-0,1004;-1,3345;6,1756;-2,1703;-0,3325;-0,3555;-0,0764;-0,0042
"chose";-0,0111;-0,1794;-0,3613;-0,2362;-0,7145;2,7787;-0,2359;-0,1365;-0,0075
"depétrini";-0,0062;-0,1004;9,8783;-2,7349;-2,1703;-0,3325;-0,3555;-0,0764;-0,0042
"olivier";-0,0089;-0,1435;3,3083;-0,2552;-1,4516;-0,475;-0,5078;-0,1092;-0,006
"lrem";-0,0076;-0,122;-0,9068;6,0085;-2,6354;-0,4037;-0,4316;-0,0928;-0,0051
"claviere";-0,0085;-0,1363;13,4076;-3,7118;-2,9455;-0,4512;-0,4824;-0,1037;-0,0057
"au_dessus";-0,0049;-0,0789;0,8106;-0,7509;0,3656;0,3449;-0,2793;-0,06;-0,0033
"journaliste";-0,0383;-0,6173;12,8398;0,6483;-11,7614;-0,8026;-2,1848;-0,4698;-0,0259
"patron";-0,0071;-0,1148;-0,4403;2,7358;-1,0039;-0,38;-0,4062;-0,0873;-0,0048
"fédération";-0,0053;-0,0861;-0,5478;3,948;-1,8602;-0,285;-0,3047;-0,0655;-0,0036
"watrin";-0,0049;-0,0789;7,7611;-2,1488;-1,7052;-0,2612;-0,2793;-0,06;-0,0033
"nuit";1,7628;-0,122;-0,4945;0,9217;-1,1126;0,6419;0,2008;-0,0928;-0,0051
"g";-0,0071;12,0722;-0,8326;0,2587;-2,4803;-0,38;-0,4062;-0,0873;-0,0048
"permettre";-0,012;-0,1937;1,1673;1,5025;-2,2983;-0,2402;-0,6856;-0,1474;-0,0081
"tsoukalos";-0,008;-0,1291;-1,7159;7,9405;-2,7904;-0,4275;-0,457;-0,0983;-0,0054
"polémiste";-0,0062;-0,1004;0,2669;2,8142;-2,1703;-0,3325;-0,3555;-0,0764;-0,0042
"nombreux";-0,0472;0,284;-5,7824;-4,1202;21,2168;-2,519;-2,6933;-0,5791;-0,0319
"encore";-0,012;0,4439;0,3508;1,1536;-1,697;0,3718;-0,6856;0,5409;-0,0081
"chalumeau";-0,0214;-0,3444;33,8913;-9,38;-7,4433;-1,1402;-1,2191;-0,2621;-0,0145
"centre";-0,0089;1,3777;2,0443;-1,011;-1,4516;0,54;-0,1645;-0,1092;-0,006
"lutte";-0,0276;-0,4449;-3,073;-8,2364;12,0297;-1,4729;2,6096;-0,3386;-0,0187
"défense";-0,0049;-0,0789;0,4285;0,4389;-0,5054;0,3449;-0,2793;-0,06;-0,0033
"xavier";-0,0174;-0,2798;-0,3127;-6,2556;-6,0472;30,1531;-0,9904;0,4116;-0,0117
"durant";-0,0218;-0,3516;-2,1197;12,9656;-5,2204;-0,5892;-1,2445;-0,2676;-0,0148
"rendre";-0,0196;-0,3157;-2,3574;0,8781;-0,9636;6,5336;-1,1174;-0,2403;-0,0133
"qu";0,6078;0,5232;-10,437;-0,3676;2,1072;7,5203;-0,405;-1,5099;-0,0833
"partie";-0,0187;-0,3014;0,3469;3,6952;-2,8236;-0,2134;-1,0666;-0,2293;-0,0126
"partir";-0,0182;0,8386;2,9365;-0,4749;-2,709;0,7633;-1,0412;0,3949;-0,0123
"chemin";-0,0053;-0,0861;-1,1439;0,3445;0,2942;0,3177;0,8358;-0,0655;-0,0036
"joe";-0,0076;-0,122;-0,9068;6,0085;-2,6354;-0,4037;-0,4316;-0,0928;-0,0051
"certaines";-0,0089;-0,1435;0,2399;2,6537;-2,1191;-0,1477;-0,5078;-0,1092;-0,006
"pomart";-0,0067;-0,1076;-1,4299;6,6168;-2,3253;-0,3562;-0,3809;-0,0819;-0,0045
"disciple";-0,0102;-0,165;-2,1926;-4,4935;3,9783;-0,5462;3,6847;-0,1256;-0,0069
"préparer";-0,0076;-0,122;-0,2509;1,3156;-0,6958;0,218;-0,4316;-0,0928;-0,0051
"mère";-0,0133;-0,2152;-1,3212;-0,732;-3,509;16,7366;-0,7618;-0,1638;-0,009
"janvier";-0,0044;-0,0717;1,5104;0,5593;-1,5501;-0,2375;-0,2539;-0,0546;-0,003
"américain";-0,0196;-0,3157;4,0148;-0,3457;-1,2514;-1,0451;-1,1174;0,3717;-0,0133
"soirée";-0,0044;-0,0717;2,2297;-0,6271;-1,5501;-0,2375;0,3539;0,9277;-0,003
"conquérant";-0,0361;-0,5814;-7,7259;-15,834;17,1324;-1,9245;6,9882;-0,4424;-0,0244
"série";-0,0508;-0,3558;-2,9395;-15,3127;8,7142;-2,7093;4,6427;9,7019;-0,0344
"val";-0,0067;-0,1076;-1,4299;6,6168;-2,3253;-0,3562;-0,3809;-0,0819;-0,0045
"humain";-0,0218;2,0727;-1,62;2,6445;-2,0483;1,3499;-1,2445;-0,2676;-0,0148
"marier";-0,0067;0,6586;1,7782;-1,2927;-0,8978;1,3732;-0,3809;-0,0819;-0,0045
"michaël";-0,0044;-0,0717;4,1578;-0,6271;-1,5501;-0,2375;-0,2539;-0,0546;-0,003
"atterrir";-0,0049;-0,0789;-1,0485;0,2162;0,6765;-0,2612;0,899;-0,06;-0,0033
"fantôme";1,8785;-0,0933;-1,2392;4,3559;-2,0152;-0,3087;-0,3301;-0,071;-0,0039
