"";"V1";"V2";"V3";"V4";"V5";"V6";"V7";"V8";"V9";"V10";"V11";"V12"
"1";0;0;0;0;0;0;0;0;0;0;0;1
"2";0;0;0;0;0;0;0;0;0;0;0;1
"3";0;0;0;0;0;0;0;0;0;0;0;1
"4";0;0;0;0;0;0;0;0;0;0;0;1
"5";0;0;0;0;0;0;0;0;0;0;0;1
"6";0;0;0;0;0;0;0;0;0;0;0;1
"7";0;0;0;0;0;0;0;0;0;0;0;2
"8";0;0;0;0;0;0;0;0;0;0;0;2
"9";0;0;0;0;0;0;0;0;0;0;0;1
"10";0;0;0;0;0;0;0;0;0;0;0;2
"11";0;0;0;0;0;0;0;0;0;0;0;2
"12";0;0;0;0;0;0;0;0;0;0;0;2
"13";0;0;0;0;0;0;0;0;0;0;0;1
"14";0;0;0;0;0;0;0;0;0;0;0;1
"15";0;0;0;0;0;0;0;0;0;0;0;1
"16";0;0;0;0;0;0;0;0;0;0;0;1
"17";0;0;0;0;0;0;0;0;0;0;0;1
"18";0;0;0;0;0;0;0;0;0;0;0;1
"19";0;0;0;0;0;0;0;0;0;0;0;2
"20";0;0;0;0;0;0;0;0;0;0;0;2
"21";0;0;0;0;0;0;0;0;0;0;0;2
"22";0;0;0;0;0;0;0;0;0;0;0;2
"23";0;0;0;0;0;0;0;0;0;0;0;1
"24";0;0;0;0;0;0;0;0;0;0;0;1
"25";0;0;0;0;0;0;0;0;0;0;0;1
"26";0;0;0;0;0;0;0;0;0;0;0;1
"27";0;0;0;0;0;0;0;0;0;0;0;2
"28";0;0;0;0;0;0;0;0;0;0;0;1
"29";0;0;0;0;0;0;0;0;0;0;0;1
"30";0;0;0;0;0;0;0;0;0;0;0;1
"31";0;0;0;0;0;0;0;0;0;0;0;1
"32";0;0;0;0;0;0;0;0;0;0;0;2
"33";0;0;0;0;0;0;0;0;0;0;0;2
"34";0;0;0;0;0;0;0;0;0;0;0;1
"35";0;0;0;0;0;0;0;0;0;0;0;1
"36";0;0;0;0;0;0;0;0;0;0;0;1
"37";0;0;0;0;0;0;0;0;0;0;0;1
"38";0;0;0;0;0;0;0;0;0;0;0;1
"39";0;0;0;0;0;0;0;0;0;0;0;1
"40";0;0;0;0;0;0;0;0;0;0;0;1
"41";0;0;0;0;0;0;0;0;0;0;0;1
"42";0;0;0;0;0;0;0;0;0;0;0;1
"43";0;0;0;0;0;0;0;0;0;0;0;1
"44";0;0;0;0;0;0;0;0;0;0;0;1
"45";0;0;0;0;0;0;0;0;0;0;0;2
"46";0;0;0;0;0;0;0;0;0;0;0;1
"47";0;0;0;0;0;0;0;0;0;0;0;2
"48";0;0;0;0;0;0;0;0;0;0;0;2
"49";0;0;0;0;0;0;0;0;0;0;0;0
"50";0;0;0;0;0;0;0;0;0;0;0;0
"51";0;0;0;0;0;0;0;0;0;0;0;0
"52";0;0;0;0;0;0;0;0;0;0;0;0
"53";0;0;0;0;0;0;0;0;0;0;0;0
"54";0;0;0;0;0;0;0;0;0;0;0;0
"55";0;0;0;0;0;0;0;0;0;0;0;0
"56";0;0;0;0;0;0;0;0;0;0;0;0
"57";0;0;0;0;0;0;0;0;0;0;0;0
"58";0;0;0;0;0;0;0;0;0;0;0;0
"59";0;0;0;0;0;0;0;0;0;0;0;0
"60";0;0;0;0;0;0;0;0;0;0;0;0
"61";0;0;0;0;0;0;0;0;0;0;0;0
"62";0;0;0;0;0;0;0;0;0;0;0;0
"63";0;0;0;0;0;0;0;0;0;0;0;0
"64";0;0;0;0;0;0;0;0;0;0;0;0
"65";0;0;0;0;0;0;0;0;0;0;0;0
"66";0;0;0;0;0;0;0;0;0;0;0;0
"67";0;0;0;0;0;0;0;0;0;0;0;2
"68";0;0;0;0;0;0;0;0;0;0;0;0
"69";0;0;0;0;0;0;0;0;0;0;0;0
"70";0;0;0;0;0;0;0;0;0;0;0;0
"71";0;0;0;0;0;0;0;0;0;0;0;2
"72";0;0;0;0;0;0;0;0;0;0;0;0
"73";0;0;0;0;0;0;0;0;0;0;0;0
"74";0;0;0;0;0;0;0;0;0;0;0;0
"75";0;0;0;0;0;0;0;0;0;0;0;0
"76";0;0;0;0;0;0;0;0;0;0;0;0
"77";0;0;0;0;0;0;0;0;0;0;0;0
"78";0;0;0;0;0;0;0;0;0;0;0;2
"79";0;0;0;0;0;0;0;0;0;0;0;2
"80";0;0;0;0;0;0;0;0;0;0;0;0
"81";0;0;0;0;0;0;0;0;0;0;0;0
"82";0;0;0;0;0;0;0;0;0;0;0;2
"83";0;0;0;0;0;0;0;0;0;0;0;0
"84";0;0;0;0;0;0;0;0;0;0;0;0
"85";0;0;0;0;0;0;0;0;0;0;0;0
"86";0;0;0;0;0;0;0;0;0;0;0;0
"87";0;0;0;0;0;0;0;0;0;0;0;1
"88";0;0;0;0;0;0;0;0;0;0;0;1
"89";0;0;0;0;0;0;0;0;0;0;0;1
"90";0;0;0;0;0;0;0;0;0;0;0;1
"91";0;0;0;0;0;0;0;0;0;0;0;1
"92";0;0;0;0;0;0;0;0;0;0;0;1
"93";0;0;0;0;0;0;0;0;0;0;0;1
"94";0;0;0;0;0;0;0;0;0;0;0;1
"95";0;0;0;0;0;0;0;0;0;0;0;1
"96";0;0;0;0;0;0;0;0;0;0;0;2
"97";0;0;0;0;0;0;0;0;0;0;0;0
"98";0;0;0;0;0;0;0;0;0;0;0;0
"99";0;0;0;0;0;0;0;0;0;0;0;0
"100";0;0;0;0;0;0;0;0;0;0;0;0
"101";0;0;0;0;0;0;0;0;0;0;0;0
"102";0;0;0;0;0;0;0;0;0;0;0;0
"103";0;0;0;0;0;0;0;0;0;0;0;0
"104";0;0;0;0;0;0;0;0;0;0;0;0
"105";0;0;0;0;0;0;0;0;0;0;0;0
"106";0;0;0;0;0;0;0;0;0;0;0;0
"107";0;0;0;0;0;0;0;0;0;0;0;0
"108";0;0;0;0;0;0;0;0;0;0;0;1
"109";0;0;0;0;0;0;0;0;0;0;0;0
"110";0;0;0;0;0;0;0;0;0;0;0;0
"111";0;0;0;0;0;0;0;0;0;0;0;0
"112";0;0;0;0;0;0;0;0;0;0;0;0
"113";0;0;0;0;0;0;0;0;0;0;0;0
"114";0;0;0;0;0;0;0;0;0;0;0;0
"115";0;0;0;0;0;0;0;0;0;0;0;0
"116";0;0;0;0;0;0;0;0;0;0;0;0
"117";0;0;0;0;0;0;0;0;0;0;0;2
"118";0;0;0;0;0;0;0;0;0;0;0;2
"119";0;0;0;0;0;0;0;0;0;0;0;2
"120";0;0;0;0;0;0;0;0;0;0;0;2
"121";0;0;0;0;0;0;0;0;0;0;0;2
"122";0;0;0;0;0;0;0;0;0;0;0;2
"123";0;0;0;0;0;0;0;0;0;0;0;2
"124";0;0;0;0;0;0;0;0;0;0;0;2
"125";0;0;0;0;0;0;0;0;0;0;0;2
"126";0;0;0;0;0;0;0;0;0;0;0;2
"127";0;0;0;0;0;0;0;0;0;0;0;2
"128";0;0;0;0;0;0;0;0;0;0;0;2
"129";0;0;0;0;0;0;0;0;0;0;0;2
"130";0;0;0;0;0;0;0;0;0;0;0;2
"131";0;0;0;0;0;0;0;0;0;0;0;2
"132";0;0;0;0;0;0;0;0;0;0;0;2
"133";0;0;0;0;0;0;0;0;0;0;0;2
"134";0;0;0;0;0;0;0;0;0;0;0;2
"135";0;0;0;0;0;0;0;0;0;0;0;2
"136";0;0;0;0;0;0;0;0;0;0;0;2
"137";0;0;0;0;0;0;0;0;0;0;0;2
"138";0;0;0;0;0;0;0;0;0;0;0;2
"139";0;0;0;0;0;0;0;0;0;0;0;2
"140";0;0;0;0;0;0;0;0;0;0;0;1
"141";0;0;0;0;0;0;0;0;0;0;0;1
"142";0;0;0;0;0;0;0;0;0;0;0;2
"143";0;0;0;0;0;0;0;0;0;0;0;1
"144";0;0;0;0;0;0;0;0;0;0;0;2
"145";0;0;0;0;0;0;0;0;0;0;0;1
"146";0;0;0;0;0;0;0;0;0;0;0;1
"147";0;0;0;0;0;0;0;0;0;0;0;2
"148";0;0;0;0;0;0;0;0;0;0;0;2
"149";0;0;0;0;0;0;0;0;0;0;0;2
"150";0;0;0;0;0;0;0;0;0;0;0;2
"151";0;0;0;0;0;0;0;0;0;0;0;2
"152";0;0;0;0;0;0;0;0;0;0;0;2
"153";0;0;0;0;0;0;0;0;0;0;0;1
"154";0;0;0;0;0;0;0;0;0;0;0;2
"155";0;0;0;0;0;0;0;0;0;0;0;1
"156";0;0;0;0;0;0;0;0;0;0;0;2
"157";0;0;0;0;0;0;0;0;0;0;0;2
"158";0;0;0;0;0;0;0;0;0;0;0;1
"159";0;0;0;0;0;0;0;0;0;0;0;1
"160";0;0;0;0;0;0;0;0;0;0;0;1
"161";0;0;0;0;0;0;0;0;0;0;0;2
"162";0;0;0;0;0;0;0;0;0;0;0;2
"163";0;0;0;0;0;0;0;0;0;0;0;2
"164";0;0;0;0;0;0;0;0;0;0;0;2
"165";0;0;0;0;0;0;0;0;0;0;0;2
"166";0;0;0;0;0;0;0;0;0;0;0;2
"167";0;0;0;0;0;0;0;0;0;0;0;2
"168";0;0;0;0;0;0;0;0;0;0;0;2
"169";0;0;0;0;0;0;0;0;0;0;0;1
"170";0;0;0;0;0;0;0;0;0;0;0;2
"171";0;0;0;0;0;0;0;0;0;0;0;2
"172";0;0;0;0;0;0;0;0;0;0;0;2
"173";0;0;0;0;0;0;0;0;0;0;0;2
"174";0;0;0;0;0;0;0;0;0;0;0;0
"175";0;0;0;0;0;0;0;0;0;0;0;2
"176";0;0;0;0;0;0;0;0;0;0;0;2
"177";0;0;0;0;0;0;0;0;0;0;0;2
"178";0;0;0;0;0;0;0;0;0;0;0;2
"179";0;0;0;0;0;0;0;0;0;0;0;1
"180";0;0;0;0;0;0;0;0;0;0;0;1
"181";0;0;0;0;0;0;0;0;0;0;0;1
"182";0;0;0;0;0;0;0;0;0;0;0;1
"183";0;0;0;0;0;0;0;0;0;0;0;1
"184";0;0;0;0;0;0;0;0;0;0;0;1
"185";0;0;0;0;0;0;0;0;0;0;0;1
"186";0;0;0;0;0;0;0;0;0;0;0;1
"187";0;0;0;0;0;0;0;0;0;0;0;1
"188";0;0;0;0;0;0;0;0;0;0;0;1
"189";0;0;0;0;0;0;0;0;0;0;0;1
"190";0;0;0;0;0;0;0;0;0;0;0;2
"191";0;0;0;0;0;0;0;0;0;0;0;1
"192";0;0;0;0;0;0;0;0;0;0;0;1
"193";0;0;0;0;0;0;0;0;0;0;0;1
"194";0;0;0;0;0;0;0;0;0;0;0;1
"195";0;0;0;0;0;0;0;0;0;0;0;1
"196";0;0;0;0;0;0;0;0;0;0;0;1
"197";0;0;0;0;0;0;0;0;0;0;0;2
"198";0;0;0;0;0;0;0;0;0;0;0;1
"199";0;0;0;0;0;0;0;0;0;0;0;1
"200";0;0;0;0;0;0;0;0;0;0;0;2
"201";0;0;0;0;0;0;0;0;0;0;0;2
"202";0;0;0;0;0;0;0;0;0;0;0;2
"203";0;0;0;0;0;0;0;0;0;0;0;0
"204";0;0;0;0;0;0;0;0;0;0;0;0
"205";0;0;0;0;0;0;0;0;0;0;0;0
"206";0;0;0;0;0;0;0;0;0;0;0;0
"207";0;0;0;0;0;0;0;0;0;0;0;0
"208";0;0;0;0;0;0;0;0;0;0;0;0
"209";0;0;0;0;0;0;0;0;0;0;0;0
"210";0;0;0;0;0;0;0;0;0;0;0;0
"211";0;0;0;0;0;0;0;0;0;0;0;0
"212";0;0;0;0;0;0;0;0;0;0;0;0
"213";0;0;0;0;0;0;0;0;0;0;0;0
"214";0;0;0;0;0;0;0;0;0;0;0;0
"215";0;0;0;0;0;0;0;0;0;0;0;0
"216";0;0;0;0;0;0;0;0;0;0;0;0
"217";0;0;0;0;0;0;0;0;0;0;0;0
"218";0;0;0;0;0;0;0;0;0;0;0;0
"219";0;0;0;0;0;0;0;0;0;0;0;0
"220";0;0;0;0;0;0;0;0;0;0;0;0
"221";0;0;0;0;0;0;0;0;0;0;0;0
"222";0;0;0;0;0;0;0;0;0;0;0;0
"223";0;0;0;0;0;0;0;0;0;0;0;0
"224";0;0;0;0;0;0;0;0;0;0;0;0
"225";0;0;0;0;0;0;0;0;0;0;0;0
"226";0;0;0;0;0;0;0;0;0;0;0;0
"227";0;0;0;0;0;0;0;0;0;0;0;0
"228";0;0;0;0;0;0;0;0;0;0;0;0
"229";0;0;0;0;0;0;0;0;0;0;0;0
"230";0;0;0;0;0;0;0;0;0;0;0;0
"231";0;0;0;0;0;0;0;0;0;0;0;0
"232";0;0;0;0;0;0;0;0;0;0;0;0
"233";0;0;0;0;0;0;0;0;0;0;0;0
"234";0;0;0;0;0;0;0;0;0;0;0;0
"235";0;0;0;0;0;0;0;0;0;0;0;0
"236";0;0;0;0;0;0;0;0;0;0;0;0
"237";0;0;0;0;0;0;0;0;0;0;0;0
"238";0;0;0;0;0;0;0;0;0;0;0;0
"239";0;0;0;0;0;0;0;0;0;0;0;2
"240";0;0;0;0;0;0;0;0;0;0;0;1
"241";0;0;0;0;0;0;0;0;0;0;0;0
"242";0;0;0;0;0;0;0;0;0;0;0;0
"243";0;0;0;0;0;0;0;0;0;0;0;0
"244";0;0;0;0;0;0;0;0;0;0;0;0
"245";0;0;0;0;0;0;0;0;0;0;0;0
"246";0;0;0;0;0;0;0;0;0;0;0;0
"247";0;0;0;0;0;0;0;0;0;0;0;0
"248";0;0;0;0;0;0;0;0;0;0;0;0
"249";0;0;0;0;0;0;0;0;0;0;0;0
"250";0;0;0;0;0;0;0;0;0;0;0;0
"251";0;0;0;0;0;0;0;0;0;0;0;0
"252";0;0;0;0;0;0;0;0;0;0;0;0
"253";0;0;0;0;0;0;0;0;0;0;0;2
"254";0;0;0;0;0;0;0;0;0;0;0;2
"255";0;0;0;0;0;0;0;0;0;0;0;2
"256";0;0;0;0;0;0;0;0;0;0;0;2
"257";0;0;0;0;0;0;0;0;0;0;0;2
"258";0;0;0;0;0;0;0;0;0;0;0;2
"259";0;0;0;0;0;0;0;0;0;0;0;2
"260";0;0;0;0;0;0;0;0;0;0;0;2
"261";0;0;0;0;0;0;0;0;0;0;0;2
"262";0;0;0;0;0;0;0;0;0;0;0;0
"263";0;0;0;0;0;0;0;0;0;0;0;0
"264";0;0;0;0;0;0;0;0;0;0;0;0
"265";0;0;0;0;0;0;0;0;0;0;0;0
"266";0;0;0;0;0;0;0;0;0;0;0;0
"267";0;0;0;0;0;0;0;0;0;0;0;0
"268";0;0;0;0;0;0;0;0;0;0;0;0
"269";0;0;0;0;0;0;0;0;0;0;0;0
"270";0;0;0;0;0;0;0;0;0;0;0;2
"271";0;0;0;0;0;0;0;0;0;0;0;2
"272";0;0;0;0;0;0;0;0;0;0;0;2
"273";0;0;0;0;0;0;0;0;0;0;0;2
"274";0;0;0;0;0;0;0;0;0;0;0;1
"275";0;0;0;0;0;0;0;0;0;0;0;1
"276";0;0;0;0;0;0;0;0;0;0;0;0
"277";0;0;0;0;0;0;0;0;0;0;0;1
"278";0;0;0;0;0;0;0;0;0;0;0;1
"279";0;0;0;0;0;0;0;0;0;0;0;0
"280";0;0;0;0;0;0;0;0;0;0;0;0
"281";0;0;0;0;0;0;0;0;0;0;0;0
"282";0;0;0;0;0;0;0;0;0;0;0;0
"283";0;0;0;0;0;0;0;0;0;0;0;1
"284";0;0;0;0;0;0;0;0;0;0;0;0
"285";0;0;0;0;0;0;0;0;0;0;0;0
"286";0;0;0;0;0;0;0;0;0;0;0;0
"287";0;0;0;0;0;0;0;0;0;0;0;0
"288";0;0;0;0;0;0;0;0;0;0;0;0
"289";0;0;0;0;0;0;0;0;0;0;0;0
"290";0;0;0;0;0;0;0;0;0;0;0;0
"291";0;0;0;0;0;0;0;0;0;0;0;0
"292";0;0;0;0;0;0;0;0;0;0;0;1
"293";0;0;0;0;0;0;0;0;0;0;0;0
"294";0;0;0;0;0;0;0;0;0;0;0;0
"295";0;0;0;0;0;0;0;0;0;0;0;0
"296";0;0;0;0;0;0;0;0;0;0;0;1
"297";0;0;0;0;0;0;0;0;0;0;0;0
"298";0;0;0;0;0;0;0;0;0;0;0;1
"299";0;0;0;0;0;0;0;0;0;0;0;0
"300";0;0;0;0;0;0;0;0;0;0;0;0
"301";0;0;0;0;0;0;0;0;0;0;0;1
"302";0;0;0;0;0;0;0;0;0;0;0;0
"303";0;0;0;0;0;0;0;0;0;0;0;0
"304";0;0;0;0;0;0;0;0;0;0;0;0
"305";0;0;0;0;0;0;0;0;0;0;0;1
"306";0;0;0;0;0;0;0;0;0;0;0;1
"307";0;0;0;0;0;0;0;0;0;0;0;2
"308";0;0;0;0;0;0;0;0;0;0;0;2
"309";0;0;0;0;0;0;0;0;0;0;0;1
"310";0;0;0;0;0;0;0;0;0;0;0;1
"311";0;0;0;0;0;0;0;0;0;0;0;1
"312";0;0;0;0;0;0;0;0;0;0;0;1
"313";0;0;0;0;0;0;0;0;0;0;0;1
"314";0;0;0;0;0;0;0;0;0;0;0;1
"315";0;0;0;0;0;0;0;0;0;0;0;0
"316";0;0;0;0;0;0;0;0;0;0;0;0
"317";0;0;0;0;0;0;0;0;0;0;0;1
"318";0;0;0;0;0;0;0;0;0;0;0;0
"319";0;0;0;0;0;0;0;0;0;0;0;0
"320";0;0;0;0;0;0;0;0;0;0;0;1
"321";0;0;0;0;0;0;0;0;0;0;0;1
"322";0;0;0;0;0;0;0;0;0;0;0;2
"323";0;0;0;0;0;0;0;0;0;0;0;1
"324";0;0;0;0;0;0;0;0;0;0;0;0
"325";0;0;0;0;0;0;0;0;0;0;0;0
"326";0;0;0;0;0;0;0;0;0;0;0;1
"327";0;0;0;0;0;0;0;0;0;0;0;1
"328";0;0;0;0;0;0;0;0;0;0;0;0
"329";0;0;0;0;0;0;0;0;0;0;0;0
"330";0;0;0;0;0;0;0;0;0;0;0;1
"331";0;0;0;0;0;0;0;0;0;0;0;0
"332";0;0;0;0;0;0;0;0;0;0;0;1
"333";0;0;0;0;0;0;0;0;0;0;0;0
"334";0;0;0;0;0;0;0;0;0;0;0;0
"335";0;0;0;0;0;0;0;0;0;0;0;0
"336";0;0;0;0;0;0;0;0;0;0;0;0
"337";0;0;0;0;0;0;0;0;0;0;0;0
"338";0;0;0;0;0;0;0;0;0;0;0;0
"339";0;0;0;0;0;0;0;0;0;0;0;1
"340";0;0;0;0;0;0;0;0;0;0;0;0
"341";0;0;0;0;0;0;0;0;0;0;0;0
"342";0;0;0;0;0;0;0;0;0;0;0;0
"343";0;0;0;0;0;0;0;0;0;0;0;0
"344";0;0;0;0;0;0;0;0;0;0;0;0
"345";0;0;0;0;0;0;0;0;0;0;0;0
"346";0;0;0;0;0;0;0;0;0;0;0;0
"347";0;0;0;0;0;0;0;0;0;0;0;0
"348";0;0;0;0;0;0;0;0;0;0;0;0
"349";0;0;0;0;0;0;0;0;0;0;0;0
"350";0;0;0;0;0;0;0;0;0;0;0;0
"351";0;0;0;0;0;0;0;0;0;0;0;1
"352";0;0;0;0;0;0;0;0;0;0;0;0
"353";0;0;0;0;0;0;0;0;0;0;0;0
"354";0;0;0;0;0;0;0;0;0;0;0;0
"355";0;0;0;0;0;0;0;0;0;0;0;0
"356";0;0;0;0;0;0;0;0;0;0;0;0
"357";0;0;0;0;0;0;0;0;0;0;0;0
"358";0;0;0;0;0;0;0;0;0;0;0;0
"359";0;0;0;0;0;0;0;0;0;0;0;0
"360";0;0;0;0;0;0;0;0;0;0;0;0
"361";0;0;0;0;0;0;0;0;0;0;0;0
"362";0;0;0;0;0;0;0;0;0;0;0;0
"363";0;0;0;0;0;0;0;0;0;0;0;0
"364";0;0;0;0;0;0;0;0;0;0;0;0
"365";0;0;0;0;0;0;0;0;0;0;0;0
"366";0;0;0;0;0;0;0;0;0;0;0;0
"367";0;0;0;0;0;0;0;0;0;0;0;1
"368";0;0;0;0;0;0;0;0;0;0;0;0
"369";0;0;0;0;0;0;0;0;0;0;0;0
"370";0;0;0;0;0;0;0;0;0;0;0;0
"371";0;0;0;0;0;0;0;0;0;0;0;0
"372";0;0;0;0;0;0;0;0;0;0;0;0
"373";0;0;0;0;0;0;0;0;0;0;0;0
"374";0;0;0;0;0;0;0;0;0;0;0;0
"375";0;0;0;0;0;0;0;0;0;0;0;0
"376";0;0;0;0;0;0;0;0;0;0;0;0
"377";0;0;0;0;0;0;0;0;0;0;0;0
"378";0;0;0;0;0;0;0;0;0;0;0;0
"379";0;0;0;0;0;0;0;0;0;0;0;0
"380";0;0;0;0;0;0;0;0;0;0;0;0
"381";0;0;0;0;0;0;0;0;0;0;0;0
"382";0;0;0;0;0;0;0;0;0;0;0;0
"383";0;0;0;0;0;0;0;0;0;0;0;0
"384";0;0;0;0;0;0;0;0;0;0;0;0
"385";0;0;0;0;0;0;0;0;0;0;0;0
"386";0;0;0;0;0;0;0;0;0;0;0;0
"387";0;0;0;0;0;0;0;0;0;0;0;0
"388";0;0;0;0;0;0;0;0;0;0;0;0
"389";0;0;0;0;0;0;0;0;0;0;0;0
"390";0;0;0;0;0;0;0;0;0;0;0;0
"391";0;0;0;0;0;0;0;0;0;0;0;0
"392";0;0;0;0;0;0;0;0;0;0;0;0
"393";0;0;0;0;0;0;0;0;0;0;0;0
"394";0;0;0;0;0;0;0;0;0;0;0;0
"395";0;0;0;0;0;0;0;0;0;0;0;0
"396";0;0;0;0;0;0;0;0;0;0;0;0
"397";0;0;0;0;0;0;0;0;0;0;0;0
"398";0;0;0;0;0;0;0;0;0;0;0;0
"399";0;0;0;0;0;0;0;0;0;0;0;0
"400";0;0;0;0;0;0;0;0;0;0;0;0
"401";0;0;0;0;0;0;0;0;0;0;0;0
"402";0;0;0;0;0;0;0;0;0;0;0;0
"403";0;0;0;0;0;0;0;0;0;0;0;0
"404";0;0;0;0;0;0;0;0;0;0;0;0
"405";0;0;0;0;0;0;0;0;0;0;0;0
"406";0;0;0;0;0;0;0;0;0;0;0;0
"407";0;0;0;0;0;0;0;0;0;0;0;0
"408";0;0;0;0;0;0;0;0;0;0;0;0
"409";0;0;0;0;0;0;0;0;0;0;0;0
"410";0;0;0;0;0;0;0;0;0;0;0;0
"411";0;0;0;0;0;0;0;0;0;0;0;0
"412";0;0;0;0;0;0;0;0;0;0;0;0
"413";0;0;0;0;0;0;0;0;0;0;0;0
"414";0;0;0;0;0;0;0;0;0;0;0;0
"415";0;0;0;0;0;0;0;0;0;0;0;0
"416";0;0;0;0;0;0;0;0;0;0;0;0
"417";0;0;0;0;0;0;0;0;0;0;0;0
"418";0;0;0;0;0;0;0;0;0;0;0;0
"419";0;0;0;0;0;0;0;0;0;0;0;0
"420";0;0;0;0;0;0;0;0;0;0;0;0
"421";0;0;0;0;0;0;0;0;0;0;0;0
"422";0;0;0;0;0;0;0;0;0;0;0;0
"423";0;0;0;0;0;0;0;0;0;0;0;0
"424";0;0;0;0;0;0;0;0;0;0;0;0
"425";0;0;0;0;0;0;0;0;0;0;0;0
"426";0;0;0;0;0;0;0;0;0;0;0;0
"427";0;0;0;0;0;0;0;0;0;0;0;0
"428";0;0;0;0;0;0;0;0;0;0;0;0
"429";0;0;0;0;0;0;0;0;0;0;0;1
"430";0;0;0;0;0;0;0;0;0;0;0;1
"431";0;0;0;0;0;0;0;0;0;0;0;1
"432";0;0;0;0;0;0;0;0;0;0;0;1
"433";0;0;0;0;0;0;0;0;0;0;0;1
"434";0;0;0;0;0;0;0;0;0;0;0;1
"435";0;0;0;0;0;0;0;0;0;0;0;1
"436";0;0;0;0;0;0;0;0;0;0;0;1
"437";0;0;0;0;0;0;0;0;0;0;0;1
"438";0;0;0;0;0;0;0;0;0;0;0;0
"439";0;0;0;0;0;0;0;0;0;0;0;0
"440";0;0;0;0;0;0;0;0;0;0;0;0
"441";0;0;0;0;0;0;0;0;0;0;0;0
"442";0;0;0;0;0;0;0;0;0;0;0;0
"443";0;0;0;0;0;0;0;0;0;0;0;0
"444";0;0;0;0;0;0;0;0;0;0;0;0
"445";0;0;0;0;0;0;0;0;0;0;0;0
"446";0;0;0;0;0;0;0;0;0;0;0;0
"447";0;0;0;0;0;0;0;0;0;0;0;0
"448";0;0;0;0;0;0;0;0;0;0;0;0
"449";0;0;0;0;0;0;0;0;0;0;0;0
"450";0;0;0;0;0;0;0;0;0;0;0;0
"451";0;0;0;0;0;0;0;0;0;0;0;2
"452";0;0;0;0;0;0;0;0;0;0;0;2
"453";0;0;0;0;0;0;0;0;0;0;0;2
"454";0;0;0;0;0;0;0;0;0;0;0;2
"455";0;0;0;0;0;0;0;0;0;0;0;1
"456";0;0;0;0;0;0;0;0;0;0;0;1
"457";0;0;0;0;0;0;0;0;0;0;0;2
"458";0;0;0;0;0;0;0;0;0;0;0;2
"459";0;0;0;0;0;0;0;0;0;0;0;2
"460";0;0;0;0;0;0;0;0;0;0;0;2
"461";0;0;0;0;0;0;0;0;0;0;0;2
"462";0;0;0;0;0;0;0;0;0;0;0;2
"463";0;0;0;0;0;0;0;0;0;0;0;2
"464";0;0;0;0;0;0;0;0;0;0;0;2
"465";0;0;0;0;0;0;0;0;0;0;0;2
"466";0;0;0;0;0;0;0;0;0;0;0;2
"467";0;0;0;0;0;0;0;0;0;0;0;2
"468";0;0;0;0;0;0;0;0;0;0;0;1
"469";0;0;0;0;0;0;0;0;0;0;0;1
"470";0;0;0;0;0;0;0;0;0;0;0;1
"471";0;0;0;0;0;0;0;0;0;0;0;1
"472";0;0;0;0;0;0;0;0;0;0;0;2
"473";0;0;0;0;0;0;0;0;0;0;0;2
"474";0;0;0;0;0;0;0;0;0;0;0;2
"475";0;0;0;0;0;0;0;0;0;0;0;1
"476";0;0;0;0;0;0;0;0;0;0;0;2
"477";0;0;0;0;0;0;0;0;0;0;0;1
"478";0;0;0;0;0;0;0;0;0;0;0;1
"479";0;0;0;0;0;0;0;0;0;0;0;2
"480";0;0;0;0;0;0;0;0;0;0;0;2
"481";0;0;0;0;0;0;0;0;0;0;0;0
"482";0;0;0;0;0;0;0;0;0;0;0;0
"483";0;0;0;0;0;0;0;0;0;0;0;0
"484";0;0;0;0;0;0;0;0;0;0;0;0
"485";0;0;0;0;0;0;0;0;0;0;0;0
"486";0;0;0;0;0;0;0;0;0;0;0;0
"487";0;0;0;0;0;0;0;0;0;0;0;2
"488";0;0;0;0;0;0;0;0;0;0;0;2
"489";0;0;0;0;0;0;0;0;0;0;0;1
"490";0;0;0;0;0;0;0;0;0;0;0;2
"491";0;0;0;0;0;0;0;0;0;0;0;2
"492";0;0;0;0;0;0;0;0;0;0;0;0
"493";0;0;0;0;0;0;0;0;0;0;0;0
"494";0;0;0;0;0;0;0;0;0;0;0;0
"495";0;0;0;0;0;0;0;0;0;0;0;0
"496";0;0;0;0;0;0;0;0;0;0;0;0
"497";0;0;0;0;0;0;0;0;0;0;0;0
"498";0;0;0;0;0;0;0;0;0;0;0;2
"499";0;0;0;0;0;0;0;0;0;0;0;0
"500";0;0;0;0;0;0;0;0;0;0;0;0
"501";0;0;0;0;0;0;0;0;0;0;0;0
"502";0;0;0;0;0;0;0;0;0;0;0;0
"503";0;0;0;0;0;0;0;0;0;0;0;0
"504";0;0;0;0;0;0;0;0;0;0;0;0
"505";0;0;0;0;0;0;0;0;0;0;0;0
"506";0;0;0;0;0;0;0;0;0;0;0;0
"507";0;0;0;0;0;0;0;0;0;0;0;0
"508";0;0;0;0;0;0;0;0;0;0;0;0
"509";0;0;0;0;0;0;0;0;0;0;0;0
"510";0;0;0;0;0;0;0;0;0;0;0;0
"511";0;0;0;0;0;0;0;0;0;0;0;0
"512";0;0;0;0;0;0;0;0;0;0;0;0
"513";0;0;0;0;0;0;0;0;0;0;0;0
"514";0;0;0;0;0;0;0;0;0;0;0;0
"515";0;0;0;0;0;0;0;0;0;0;0;0
"516";0;0;0;0;0;0;0;0;0;0;0;0
"517";0;0;0;0;0;0;0;0;0;0;0;0
"518";0;0;0;0;0;0;0;0;0;0;0;0
"519";0;0;0;0;0;0;0;0;0;0;0;0
"520";0;0;0;0;0;0;0;0;0;0;0;0
"521";0;0;0;0;0;0;0;0;0;0;0;0
"522";0;0;0;0;0;0;0;0;0;0;0;0
"523";0;0;0;0;0;0;0;0;0;0;0;0
"524";0;0;0;0;0;0;0;0;0;0;0;0
"525";0;0;0;0;0;0;0;0;0;0;0;0
"526";0;0;0;0;0;0;0;0;0;0;0;2
"527";0;0;0;0;0;0;0;0;0;0;0;2
"528";0;0;0;0;0;0;0;0;0;0;0;2
"529";0;0;0;0;0;0;0;0;0;0;0;0
"530";0;0;0;0;0;0;0;0;0;0;0;0
"531";0;0;0;0;0;0;0;0;0;0;0;0
"532";0;0;0;0;0;0;0;0;0;0;0;0
"533";0;0;0;0;0;0;0;0;0;0;0;0
"534";0;0;0;0;0;0;0;0;0;0;0;0
"535";0;0;0;0;0;0;0;0;0;0;0;0
"536";0;0;0;0;0;0;0;0;0;0;0;0
"537";0;0;0;0;0;0;0;0;0;0;0;0
"538";0;0;0;0;0;0;0;0;0;0;0;0
"539";0;0;0;0;0;0;0;0;0;0;0;0
"540";0;0;0;0;0;0;0;0;0;0;0;0
"541";0;0;0;0;0;0;0;0;0;0;0;2
"542";0;0;0;0;0;0;0;0;0;0;0;2
"543";0;0;0;0;0;0;0;0;0;0;0;2
"544";0;0;0;0;0;0;0;0;0;0;0;2
"545";0;0;0;0;0;0;0;0;0;0;0;2
"546";0;0;0;0;0;0;0;0;0;0;0;2
"547";0;0;0;0;0;0;0;0;0;0;0;2
"548";0;0;0;0;0;0;0;0;0;0;0;2
"549";0;0;0;0;0;0;0;0;0;0;0;0
"550";0;0;0;0;0;0;0;0;0;0;0;2
"551";0;0;0;0;0;0;0;0;0;0;0;2
"552";0;0;0;0;0;0;0;0;0;0;0;2
"553";0;0;0;0;0;0;0;0;0;0;0;2
"554";0;0;0;0;0;0;0;0;0;0;0;2
"555";0;0;0;0;0;0;0;0;0;0;0;2
"556";0;0;0;0;0;0;0;0;0;0;0;2
"557";0;0;0;0;0;0;0;0;0;0;0;2
"558";0;0;0;0;0;0;0;0;0;0;0;2
"559";0;0;0;0;0;0;0;0;0;0;0;2
"560";0;0;0;0;0;0;0;0;0;0;0;2
"561";0;0;0;0;0;0;0;0;0;0;0;2
"562";0;0;0;0;0;0;0;0;0;0;0;2
"563";0;0;0;0;0;0;0;0;0;0;0;2
"564";0;0;0;0;0;0;0;0;0;0;0;2
"565";0;0;0;0;0;0;0;0;0;0;0;2
"566";0;0;0;0;0;0;0;0;0;0;0;2
"567";0;0;0;0;0;0;0;0;0;0;0;2
"568";0;0;0;0;0;0;0;0;0;0;0;2
"569";0;0;0;0;0;0;0;0;0;0;0;2
"570";0;0;0;0;0;0;0;0;0;0;0;2
"571";0;0;0;0;0;0;0;0;0;0;0;2
"572";0;0;0;0;0;0;0;0;0;0;0;2
"573";0;0;0;0;0;0;0;0;0;0;0;2
"574";0;0;0;0;0;0;0;0;0;0;0;2
"575";0;0;0;0;0;0;0;0;0;0;0;2
"576";0;0;0;0;0;0;0;0;0;0;0;2
"577";0;0;0;0;0;0;0;0;0;0;0;2
"578";0;0;0;0;0;0;0;0;0;0;0;2
"579";0;0;0;0;0;0;0;0;0;0;0;2
"580";0;0;0;0;0;0;0;0;0;0;0;2
"581";0;0;0;0;0;0;0;0;0;0;0;2
"582";0;0;0;0;0;0;0;0;0;0;0;2
"583";0;0;0;0;0;0;0;0;0;0;0;2
"584";0;0;0;0;0;0;0;0;0;0;0;2
"585";0;0;0;0;0;0;0;0;0;0;0;2
"586";0;0;0;0;0;0;0;0;0;0;0;2
"587";0;0;0;0;0;0;0;0;0;0;0;2
"588";0;0;0;0;0;0;0;0;0;0;0;2
"589";0;0;0;0;0;0;0;0;0;0;0;2
"590";0;0;0;0;0;0;0;0;0;0;0;2
"591";0;0;0;0;0;0;0;0;0;0;0;2
"592";0;0;0;0;0;0;0;0;0;0;0;2
"593";0;0;0;0;0;0;0;0;0;0;0;2
"594";0;0;0;0;0;0;0;0;0;0;0;2
"595";0;0;0;0;0;0;0;0;0;0;0;2
"596";0;0;0;0;0;0;0;0;0;0;0;2
"597";0;0;0;0;0;0;0;0;0;0;0;2
"598";0;0;0;0;0;0;0;0;0;0;0;2
"599";0;0;0;0;0;0;0;0;0;0;0;1
"600";0;0;0;0;0;0;0;0;0;0;0;0
"601";0;0;0;0;0;0;0;0;0;0;0;0
"602";0;0;0;0;0;0;0;0;0;0;0;0
"603";0;0;0;0;0;0;0;0;0;0;0;1
"604";0;0;0;0;0;0;0;0;0;0;0;1
"605";0;0;0;0;0;0;0;0;0;0;0;2
"606";0;0;0;0;0;0;0;0;0;0;0;1
"607";0;0;0;0;0;0;0;0;0;0;0;1
"608";0;0;0;0;0;0;0;0;0;0;0;0
"609";0;0;0;0;0;0;0;0;0;0;0;1
"610";0;0;0;0;0;0;0;0;0;0;0;1
"611";0;0;0;0;0;0;0;0;0;0;0;1
"612";0;0;0;0;0;0;0;0;0;0;0;1
"613";0;0;0;0;0;0;0;0;0;0;0;0
"614";0;0;0;0;0;0;0;0;0;0;0;0
"615";0;0;0;0;0;0;0;0;0;0;0;0
"616";0;0;0;0;0;0;0;0;0;0;0;0
"617";0;0;0;0;0;0;0;0;0;0;0;0
"618";0;0;0;0;0;0;0;0;0;0;0;2
"619";0;0;0;0;0;0;0;0;0;0;0;2
"620";0;0;0;0;0;0;0;0;0;0;0;0
"621";0;0;0;0;0;0;0;0;0;0;0;0
"622";0;0;0;0;0;0;0;0;0;0;0;1
"623";0;0;0;0;0;0;0;0;0;0;0;0
"624";0;0;0;0;0;0;0;0;0;0;0;0
"625";0;0;0;0;0;0;0;0;0;0;0;0
"626";0;0;0;0;0;0;0;0;0;0;0;1
"627";0;0;0;0;0;0;0;0;0;0;0;1
"628";0;0;0;0;0;0;0;0;0;0;0;1
"629";0;0;0;0;0;0;0;0;0;0;0;1
"630";0;0;0;0;0;0;0;0;0;0;0;0
"631";0;0;0;0;0;0;0;0;0;0;0;1
"632";0;0;0;0;0;0;0;0;0;0;0;1
"633";0;0;0;0;0;0;0;0;0;0;0;1
"634";0;0;0;0;0;0;0;0;0;0;0;1
"635";0;0;0;0;0;0;0;0;0;0;0;1
"636";0;0;0;0;0;0;0;0;0;0;0;0
"637";0;0;0;0;0;0;0;0;0;0;0;0
"638";0;0;0;0;0;0;0;0;0;0;0;0
"639";0;0;0;0;0;0;0;0;0;0;0;1
"640";0;0;0;0;0;0;0;0;0;0;0;1
"641";0;0;0;0;0;0;0;0;0;0;0;0
"642";0;0;0;0;0;0;0;0;0;0;0;1
"643";0;0;0;0;0;0;0;0;0;0;0;1
"644";0;0;0;0;0;0;0;0;0;0;0;0
"645";0;0;0;0;0;0;0;0;0;0;0;0
"646";0;0;0;0;0;0;0;0;0;0;0;0
"647";0;0;0;0;0;0;0;0;0;0;0;0
"648";0;0;0;0;0;0;0;0;0;0;0;0
"649";0;0;0;0;0;0;0;0;0;0;0;1
"650";0;0;0;0;0;0;0;0;0;0;0;0
"651";0;0;0;0;0;0;0;0;0;0;0;1
"652";0;0;0;0;0;0;0;0;0;0;0;0
"653";0;0;0;0;0;0;0;0;0;0;0;0
"654";0;0;0;0;0;0;0;0;0;0;0;0
"655";0;0;0;0;0;0;0;0;0;0;0;1
"656";0;0;0;0;0;0;0;0;0;0;0;1
"657";0;0;0;0;0;0;0;0;0;0;0;0
"658";0;0;0;0;0;0;0;0;0;0;0;1
"659";0;0;0;0;0;0;0;0;0;0;0;0
"660";0;0;0;0;0;0;0;0;0;0;0;1
"661";0;0;0;0;0;0;0;0;0;0;0;2
"662";0;0;0;0;0;0;0;0;0;0;0;1
"663";0;0;0;0;0;0;0;0;0;0;0;1
"664";0;0;0;0;0;0;0;0;0;0;0;1
"665";0;0;0;0;0;0;0;0;0;0;0;1
"666";0;0;0;0;0;0;0;0;0;0;0;1
"667";0;0;0;0;0;0;0;0;0;0;0;1
"668";0;0;0;0;0;0;0;0;0;0;0;1
"669";0;0;0;0;0;0;0;0;0;0;0;1
"670";0;0;0;0;0;0;0;0;0;0;0;1
"671";0;0;0;0;0;0;0;0;0;0;0;1
"672";0;0;0;0;0;0;0;0;0;0;0;2
"673";0;0;0;0;0;0;0;0;0;0;0;1
"674";0;0;0;0;0;0;0;0;0;0;0;2
"675";0;0;0;0;0;0;0;0;0;0;0;1
"676";0;0;0;0;0;0;0;0;0;0;0;1
"677";0;0;0;0;0;0;0;0;0;0;0;1
"678";0;0;0;0;0;0;0;0;0;0;0;1
"679";0;0;0;0;0;0;0;0;0;0;0;2
"680";0;0;0;0;0;0;0;0;0;0;0;2
"681";0;0;0;0;0;0;0;0;0;0;0;1
"682";0;0;0;0;0;0;0;0;0;0;0;2
"683";0;0;0;0;0;0;0;0;0;0;0;2
"684";0;0;0;0;0;0;0;0;0;0;0;2
"685";0;0;0;0;0;0;0;0;0;0;0;2
"686";0;0;0;0;0;0;0;0;0;0;0;2
"687";0;0;0;0;0;0;0;0;0;0;0;2
"688";0;0;0;0;0;0;0;0;0;0;0;2
"689";0;0;0;0;0;0;0;0;0;0;0;2
"690";0;0;0;0;0;0;0;0;0;0;0;2
"691";0;0;0;0;0;0;0;0;0;0;0;2
"692";0;0;0;0;0;0;0;0;0;0;0;2
"693";0;0;0;0;0;0;0;0;0;0;0;2
"694";0;0;0;0;0;0;0;0;0;0;0;2
"695";0;0;0;0;0;0;0;0;0;0;0;2
"696";0;0;0;0;0;0;0;0;0;0;0;2
"697";0;0;0;0;0;0;0;0;0;0;0;2
"698";0;0;0;0;0;0;0;0;0;0;0;2
"699";0;0;0;0;0;0;0;0;0;0;0;2
"700";0;0;0;0;0;0;0;0;0;0;0;2
"701";0;0;0;0;0;0;0;0;0;0;0;2
"702";0;0;0;0;0;0;0;0;0;0;0;1
"703";0;0;0;0;0;0;0;0;0;0;0;1
"704";0;0;0;0;0;0;0;0;0;0;0;1
"705";0;0;0;0;0;0;0;0;0;0;0;1
"706";0;0;0;0;0;0;0;0;0;0;0;1
"707";0;0;0;0;0;0;0;0;0;0;0;1
"708";0;0;0;0;0;0;0;0;0;0;0;1
"709";0;0;0;0;0;0;0;0;0;0;0;1
"710";0;0;0;0;0;0;0;0;0;0;0;1
"711";0;0;0;0;0;0;0;0;0;0;0;0
"712";0;0;0;0;0;0;0;0;0;0;0;0
"713";0;0;0;0;0;0;0;0;0;0;0;0
"714";0;0;0;0;0;0;0;0;0;0;0;0
"715";0;0;0;0;0;0;0;0;0;0;0;2
"716";0;0;0;0;0;0;0;0;0;0;0;0
"717";0;0;0;0;0;0;0;0;0;0;0;0
"718";0;0;0;0;0;0;0;0;0;0;0;2
"719";0;0;0;0;0;0;0;0;0;0;0;0
"720";0;0;0;0;0;0;0;0;0;0;0;0
"721";0;0;0;0;0;0;0;0;0;0;0;2
"722";0;0;0;0;0;0;0;0;0;0;0;0
"723";0;0;0;0;0;0;0;0;0;0;0;0
"724";0;0;0;0;0;0;0;0;0;0;0;2
"725";0;0;0;0;0;0;0;0;0;0;0;0
"726";0;0;0;0;0;0;0;0;0;0;0;0
"727";0;0;0;0;0;0;0;0;0;0;0;2
"728";0;0;0;0;0;0;0;0;0;0;0;0
"729";0;0;0;0;0;0;0;0;0;0;0;0
"730";0;0;0;0;0;0;0;0;0;0;0;2
"731";0;0;0;0;0;0;0;0;0;0;0;2
"732";0;0;0;0;0;0;0;0;0;0;0;2
"733";0;0;0;0;0;0;0;0;0;0;0;2
"734";0;0;0;0;0;0;0;0;0;0;0;2
"735";0;0;0;0;0;0;0;0;0;0;0;2
"736";0;0;0;0;0;0;0;0;0;0;0;2
"737";0;0;0;0;0;0;0;0;0;0;0;1
"738";0;0;0;0;0;0;0;0;0;0;0;0
"739";0;0;0;0;0;0;0;0;0;0;0;1
"740";0;0;0;0;0;0;0;0;0;0;0;2
"741";0;0;0;0;0;0;0;0;0;0;0;0
"742";0;0;0;0;0;0;0;0;0;0;0;1
"743";0;0;0;0;0;0;0;0;0;0;0;0
"744";0;0;0;0;0;0;0;0;0;0;0;0
"745";0;0;0;0;0;0;0;0;0;0;0;0
"746";0;0;0;0;0;0;0;0;0;0;0;1
"747";0;0;0;0;0;0;0;0;0;0;0;0
"748";0;0;0;0;0;0;0;0;0;0;0;1
"749";0;0;0;0;0;0;0;0;0;0;0;2
"750";0;0;0;0;0;0;0;0;0;0;0;1
"751";0;0;0;0;0;0;0;0;0;0;0;2
"752";0;0;0;0;0;0;0;0;0;0;0;0
"753";0;0;0;0;0;0;0;0;0;0;0;0
"754";0;0;0;0;0;0;0;0;0;0;0;2
"755";0;0;0;0;0;0;0;0;0;0;0;2
"756";0;0;0;0;0;0;0;0;0;0;0;0
"757";0;0;0;0;0;0;0;0;0;0;0;0
"758";0;0;0;0;0;0;0;0;0;0;0;1
"759";0;0;0;0;0;0;0;0;0;0;0;1
"760";0;0;0;0;0;0;0;0;0;0;0;0
"761";0;0;0;0;0;0;0;0;0;0;0;0
"762";0;0;0;0;0;0;0;0;0;0;0;1
"763";0;0;0;0;0;0;0;0;0;0;0;1
"764";0;0;0;0;0;0;0;0;0;0;0;1
"765";0;0;0;0;0;0;0;0;0;0;0;0
"766";0;0;0;0;0;0;0;0;0;0;0;0
"767";0;0;0;0;0;0;0;0;0;0;0;1
"768";0;0;0;0;0;0;0;0;0;0;0;0
"769";0;0;0;0;0;0;0;0;0;0;0;0
"770";0;0;0;0;0;0;0;0;0;0;0;1
"771";0;0;0;0;0;0;0;0;0;0;0;0
"772";0;0;0;0;0;0;0;0;0;0;0;0
"773";0;0;0;0;0;0;0;0;0;0;0;2
"774";0;0;0;0;0;0;0;0;0;0;0;1
"775";0;0;0;0;0;0;0;0;0;0;0;1
"776";0;0;0;0;0;0;0;0;0;0;0;1
"777";0;0;0;0;0;0;0;0;0;0;0;1
"778";0;0;0;0;0;0;0;0;0;0;0;2
"779";0;0;0;0;0;0;0;0;0;0;0;2
"780";0;0;0;0;0;0;0;0;0;0;0;1
"781";0;0;0;0;0;0;0;0;0;0;0;0
"782";0;0;0;0;0;0;0;0;0;0;0;0
"783";0;0;0;0;0;0;0;0;0;0;0;2
"784";0;0;0;0;0;0;0;0;0;0;0;1
"785";0;0;0;0;0;0;0;0;0;0;0;0
"786";0;0;0;0;0;0;0;0;0;0;0;0
"787";0;0;0;0;0;0;0;0;0;0;0;0
"788";0;0;0;0;0;0;0;0;0;0;0;0
"789";0;0;0;0;0;0;0;0;0;0;0;1
"790";0;0;0;0;0;0;0;0;0;0;0;0
"791";0;0;0;0;0;0;0;0;0;0;0;0
"792";0;0;0;0;0;0;0;0;0;0;0;0
"793";0;0;0;0;0;0;0;0;0;0;0;1
"794";0;0;0;0;0;0;0;0;0;0;0;1
"795";0;0;0;0;0;0;0;0;0;0;0;0
"796";0;0;0;0;0;0;0;0;0;0;0;0
"797";0;0;0;0;0;0;0;0;0;0;0;1
"798";0;0;0;0;0;0;0;0;0;0;0;2
"799";0;0;0;0;0;0;0;0;0;0;0;0
"800";0;0;0;0;0;0;0;0;0;0;0;1
"801";0;0;0;0;0;0;0;0;0;0;0;2
"802";0;0;0;0;0;0;0;0;0;0;0;2
"803";0;0;0;0;0;0;0;0;0;0;0;2
"804";0;0;0;0;0;0;0;0;0;0;0;2
"805";0;0;0;0;0;0;0;0;0;0;0;2
"806";0;0;0;0;0;0;0;0;0;0;0;2
"807";0;0;0;0;0;0;0;0;0;0;0;1
"808";0;0;0;0;0;0;0;0;0;0;0;1
"809";0;0;0;0;0;0;0;0;0;0;0;2
"810";0;0;0;0;0;0;0;0;0;0;0;2
"811";0;0;0;0;0;0;0;0;0;0;0;2
"812";0;0;0;0;0;0;0;0;0;0;0;2
"813";0;0;0;0;0;0;0;0;0;0;0;2
"814";0;0;0;0;0;0;0;0;0;0;0;2
"815";0;0;0;0;0;0;0;0;0;0;0;2
"816";0;0;0;0;0;0;0;0;0;0;0;2
"817";0;0;0;0;0;0;0;0;0;0;0;2
"818";0;0;0;0;0;0;0;0;0;0;0;2
"819";0;0;0;0;0;0;0;0;0;0;0;2
"820";0;0;0;0;0;0;0;0;0;0;0;2
"821";0;0;0;0;0;0;0;0;0;0;0;1
"822";0;0;0;0;0;0;0;0;0;0;0;2
"823";0;0;0;0;0;0;0;0;0;0;0;1
"824";0;0;0;0;0;0;0;0;0;0;0;2
"825";0;0;0;0;0;0;0;0;0;0;0;2
"826";0;0;0;0;0;0;0;0;0;0;0;2
"827";0;0;0;0;0;0;0;0;0;0;0;2
"828";0;0;0;0;0;0;0;0;0;0;0;2
"829";0;0;0;0;0;0;0;0;0;0;0;2
"830";0;0;0;0;0;0;0;0;0;0;0;1
"831";0;0;0;0;0;0;0;0;0;0;0;1
"832";0;0;0;0;0;0;0;0;0;0;0;0
"833";0;0;0;0;0;0;0;0;0;0;0;0
"834";0;0;0;0;0;0;0;0;0;0;0;2
"835";0;0;0;0;0;0;0;0;0;0;0;0
"836";0;0;0;0;0;0;0;0;0;0;0;0
"837";0;0;0;0;0;0;0;0;0;0;0;0
"838";0;0;0;0;0;0;0;0;0;0;0;0
"839";0;0;0;0;0;0;0;0;0;0;0;0
"840";0;0;0;0;0;0;0;0;0;0;0;1
"841";0;0;0;0;0;0;0;0;0;0;0;1
"842";0;0;0;0;0;0;0;0;0;0;0;0
"843";0;0;0;0;0;0;0;0;0;0;0;0
"844";0;0;0;0;0;0;0;0;0;0;0;2
"845";0;0;0;0;0;0;0;0;0;0;0;2
"846";0;0;0;0;0;0;0;0;0;0;0;0
"847";0;0;0;0;0;0;0;0;0;0;0;0
"848";0;0;0;0;0;0;0;0;0;0;0;1
"849";0;0;0;0;0;0;0;0;0;0;0;1
"850";0;0;0;0;0;0;0;0;0;0;0;0
"851";0;0;0;0;0;0;0;0;0;0;0;0
"852";0;0;0;0;0;0;0;0;0;0;0;1
"853";0;0;0;0;0;0;0;0;0;0;0;1
"854";0;0;0;0;0;0;0;0;0;0;0;0
"855";0;0;0;0;0;0;0;0;0;0;0;0
"856";0;0;0;0;0;0;0;0;0;0;0;2
"857";0;0;0;0;0;0;0;0;0;0;0;2
"858";0;0;0;0;0;0;0;0;0;0;0;2
"859";0;0;0;0;0;0;0;0;0;0;0;2
"860";0;0;0;0;0;0;0;0;0;0;0;2
"861";0;0;0;0;0;0;0;0;0;0;0;2
"862";0;0;0;0;0;0;0;0;0;0;0;2
"863";0;0;0;0;0;0;0;0;0;0;0;2
"864";0;0;0;0;0;0;0;0;0;0;0;2
"865";0;0;0;0;0;0;0;0;0;0;0;2
"866";0;0;0;0;0;0;0;0;0;0;0;2
"867";0;0;0;0;0;0;0;0;0;0;0;1
"868";0;0;0;0;0;0;0;0;0;0;0;1
"869";0;0;0;0;0;0;0;0;0;0;0;1
"870";0;0;0;0;0;0;0;0;0;0;0;2
"871";0;0;0;0;0;0;0;0;0;0;0;1
"872";0;0;0;0;0;0;0;0;0;0;0;1
"873";0;0;0;0;0;0;0;0;0;0;0;1
"874";0;0;0;0;0;0;0;0;0;0;0;2
"875";0;0;0;0;0;0;0;0;0;0;0;1
"876";0;0;0;0;0;0;0;0;0;0;0;2
"877";0;0;0;0;0;0;0;0;0;0;0;1
"878";0;0;0;0;0;0;0;0;0;0;0;1
"879";0;0;0;0;0;0;0;0;0;0;0;1
"880";0;0;0;0;0;0;0;0;0;0;0;2
"881";0;0;0;0;0;0;0;0;0;0;0;1
"882";0;0;0;0;0;0;0;0;0;0;0;1
"883";0;0;0;0;0;0;0;0;0;0;0;2
"884";0;0;0;0;0;0;0;0;0;0;0;1
"885";0;0;0;0;0;0;0;0;0;0;0;2
"886";0;0;0;0;0;0;0;0;0;0;0;2
"887";0;0;0;0;0;0;0;0;0;0;0;2
"888";0;0;0;0;0;0;0;0;0;0;0;2
"889";0;0;0;0;0;0;0;0;0;0;0;2
"890";0;0;0;0;0;0;0;0;0;0;0;2
"891";0;0;0;0;0;0;0;0;0;0;0;1
"892";0;0;0;0;0;0;0;0;0;0;0;2
"893";0;0;0;0;0;0;0;0;0;0;0;1
"894";0;0;0;0;0;0;0;0;0;0;0;1
"895";0;0;0;0;0;0;0;0;0;0;0;1
"896";0;0;0;0;0;0;0;0;0;0;0;1
"897";0;0;0;0;0;0;0;0;0;0;0;1
"898";0;0;0;0;0;0;0;0;0;0;0;2
"899";0;0;0;0;0;0;0;0;0;0;0;1
"900";0;0;0;0;0;0;0;0;0;0;0;2
"901";0;0;0;0;0;0;0;0;0;0;0;1
"902";0;0;0;0;0;0;0;0;0;0;0;1
"903";0;0;0;0;0;0;0;0;0;0;0;1
"904";0;0;0;0;0;0;0;0;0;0;0;2
"905";0;0;0;0;0;0;0;0;0;0;0;2
"906";0;0;0;0;0;0;0;0;0;0;0;2
"907";0;0;0;0;0;0;0;0;0;0;0;2
"908";0;0;0;0;0;0;0;0;0;0;0;2
"909";0;0;0;0;0;0;0;0;0;0;0;2
"910";0;0;0;0;0;0;0;0;0;0;0;2
"911";0;0;0;0;0;0;0;0;0;0;0;2
"912";0;0;0;0;0;0;0;0;0;0;0;2
"913";0;0;0;0;0;0;0;0;0;0;0;2
"914";0;0;0;0;0;0;0;0;0;0;0;2
"915";0;0;0;0;0;0;0;0;0;0;0;2
"916";0;0;0;0;0;0;0;0;0;0;0;2
"917";0;0;0;0;0;0;0;0;0;0;0;2
"918";0;0;0;0;0;0;0;0;0;0;0;2
"919";0;0;0;0;0;0;0;0;0;0;0;2
"920";0;0;0;0;0;0;0;0;0;0;0;2
"921";0;0;0;0;0;0;0;0;0;0;0;2
"922";0;0;0;0;0;0;0;0;0;0;0;2
"923";0;0;0;0;0;0;0;0;0;0;0;2
"924";0;0;0;0;0;0;0;0;0;0;0;2
"925";0;0;0;0;0;0;0;0;0;0;0;2
"926";0;0;0;0;0;0;0;0;0;0;0;2
"927";0;0;0;0;0;0;0;0;0;0;0;2
"928";0;0;0;0;0;0;0;0;0;0;0;2
"929";0;0;0;0;0;0;0;0;0;0;0;2
"930";0;0;0;0;0;0;0;0;0;0;0;2
"931";0;0;0;0;0;0;0;0;0;0;0;2
"932";0;0;0;0;0;0;0;0;0;0;0;2
"933";0;0;0;0;0;0;0;0;0;0;0;2
"934";0;0;0;0;0;0;0;0;0;0;0;2
"935";0;0;0;0;0;0;0;0;0;0;0;2
"936";0;0;0;0;0;0;0;0;0;0;0;2
"937";0;0;0;0;0;0;0;0;0;0;0;0
"938";0;0;0;0;0;0;0;0;0;0;0;2
"939";0;0;0;0;0;0;0;0;0;0;0;2
"940";0;0;0;0;0;0;0;0;0;0;0;2
"941";0;0;0;0;0;0;0;0;0;0;0;1
"942";0;0;0;0;0;0;0;0;0;0;0;2
"943";0;0;0;0;0;0;0;0;0;0;0;2
"944";0;0;0;0;0;0;0;0;0;0;0;1
"945";0;0;0;0;0;0;0;0;0;0;0;1
"946";0;0;0;0;0;0;0;0;0;0;0;1
"947";0;0;0;0;0;0;0;0;0;0;0;1
"948";0;0;0;0;0;0;0;0;0;0;0;1
"949";0;0;0;0;0;0;0;0;0;0;0;1
"950";0;0;0;0;0;0;0;0;0;0;0;2
"951";0;0;0;0;0;0;0;0;0;0;0;1
"952";0;0;0;0;0;0;0;0;0;0;0;1
"953";0;0;0;0;0;0;0;0;0;0;0;1
"954";0;0;0;0;0;0;0;0;0;0;0;2
"955";0;0;0;0;0;0;0;0;0;0;0;1
"956";0;0;0;0;0;0;0;0;0;0;0;1
"957";0;0;0;0;0;0;0;0;0;0;0;2
"958";0;0;0;0;0;0;0;0;0;0;0;1
"959";0;0;0;0;0;0;0;0;0;0;0;1
"960";0;0;0;0;0;0;0;0;0;0;0;1
"961";0;0;0;0;0;0;0;0;0;0;0;1
"962";0;0;0;0;0;0;0;0;0;0;0;1
"963";0;0;0;0;0;0;0;0;0;0;0;1
"964";0;0;0;0;0;0;0;0;0;0;0;1
"965";0;0;0;0;0;0;0;0;0;0;0;1
"966";0;0;0;0;0;0;0;0;0;0;0;1
"967";0;0;0;0;0;0;0;0;0;0;0;1
"968";0;0;0;0;0;0;0;0;0;0;0;1
"969";0;0;0;0;0;0;0;0;0;0;0;1
"970";0;0;0;0;0;0;0;0;0;0;0;1
"971";0;0;0;0;0;0;0;0;0;0;0;2
"972";0;0;0;0;0;0;0;0;0;0;0;2
"973";0;0;0;0;0;0;0;0;0;0;0;2
"974";0;0;0;0;0;0;0;0;0;0;0;2
"975";0;0;0;0;0;0;0;0;0;0;0;2
"976";0;0;0;0;0;0;0;0;0;0;0;2
"977";0;0;0;0;0;0;0;0;0;0;0;2
"978";0;0;0;0;0;0;0;0;0;0;0;2
"979";0;0;0;0;0;0;0;0;0;0;0;2
"980";0;0;0;0;0;0;0;0;0;0;0;2
"981";0;0;0;0;0;0;0;0;0;0;0;2
"982";0;0;0;0;0;0;0;0;0;0;0;2
"983";0;0;0;0;0;0;0;0;0;0;0;2
"984";0;0;0;0;0;0;0;0;0;0;0;2
"985";0;0;0;0;0;0;0;0;0;0;0;2
"986";0;0;0;0;0;0;0;0;0;0;0;2
"987";0;0;0;0;0;0;0;0;0;0;0;1
"988";0;0;0;0;0;0;0;0;0;0;0;1
"989";0;0;0;0;0;0;0;0;0;0;0;1
"990";0;0;0;0;0;0;0;0;0;0;0;1
"991";0;0;0;0;0;0;0;0;0;0;0;1
"992";0;0;0;0;0;0;0;0;0;0;0;1
"993";0;0;0;0;0;0;0;0;0;0;0;1
"994";0;0;0;0;0;0;0;0;0;0;0;1
"995";0;0;0;0;0;0;0;0;0;0;0;1
"996";0;0;0;0;0;0;0;0;0;0;0;2
"997";0;0;0;0;0;0;0;0;0;0;0;1
"998";0;0;0;0;0;0;0;0;0;0;0;1
"999";0;0;0;0;0;0;0;0;0;0;0;2
"1000";0;0;0;0;0;0;0;0;0;0;0;1
"1001";0;0;0;0;0;0;0;0;0;0;0;1
"1002";0;0;0;0;0;0;0;0;0;0;0;2
"1003";0;0;0;0;0;0;0;0;0;0;0;1
"1004";0;0;0;0;0;0;0;0;0;0;0;1
"1005";0;0;0;0;0;0;0;0;0;0;0;1
"1006";0;0;0;0;0;0;0;0;0;0;0;1
"1007";0;0;0;0;0;0;0;0;0;0;0;1
"1008";0;0;0;0;0;0;0;0;0;0;0;1
"1009";0;0;0;0;0;0;0;0;0;0;0;1
"1010";0;0;0;0;0;0;0;0;0;0;0;1
"1011";0;0;0;0;0;0;0;0;0;0;0;1
"1012";0;0;0;0;0;0;0;0;0;0;0;1
"1013";0;0;0;0;0;0;0;0;0;0;0;1
"1014";0;0;0;0;0;0;0;0;0;0;0;1
"1015";0;0;0;0;0;0;0;0;0;0;0;1
"1016";0;0;0;0;0;0;0;0;0;0;0;1
"1017";0;0;0;0;0;0;0;0;0;0;0;1
"1018";0;0;0;0;0;0;0;0;0;0;0;2
"1019";0;0;0;0;0;0;0;0;0;0;0;2
"1020";0;0;0;0;0;0;0;0;0;0;0;2
"1021";0;0;0;0;0;0;0;0;0;0;0;1
"1022";0;0;0;0;0;0;0;0;0;0;0;2
"1023";0;0;0;0;0;0;0;0;0;0;0;2
"1024";0;0;0;0;0;0;0;0;0;0;0;2
"1025";0;0;0;0;0;0;0;0;0;0;0;2
"1026";0;0;0;0;0;0;0;0;0;0;0;2
"1027";0;0;0;0;0;0;0;0;0;0;0;2
"1028";0;0;0;0;0;0;0;0;0;0;0;2
"1029";0;0;0;0;0;0;0;0;0;0;0;2
"1030";0;0;0;0;0;0;0;0;0;0;0;1
"1031";0;0;0;0;0;0;0;0;0;0;0;1
"1032";0;0;0;0;0;0;0;0;0;0;0;1
"1033";0;0;0;0;0;0;0;0;0;0;0;1
"1034";0;0;0;0;0;0;0;0;0;0;0;1
"1035";0;0;0;0;0;0;0;0;0;0;0;1
"1036";0;0;0;0;0;0;0;0;0;0;0;1
"1037";0;0;0;0;0;0;0;0;0;0;0;1
"1038";0;0;0;0;0;0;0;0;0;0;0;1
"1039";0;0;0;0;0;0;0;0;0;0;0;1
"1040";0;0;0;0;0;0;0;0;0;0;0;1
"1041";0;0;0;0;0;0;0;0;0;0;0;1
"1042";0;0;0;0;0;0;0;0;0;0;0;1
"1043";0;0;0;0;0;0;0;0;0;0;0;1
"1044";0;0;0;0;0;0;0;0;0;0;0;1
"1045";0;0;0;0;0;0;0;0;0;0;0;1
"1046";0;0;0;0;0;0;0;0;0;0;0;2
"1047";0;0;0;0;0;0;0;0;0;0;0;1
"1048";0;0;0;0;0;0;0;0;0;0;0;1
"1049";0;0;0;0;0;0;0;0;0;0;0;2
"1050";0;0;0;0;0;0;0;0;0;0;0;2
"1051";0;0;0;0;0;0;0;0;0;0;0;2
"1052";0;0;0;0;0;0;0;0;0;0;0;2
"1053";0;0;0;0;0;0;0;0;0;0;0;2
"1054";0;0;0;0;0;0;0;0;0;0;0;1
"1055";0;0;0;0;0;0;0;0;0;0;0;1
"1056";0;0;0;0;0;0;0;0;0;0;0;1
"1057";0;0;0;0;0;0;0;0;0;0;0;1
"1058";0;0;0;0;0;0;0;0;0;0;0;1
"1059";0;0;0;0;0;0;0;0;0;0;0;1
"1060";0;0;0;0;0;0;0;0;0;0;0;1
"1061";0;0;0;0;0;0;0;0;0;0;0;1
"1062";0;0;0;0;0;0;0;0;0;0;0;2
"1063";0;0;0;0;0;0;0;0;0;0;0;2
"1064";0;0;0;0;0;0;0;0;0;0;0;2
"1065";0;0;0;0;0;0;0;0;0;0;0;1
"1066";0;0;0;0;0;0;0;0;0;0;0;1
"1067";0;0;0;0;0;0;0;0;0;0;0;1
"1068";0;0;0;0;0;0;0;0;0;0;0;1
"1069";0;0;0;0;0;0;0;0;0;0;0;1
"1070";0;0;0;0;0;0;0;0;0;0;0;2
"1071";0;0;0;0;0;0;0;0;0;0;0;1
"1072";0;0;0;0;0;0;0;0;0;0;0;2
"1073";0;0;0;0;0;0;0;0;0;0;0;2
"1074";0;0;0;0;0;0;0;0;0;0;0;2
"1075";0;0;0;0;0;0;0;0;0;0;0;2
"1076";0;0;0;0;0;0;0;0;0;0;0;1
"1077";0;0;0;0;0;0;0;0;0;0;0;2
"1078";0;0;0;0;0;0;0;0;0;0;0;2
"1079";0;0;0;0;0;0;0;0;0;0;0;2
"1080";0;0;0;0;0;0;0;0;0;0;0;2
"1081";0;0;0;0;0;0;0;0;0;0;0;2
"1082";0;0;0;0;0;0;0;0;0;0;0;2
"1083";0;0;0;0;0;0;0;0;0;0;0;0
"1084";0;0;0;0;0;0;0;0;0;0;0;1
"1085";0;0;0;0;0;0;0;0;0;0;0;1
"1086";0;0;0;0;0;0;0;0;0;0;0;1
"1087";0;0;0;0;0;0;0;0;0;0;0;2
"1088";0;0;0;0;0;0;0;0;0;0;0;2
"1089";0;0;0;0;0;0;0;0;0;0;0;1
"1090";0;0;0;0;0;0;0;0;0;0;0;1
"1091";0;0;0;0;0;0;0;0;0;0;0;1
"1092";0;0;0;0;0;0;0;0;0;0;0;1
"1093";0;0;0;0;0;0;0;0;0;0;0;1
"1094";0;0;0;0;0;0;0;0;0;0;0;1
"1095";0;0;0;0;0;0;0;0;0;0;0;1
"1096";0;0;0;0;0;0;0;0;0;0;0;1
"1097";0;0;0;0;0;0;0;0;0;0;0;1
"1098";0;0;0;0;0;0;0;0;0;0;0;2
"1099";0;0;0;0;0;0;0;0;0;0;0;1
"1100";0;0;0;0;0;0;0;0;0;0;0;1
"1101";0;0;0;0;0;0;0;0;0;0;0;1
"1102";0;0;0;0;0;0;0;0;0;0;0;1
"1103";0;0;0;0;0;0;0;0;0;0;0;1
"1104";0;0;0;0;0;0;0;0;0;0;0;1
"1105";0;0;0;0;0;0;0;0;0;0;0;1
"1106";0;0;0;0;0;0;0;0;0;0;0;0
"1107";0;0;0;0;0;0;0;0;0;0;0;1
"1108";0;0;0;0;0;0;0;0;0;0;0;1
"1109";0;0;0;0;0;0;0;0;0;0;0;1
"1110";0;0;0;0;0;0;0;0;0;0;0;2
"1111";0;0;0;0;0;0;0;0;0;0;0;1
"1112";0;0;0;0;0;0;0;0;0;0;0;2
"1113";0;0;0;0;0;0;0;0;0;0;0;1
"1114";0;0;0;0;0;0;0;0;0;0;0;1
"1115";0;0;0;0;0;0;0;0;0;0;0;1
"1116";0;0;0;0;0;0;0;0;0;0;0;1
"1117";0;0;0;0;0;0;0;0;0;0;0;1
"1118";0;0;0;0;0;0;0;0;0;0;0;2
"1119";0;0;0;0;0;0;0;0;0;0;0;1
"1120";0;0;0;0;0;0;0;0;0;0;0;1
"1121";0;0;0;0;0;0;0;0;0;0;0;2
"1122";0;0;0;0;0;0;0;0;0;0;0;1
"1123";0;0;0;0;0;0;0;0;0;0;0;1
"1124";0;0;0;0;0;0;0;0;0;0;0;1
"1125";0;0;0;0;0;0;0;0;0;0;0;1
"1126";0;0;0;0;0;0;0;0;0;0;0;1
"1127";0;0;0;0;0;0;0;0;0;0;0;2
"1128";0;0;0;0;0;0;0;0;0;0;0;2
"1129";0;0;0;0;0;0;0;0;0;0;0;2
"1130";0;0;0;0;0;0;0;0;0;0;0;2
"1131";0;0;0;0;0;0;0;0;0;0;0;2
"1132";0;0;0;0;0;0;0;0;0;0;0;2
"1133";0;0;0;0;0;0;0;0;0;0;0;1
"1134";0;0;0;0;0;0;0;0;0;0;0;1
"1135";0;0;0;0;0;0;0;0;0;0;0;1
"1136";0;0;0;0;0;0;0;0;0;0;0;1
"1137";0;0;0;0;0;0;0;0;0;0;0;1
"1138";0;0;0;0;0;0;0;0;0;0;0;1
"1139";0;0;0;0;0;0;0;0;0;0;0;1
"1140";0;0;0;0;0;0;0;0;0;0;0;1
"1141";0;0;0;0;0;0;0;0;0;0;0;1
"1142";0;0;0;0;0;0;0;0;0;0;0;1
"1143";0;0;0;0;0;0;0;0;0;0;0;1
"1144";0;0;0;0;0;0;0;0;0;0;0;1
"1145";0;0;0;0;0;0;0;0;0;0;0;1
"1146";0;0;0;0;0;0;0;0;0;0;0;1
"1147";0;0;0;0;0;0;0;0;0;0;0;1
"1148";0;0;0;0;0;0;0;0;0;0;0;1
"1149";0;0;0;0;0;0;0;0;0;0;0;1
"1150";0;0;0;0;0;0;0;0;0;0;0;1
"1151";0;0;0;0;0;0;0;0;0;0;0;1
"1152";0;0;0;0;0;0;0;0;0;0;0;1
"1153";0;0;0;0;0;0;0;0;0;0;0;1
"1154";0;0;0;0;0;0;0;0;0;0;0;1
"1155";0;0;0;0;0;0;0;0;0;0;0;1
"1156";0;0;0;0;0;0;0;0;0;0;0;1
"1157";0;0;0;0;0;0;0;0;0;0;0;2
"1158";0;0;0;0;0;0;0;0;0;0;0;1
"1159";0;0;0;0;0;0;0;0;0;0;0;1
"1160";0;0;0;0;0;0;0;0;0;0;0;1
"1161";0;0;0;0;0;0;0;0;0;0;0;1
"1162";0;0;0;0;0;0;0;0;0;0;0;1
"1163";0;0;0;0;0;0;0;0;0;0;0;1
"1164";0;0;0;0;0;0;0;0;0;0;0;1
"1165";0;0;0;0;0;0;0;0;0;0;0;1
"1166";0;0;0;0;0;0;0;0;0;0;0;2
"1167";0;0;0;0;0;0;0;0;0;0;0;1
"1168";0;0;0;0;0;0;0;0;0;0;0;1
"1169";0;0;0;0;0;0;0;0;0;0;0;1
"1170";0;0;0;0;0;0;0;0;0;0;0;1
"1171";0;0;0;0;0;0;0;0;0;0;0;1
"1172";0;0;0;0;0;0;0;0;0;0;0;1
"1173";0;0;0;0;0;0;0;0;0;0;0;1
"1174";0;0;0;0;0;0;0;0;0;0;0;1
"1175";0;0;0;0;0;0;0;0;0;0;0;2
"1176";0;0;0;0;0;0;0;0;0;0;0;2
"1177";0;0;0;0;0;0;0;0;0;0;0;1
"1178";0;0;0;0;0;0;0;0;0;0;0;1
"1179";0;0;0;0;0;0;0;0;0;0;0;1
"1180";0;0;0;0;0;0;0;0;0;0;0;1
"1181";0;0;0;0;0;0;0;0;0;0;0;1
"1182";0;0;0;0;0;0;0;0;0;0;0;1
"1183";0;0;0;0;0;0;0;0;0;0;0;1
"1184";0;0;0;0;0;0;0;0;0;0;0;1
"1185";0;0;0;0;0;0;0;0;0;0;0;1
"1186";0;0;0;0;0;0;0;0;0;0;0;1
"1187";0;0;0;0;0;0;0;0;0;0;0;1
"1188";0;0;0;0;0;0;0;0;0;0;0;1
"1189";0;0;0;0;0;0;0;0;0;0;0;1
"1190";0;0;0;0;0;0;0;0;0;0;0;1
"1191";0;0;0;0;0;0;0;0;0;0;0;1
"1192";0;0;0;0;0;0;0;0;0;0;0;1
"1193";0;0;0;0;0;0;0;0;0;0;0;1
"1194";0;0;0;0;0;0;0;0;0;0;0;1
"1195";0;0;0;0;0;0;0;0;0;0;0;1
"1196";0;0;0;0;0;0;0;0;0;0;0;1
"1197";0;0;0;0;0;0;0;0;0;0;0;1
"1198";0;0;0;0;0;0;0;0;0;0;0;2
"1199";0;0;0;0;0;0;0;0;0;0;0;2
"1200";0;0;0;0;0;0;0;0;0;0;0;2
"1201";0;0;0;0;0;0;0;0;0;0;0;2
"1202";0;0;0;0;0;0;0;0;0;0;0;1
"1203";0;0;0;0;0;0;0;0;0;0;0;2
"1204";0;0;0;0;0;0;0;0;0;0;0;1
"1205";0;0;0;0;0;0;0;0;0;0;0;2
"1206";0;0;0;0;0;0;0;0;0;0;0;2
"1207";0;0;0;0;0;0;0;0;0;0;0;2
"1208";0;0;0;0;0;0;0;0;0;0;0;2
"1209";0;0;0;0;0;0;0;0;0;0;0;2
"1210";0;0;0;0;0;0;0;0;0;0;0;1
"1211";0;0;0;0;0;0;0;0;0;0;0;2
"1212";0;0;0;0;0;0;0;0;0;0;0;2
"1213";0;0;0;0;0;0;0;0;0;0;0;2
"1214";0;0;0;0;0;0;0;0;0;0;0;2
"1215";0;0;0;0;0;0;0;0;0;0;0;2
"1216";0;0;0;0;0;0;0;0;0;0;0;2
"1217";0;0;0;0;0;0;0;0;0;0;0;2
"1218";0;0;0;0;0;0;0;0;0;0;0;2
"1219";0;0;0;0;0;0;0;0;0;0;0;2
"1220";0;0;0;0;0;0;0;0;0;0;0;2
"1221";0;0;0;0;0;0;0;0;0;0;0;1
"1222";0;0;0;0;0;0;0;0;0;0;0;1
"1223";0;0;0;0;0;0;0;0;0;0;0;1
"1224";0;0;0;0;0;0;0;0;0;0;0;1
"1225";0;0;0;0;0;0;0;0;0;0;0;1
"1226";0;0;0;0;0;0;0;0;0;0;0;1
"1227";0;0;0;0;0;0;0;0;0;0;0;2
"1228";0;0;0;0;0;0;0;0;0;0;0;2
"1229";0;0;0;0;0;0;0;0;0;0;0;2
"1230";0;0;0;0;0;0;0;0;0;0;0;2
"1231";0;0;0;0;0;0;0;0;0;0;0;2
"1232";0;0;0;0;0;0;0;0;0;0;0;2
"1233";0;0;0;0;0;0;0;0;0;0;0;2
"1234";0;0;0;0;0;0;0;0;0;0;0;2
"1235";0;0;0;0;0;0;0;0;0;0;0;2
"1236";0;0;0;0;0;0;0;0;0;0;0;2
"1237";0;0;0;0;0;0;0;0;0;0;0;2
"1238";0;0;0;0;0;0;0;0;0;0;0;2
"1239";0;0;0;0;0;0;0;0;0;0;0;2
"1240";0;0;0;0;0;0;0;0;0;0;0;2
"1241";0;0;0;0;0;0;0;0;0;0;0;2
"1242";0;0;0;0;0;0;0;0;0;0;0;2
"1243";0;0;0;0;0;0;0;0;0;0;0;2
"1244";0;0;0;0;0;0;0;0;0;0;0;1
"1245";0;0;0;0;0;0;0;0;0;0;0;2
"1246";0;0;0;0;0;0;0;0;0;0;0;2
"1247";0;0;0;0;0;0;0;0;0;0;0;2
"1248";0;0;0;0;0;0;0;0;0;0;0;2
"1249";0;0;0;0;0;0;0;0;0;0;0;2
"1250";0;0;0;0;0;0;0;0;0;0;0;2
"1251";0;0;0;0;0;0;0;0;0;0;0;2
"1252";0;0;0;0;0;0;0;0;0;0;0;2
"1253";0;0;0;0;0;0;0;0;0;0;0;2
"1254";0;0;0;0;0;0;0;0;0;0;0;2
"1255";0;0;0;0;0;0;0;0;0;0;0;1
"1256";0;0;0;0;0;0;0;0;0;0;0;1
"1257";0;0;0;0;0;0;0;0;0;0;0;2
"1258";0;0;0;0;0;0;0;0;0;0;0;1
"1259";0;0;0;0;0;0;0;0;0;0;0;1
"1260";0;0;0;0;0;0;0;0;0;0;0;1
"1261";0;0;0;0;0;0;0;0;0;0;0;1
"1262";0;0;0;0;0;0;0;0;0;0;0;1
"1263";0;0;0;0;0;0;0;0;0;0;0;1
"1264";0;0;0;0;0;0;0;0;0;0;0;1
"1265";0;0;0;0;0;0;0;0;0;0;0;1
"1266";0;0;0;0;0;0;0;0;0;0;0;1
"1267";0;0;0;0;0;0;0;0;0;0;0;1
"1268";0;0;0;0;0;0;0;0;0;0;0;1
"1269";0;0;0;0;0;0;0;0;0;0;0;1
"1270";0;0;0;0;0;0;0;0;0;0;0;1
"1271";0;0;0;0;0;0;0;0;0;0;0;1
"1272";0;0;0;0;0;0;0;0;0;0;0;2
"1273";0;0;0;0;0;0;0;0;0;0;0;1
"1274";0;0;0;0;0;0;0;0;0;0;0;1
"1275";0;0;0;0;0;0;0;0;0;0;0;1
"1276";0;0;0;0;0;0;0;0;0;0;0;1
"1277";0;0;0;0;0;0;0;0;0;0;0;1
"1278";0;0;0;0;0;0;0;0;0;0;0;1
"1279";0;0;0;0;0;0;0;0;0;0;0;1
"1280";0;0;0;0;0;0;0;0;0;0;0;1
"1281";0;0;0;0;0;0;0;0;0;0;0;1
"1282";0;0;0;0;0;0;0;0;0;0;0;1
"1283";0;0;0;0;0;0;0;0;0;0;0;1
"1284";0;0;0;0;0;0;0;0;0;0;0;2
"1285";0;0;0;0;0;0;0;0;0;0;0;1
"1286";0;0;0;0;0;0;0;0;0;0;0;1
"1287";0;0;0;0;0;0;0;0;0;0;0;1
"1288";0;0;0;0;0;0;0;0;0;0;0;1
"1289";0;0;0;0;0;0;0;0;0;0;0;1
"1290";0;0;0;0;0;0;0;0;0;0;0;1
"1291";0;0;0;0;0;0;0;0;0;0;0;1
"1292";0;0;0;0;0;0;0;0;0;0;0;2
"1293";0;0;0;0;0;0;0;0;0;0;0;2
"1294";0;0;0;0;0;0;0;0;0;0;0;2
"1295";0;0;0;0;0;0;0;0;0;0;0;2
"1296";0;0;0;0;0;0;0;0;0;0;0;2
"1297";0;0;0;0;0;0;0;0;0;0;0;2
"1298";0;0;0;0;0;0;0;0;0;0;0;2
"1299";0;0;0;0;0;0;0;0;0;0;0;2
"1300";0;0;0;0;0;0;0;0;0;0;0;1
"1301";0;0;0;0;0;0;0;0;0;0;0;1
"1302";0;0;0;0;0;0;0;0;0;0;0;1
"1303";0;0;0;0;0;0;0;0;0;0;0;1
"1304";0;0;0;0;0;0;0;0;0;0;0;1
"1305";0;0;0;0;0;0;0;0;0;0;0;1
"1306";0;0;0;0;0;0;0;0;0;0;0;2
"1307";0;0;0;0;0;0;0;0;0;0;0;1
"1308";0;0;0;0;0;0;0;0;0;0;0;2
"1309";0;0;0;0;0;0;0;0;0;0;0;1
"1310";0;0;0;0;0;0;0;0;0;0;0;2
"1311";0;0;0;0;0;0;0;0;0;0;0;2
"1312";0;0;0;0;0;0;0;0;0;0;0;2
"1313";0;0;0;0;0;0;0;0;0;0;0;1
"1314";0;0;0;0;0;0;0;0;0;0;0;1
"1315";0;0;0;0;0;0;0;0;0;0;0;1
"1316";0;0;0;0;0;0;0;0;0;0;0;2
"1317";0;0;0;0;0;0;0;0;0;0;0;2
"1318";0;0;0;0;0;0;0;0;0;0;0;2
"1319";0;0;0;0;0;0;0;0;0;0;0;2
"1320";0;0;0;0;0;0;0;0;0;0;0;2
"1321";0;0;0;0;0;0;0;0;0;0;0;2
"1322";0;0;0;0;0;0;0;0;0;0;0;2
"1323";0;0;0;0;0;0;0;0;0;0;0;2
"1324";0;0;0;0;0;0;0;0;0;0;0;2
"1325";0;0;0;0;0;0;0;0;0;0;0;1
"1326";0;0;0;0;0;0;0;0;0;0;0;1
"1327";0;0;0;0;0;0;0;0;0;0;0;2
"1328";0;0;0;0;0;0;0;0;0;0;0;1
"1329";0;0;0;0;0;0;0;0;0;0;0;1
"1330";0;0;0;0;0;0;0;0;0;0;0;1
"1331";0;0;0;0;0;0;0;0;0;0;0;1
"1332";0;0;0;0;0;0;0;0;0;0;0;1
"1333";0;0;0;0;0;0;0;0;0;0;0;1
"1334";0;0;0;0;0;0;0;0;0;0;0;1
"1335";0;0;0;0;0;0;0;0;0;0;0;1
"1336";0;0;0;0;0;0;0;0;0;0;0;1
"1337";0;0;0;0;0;0;0;0;0;0;0;1
"1338";0;0;0;0;0;0;0;0;0;0;0;1
"1339";0;0;0;0;0;0;0;0;0;0;0;1
"1340";0;0;0;0;0;0;0;0;0;0;0;1
"1341";0;0;0;0;0;0;0;0;0;0;0;1
"1342";0;0;0;0;0;0;0;0;0;0;0;1
"1343";0;0;0;0;0;0;0;0;0;0;0;1
"1344";0;0;0;0;0;0;0;0;0;0;0;1
"1345";0;0;0;0;0;0;0;0;0;0;0;2
"1346";0;0;0;0;0;0;0;0;0;0;0;1
"1347";0;0;0;0;0;0;0;0;0;0;0;2
"1348";0;0;0;0;0;0;0;0;0;0;0;1
"1349";0;0;0;0;0;0;0;0;0;0;0;1
"1350";0;0;0;0;0;0;0;0;0;0;0;2
"1351";0;0;0;0;0;0;0;0;0;0;0;2
"1352";0;0;0;0;0;0;0;0;0;0;0;1
"1353";0;0;0;0;0;0;0;0;0;0;0;1
"1354";0;0;0;0;0;0;0;0;0;0;0;1
"1355";0;0;0;0;0;0;0;0;0;0;0;0
"1356";0;0;0;0;0;0;0;0;0;0;0;1
"1357";0;0;0;0;0;0;0;0;0;0;0;1
"1358";0;0;0;0;0;0;0;0;0;0;0;1
"1359";0;0;0;0;0;0;0;0;0;0;0;1
"1360";0;0;0;0;0;0;0;0;0;0;0;2
"1361";0;0;0;0;0;0;0;0;0;0;0;1
"1362";0;0;0;0;0;0;0;0;0;0;0;0
"1363";0;0;0;0;0;0;0;0;0;0;0;0
"1364";0;0;0;0;0;0;0;0;0;0;0;0
"1365";0;0;0;0;0;0;0;0;0;0;0;0
"1366";0;0;0;0;0;0;0;0;0;0;0;0
"1367";0;0;0;0;0;0;0;0;0;0;0;2
"1368";0;0;0;0;0;0;0;0;0;0;0;1
"1369";0;0;0;0;0;0;0;0;0;0;0;2
"1370";0;0;0;0;0;0;0;0;0;0;0;2
"1371";0;0;0;0;0;0;0;0;0;0;0;1
"1372";0;0;0;0;0;0;0;0;0;0;0;1
"1373";0;0;0;0;0;0;0;0;0;0;0;1
"1374";0;0;0;0;0;0;0;0;0;0;0;2
"1375";0;0;0;0;0;0;0;0;0;0;0;1
"1376";0;0;0;0;0;0;0;0;0;0;0;1
"1377";0;0;0;0;0;0;0;0;0;0;0;1
"1378";0;0;0;0;0;0;0;0;0;0;0;1
"1379";0;0;0;0;0;0;0;0;0;0;0;1
"1380";0;0;0;0;0;0;0;0;0;0;0;1
"1381";0;0;0;0;0;0;0;0;0;0;0;1
"1382";0;0;0;0;0;0;0;0;0;0;0;1
"1383";0;0;0;0;0;0;0;0;0;0;0;1
"1384";0;0;0;0;0;0;0;0;0;0;0;1
"1385";0;0;0;0;0;0;0;0;0;0;0;1
"1386";0;0;0;0;0;0;0;0;0;0;0;1
"1387";0;0;0;0;0;0;0;0;0;0;0;1
"1388";0;0;0;0;0;0;0;0;0;0;0;1
"1389";0;0;0;0;0;0;0;0;0;0;0;1
"1390";0;0;0;0;0;0;0;0;0;0;0;1
"1391";0;0;0;0;0;0;0;0;0;0;0;0
"1392";0;0;0;0;0;0;0;0;0;0;0;2
"1393";0;0;0;0;0;0;0;0;0;0;0;1
"1394";0;0;0;0;0;0;0;0;0;0;0;2
"1395";0;0;0;0;0;0;0;0;0;0;0;2
"1396";0;0;0;0;0;0;0;0;0;0;0;1
"1397";0;0;0;0;0;0;0;0;0;0;0;1
"1398";0;0;0;0;0;0;0;0;0;0;0;1
"1399";0;0;0;0;0;0;0;0;0;0;0;2
"1400";0;0;0;0;0;0;0;0;0;0;0;1
"1401";0;0;0;0;0;0;0;0;0;0;0;1
"1402";0;0;0;0;0;0;0;0;0;0;0;1
"1403";0;0;0;0;0;0;0;0;0;0;0;1
"1404";0;0;0;0;0;0;0;0;0;0;0;1
"1405";0;0;0;0;0;0;0;0;0;0;0;1
"1406";0;0;0;0;0;0;0;0;0;0;0;1
"1407";0;0;0;0;0;0;0;0;0;0;0;1
"1408";0;0;0;0;0;0;0;0;0;0;0;1
"1409";0;0;0;0;0;0;0;0;0;0;0;1
"1410";0;0;0;0;0;0;0;0;0;0;0;1
"1411";0;0;0;0;0;0;0;0;0;0;0;1
"1412";0;0;0;0;0;0;0;0;0;0;0;1
"1413";0;0;0;0;0;0;0;0;0;0;0;1
"1414";0;0;0;0;0;0;0;0;0;0;0;1
"1415";0;0;0;0;0;0;0;0;0;0;0;2
"1416";0;0;0;0;0;0;0;0;0;0;0;1
"1417";0;0;0;0;0;0;0;0;0;0;0;2
"1418";0;0;0;0;0;0;0;0;0;0;0;1
"1419";0;0;0;0;0;0;0;0;0;0;0;1
"1420";0;0;0;0;0;0;0;0;0;0;0;1
"1421";0;0;0;0;0;0;0;0;0;0;0;1
"1422";0;0;0;0;0;0;0;0;0;0;0;1
"1423";0;0;0;0;0;0;0;0;0;0;0;1
"1424";0;0;0;0;0;0;0;0;0;0;0;2
"1425";0;0;0;0;0;0;0;0;0;0;0;2
"1426";0;0;0;0;0;0;0;0;0;0;0;1
"1427";0;0;0;0;0;0;0;0;0;0;0;1
"1428";0;0;0;0;0;0;0;0;0;0;0;1
"1429";0;0;0;0;0;0;0;0;0;0;0;1
"1430";0;0;0;0;0;0;0;0;0;0;0;1
"1431";0;0;0;0;0;0;0;0;0;0;0;1
"1432";0;0;0;0;0;0;0;0;0;0;0;1
"1433";0;0;0;0;0;0;0;0;0;0;0;1
"1434";0;0;0;0;0;0;0;0;0;0;0;1
"1435";0;0;0;0;0;0;0;0;0;0;0;1
"1436";0;0;0;0;0;0;0;0;0;0;0;1
"1437";0;0;0;0;0;0;0;0;0;0;0;2
"1438";0;0;0;0;0;0;0;0;0;0;0;2
"1439";0;0;0;0;0;0;0;0;0;0;0;2
"1440";0;0;0;0;0;0;0;0;0;0;0;2
"1441";0;0;0;0;0;0;0;0;0;0;0;2
"1442";0;0;0;0;0;0;0;0;0;0;0;2
"1443";0;0;0;0;0;0;0;0;0;0;0;2
"1444";0;0;0;0;0;0;0;0;0;0;0;2
"1445";0;0;0;0;0;0;0;0;0;0;0;1
"1446";0;0;0;0;0;0;0;0;0;0;0;2
"1447";0;0;0;0;0;0;0;0;0;0;0;2
"1448";0;0;0;0;0;0;0;0;0;0;0;2
"1449";0;0;0;0;0;0;0;0;0;0;0;2
"1450";0;0;0;0;0;0;0;0;0;0;0;1
"1451";0;0;0;0;0;0;0;0;0;0;0;1
"1452";0;0;0;0;0;0;0;0;0;0;0;2
"1453";0;0;0;0;0;0;0;0;0;0;0;2
"1454";0;0;0;0;0;0;0;0;0;0;0;0
"1455";0;0;0;0;0;0;0;0;0;0;0;2
"1456";0;0;0;0;0;0;0;0;0;0;0;1
"1457";0;0;0;0;0;0;0;0;0;0;0;1
"1458";0;0;0;0;0;0;0;0;0;0;0;2
"1459";0;0;0;0;0;0;0;0;0;0;0;1
"1460";0;0;0;0;0;0;0;0;0;0;0;2
"1461";0;0;0;0;0;0;0;0;0;0;0;1
"1462";0;0;0;0;0;0;0;0;0;0;0;1
"1463";0;0;0;0;0;0;0;0;0;0;0;0
"1464";0;0;0;0;0;0;0;0;0;0;0;0
"1465";0;0;0;0;0;0;0;0;0;0;0;1
"1466";0;0;0;0;0;0;0;0;0;0;0;2
"1467";0;0;0;0;0;0;0;0;0;0;0;0
"1468";0;0;0;0;0;0;0;0;0;0;0;0
"1469";0;0;0;0;0;0;0;0;0;0;0;0
"1470";0;0;0;0;0;0;0;0;0;0;0;2
"1471";0;0;0;0;0;0;0;0;0;0;0;0
"1472";0;0;0;0;0;0;0;0;0;0;0;0
"1473";0;0;0;0;0;0;0;0;0;0;0;0
"1474";0;0;0;0;0;0;0;0;0;0;0;0
"1475";0;0;0;0;0;0;0;0;0;0;0;0
"1476";0;0;0;0;0;0;0;0;0;0;0;2
"1477";0;0;0;0;0;0;0;0;0;0;0;1
"1478";0;0;0;0;0;0;0;0;0;0;0;2
"1479";0;0;0;0;0;0;0;0;0;0;0;2
"1480";0;0;0;0;0;0;0;0;0;0;0;2
"1481";0;0;0;0;0;0;0;0;0;0;0;2
"1482";0;0;0;0;0;0;0;0;0;0;0;2
"1483";0;0;0;0;0;0;0;0;0;0;0;2
"1484";0;0;0;0;0;0;0;0;0;0;0;1
"1485";0;0;0;0;0;0;0;0;0;0;0;2
"1486";0;0;0;0;0;0;0;0;0;0;0;2
"1487";0;0;0;0;0;0;0;0;0;0;0;2
"1488";0;0;0;0;0;0;0;0;0;0;0;2
"1489";0;0;0;0;0;0;0;0;0;0;0;2
"1490";0;0;0;0;0;0;0;0;0;0;0;2
"1491";0;0;0;0;0;0;0;0;0;0;0;2
"1492";0;0;0;0;0;0;0;0;0;0;0;2
"1493";0;0;0;0;0;0;0;0;0;0;0;2
"1494";0;0;0;0;0;0;0;0;0;0;0;2
"1495";0;0;0;0;0;0;0;0;0;0;0;1
"1496";0;0;0;0;0;0;0;0;0;0;0;0
"1497";0;0;0;0;0;0;0;0;0;0;0;0
"1498";0;0;0;0;0;0;0;0;0;0;0;1
"1499";0;0;0;0;0;0;0;0;0;0;0;0
"1500";0;0;0;0;0;0;0;0;0;0;0;0
"1501";0;0;0;0;0;0;0;0;0;0;0;1
"1502";0;0;0;0;0;0;0;0;0;0;0;0
"1503";0;0;0;0;0;0;0;0;0;0;0;1
"1504";0;0;0;0;0;0;0;0;0;0;0;0
"1505";0;0;0;0;0;0;0;0;0;0;0;2
"1506";0;0;0;0;0;0;0;0;0;0;0;1
"1507";0;0;0;0;0;0;0;0;0;0;0;0
"1508";0;0;0;0;0;0;0;0;0;0;0;0
"1509";0;0;0;0;0;0;0;0;0;0;0;0
"1510";0;0;0;0;0;0;0;0;0;0;0;0
"1511";0;0;0;0;0;0;0;0;0;0;0;0
"1512";0;0;0;0;0;0;0;0;0;0;0;2
"1513";0;0;0;0;0;0;0;0;0;0;0;2
"1514";0;0;0;0;0;0;0;0;0;0;0;0
"1515";0;0;0;0;0;0;0;0;0;0;0;0
"1516";0;0;0;0;0;0;0;0;0;0;0;0
"1517";0;0;0;0;0;0;0;0;0;0;0;0
"1518";0;0;0;0;0;0;0;0;0;0;0;2
