"";"V1";"V2";"V3";"V4";"V5";"V6";"V7";"V8";"V9";"V10";"V11";"V12";"V13";"V14";"V15";"V16";"V17";"V18";"V19"
"1";0;0;0;0;0;0;0;0;0;0;0;0;0;0;0;0;0;2;2
"2";0;0;0;0;0;0;0;0;0;0;0;0;0;0;0;0;0;2;2
"3";0;0;0;0;0;0;0;0;0;0;0;0;0;0;0;0;0;2;2
"4";0;0;0;0;0;0;0;0;0;0;0;0;0;0;0;0;0;3;3
"5";0;0;0;0;0;0;0;0;0;0;0;0;0;0;0;0;0;0;0
"6";0;0;0;0;0;0;0;0;0;0;0;0;0;0;0;0;0;2;2
"7";0;0;0;0;0;0;0;0;0;0;0;0;0;0;0;0;0;0;1
"8";0;0;0;0;0;0;0;0;0;0;0;0;0;0;0;0;0;0;1
"9";0;0;0;0;0;0;0;0;0;0;0;0;0;0;0;0;0;2;2
"10";0;0;0;0;0;0;0;0;0;0;0;0;0;0;0;0;0;0;1
"11";0;0;0;0;0;0;0;0;0;0;0;0;0;0;0;0;0;0;1
"12";0;0;0;0;0;0;0;0;0;0;0;0;0;0;0;0;0;0;1
"13";0;0;0;0;0;0;0;0;0;0;0;0;0;0;0;0;0;3;3
"14";0;0;0;0;0;0;0;0;0;0;0;0;0;0;0;0;0;2;2
"15";0;0;0;0;0;0;0;0;0;0;0;0;0;0;0;0;0;0;0
"16";0;0;0;0;0;0;0;0;0;0;0;0;0;0;0;0;0;2;2
"17";0;0;0;0;0;0;0;0;0;0;0;0;0;0;0;0;0;2;2
"18";0;0;0;0;0;0;0;0;0;0;0;0;0;0;0;0;0;2;2
"19";0;0;0;0;0;0;0;0;0;0;0;0;0;0;0;0;0;0;1
"20";0;0;0;0;0;0;0;0;0;0;0;0;0;0;0;0;0;0;1
"21";0;0;0;0;0;0;0;0;0;0;0;0;0;0;0;0;0;0;1
"22";0;0;0;0;0;0;0;0;0;0;0;0;0;0;0;0;0;0;1
"23";0;0;0;0;0;0;0;0;0;0;0;0;0;0;0;0;0;2;2
"24";0;0;0;0;0;0;0;0;0;0;0;0;0;0;0;0;0;2;2
"25";0;0;0;0;0;0;0;0;0;0;0;0;0;0;0;0;0;2;2
"26";0;0;0;0;0;0;0;0;0;0;0;0;0;0;0;0;0;2;2
"27";0;0;0;0;0;0;0;0;0;0;0;0;0;0;0;0;0;0;1
"28";0;0;0;0;0;0;0;0;0;0;0;0;0;0;0;0;0;3;3
"29";0;0;0;0;0;0;0;0;0;0;0;0;0;0;0;0;0;2;2
"30";0;0;0;0;0;0;0;0;0;0;0;0;0;0;0;0;0;3;3
"31";0;0;0;0;0;0;0;0;0;0;0;0;0;0;0;0;0;2;2
"32";0;0;0;0;0;0;0;0;0;0;0;0;0;0;0;0;0;0;1
"33";0;0;0;0;0;0;0;0;0;0;0;0;0;0;0;0;0;0;1
"34";0;0;0;0;0;0;0;0;0;0;0;0;0;0;0;0;0;3;3
"35";0;0;0;0;0;0;0;0;0;0;0;0;0;0;0;0;0;2;2
"36";0;0;0;0;0;0;0;0;0;0;0;0;0;0;0;0;0;2;2
"37";0;0;0;0;0;0;0;0;0;0;0;0;0;0;0;0;0;2;2
"38";0;0;0;0;0;0;0;0;0;0;0;0;0;0;0;0;0;2;2
"39";0;0;0;0;0;0;0;0;0;0;0;0;0;0;0;0;0;3;3
"40";0;0;0;0;0;0;0;0;0;0;0;0;0;0;0;0;0;2;2
"41";0;0;0;0;0;0;0;0;0;0;0;0;0;0;0;0;0;2;2
"42";0;0;0;0;0;0;0;0;0;0;0;0;0;0;0;0;0;2;2
"43";0;0;0;0;0;0;0;0;0;0;0;0;0;0;0;0;0;2;2
"44";0;0;0;0;0;0;0;0;0;0;0;0;0;0;0;0;0;2;2
"45";0;0;0;0;0;0;0;0;0;0;0;0;0;0;0;0;0;0;1
"46";0;0;0;0;0;0;0;0;0;0;0;0;0;0;0;0;0;2;2
"47";0;0;0;0;0;0;0;0;0;0;0;0;0;0;0;0;0;0;1
"48";0;0;0;0;0;0;0;0;0;0;0;0;0;0;0;0;0;0;1
"49";0;0;0;0;0;0;0;0;0;0;0;0;0;0;0;0;0;0;0
"50";0;0;0;0;0;0;0;0;0;0;0;0;0;0;0;0;0;0;0
"51";0;0;0;0;0;0;0;0;0;0;0;0;0;0;0;0;0;0;0
"52";0;0;0;0;0;0;0;0;0;0;0;0;0;0;0;0;0;0;0
"53";0;0;0;0;0;0;0;0;0;0;0;0;0;0;0;0;0;0;0
"54";0;0;0;0;0;0;0;0;0;0;0;0;0;0;0;0;0;0;0
"55";0;0;0;0;0;0;0;0;0;0;0;0;0;0;0;0;0;0;0
"56";0;0;0;0;0;0;0;0;0;0;0;0;0;0;0;0;0;0;0
"57";0;0;0;0;0;0;0;0;0;0;0;0;0;0;0;0;0;0;0
"58";0;0;0;0;0;0;0;0;0;0;0;0;0;0;0;0;0;0;0
"59";0;0;0;0;0;0;0;0;0;0;0;0;0;0;0;0;0;0;0
"60";0;0;0;0;0;0;0;0;0;0;0;0;0;0;0;0;0;0;0
"61";0;0;0;0;0;0;0;0;0;0;0;0;0;0;0;0;0;0;0
"62";0;0;0;0;0;0;0;0;0;0;0;0;0;0;0;0;0;0;0
"63";0;0;0;0;0;0;0;0;0;0;0;0;0;0;0;0;0;0;0
"64";0;0;0;0;0;0;0;0;0;0;0;0;0;0;0;0;0;0;0
"65";0;0;0;0;0;0;0;0;0;0;0;0;0;0;0;0;0;0;0
"66";0;0;0;0;0;0;0;0;0;0;0;0;0;0;0;0;0;0;0
"67";0;0;0;0;0;0;0;0;0;0;0;0;0;0;0;0;0;0;1
"68";0;0;0;0;0;0;0;0;0;0;0;0;0;0;0;0;0;0;0
"69";0;0;0;0;0;0;0;0;0;0;0;0;0;0;0;0;0;0;0
"70";0;0;0;0;0;0;0;0;0;0;0;0;0;0;0;0;0;0;0
"71";0;0;0;0;0;0;0;0;0;0;0;0;0;0;0;0;0;0;1
"72";0;0;0;0;0;0;0;0;0;0;0;0;0;0;0;0;0;0;0
"73";0;0;0;0;0;0;0;0;0;0;0;0;0;0;0;0;0;0;0
"74";0;0;0;0;0;0;0;0;0;0;0;0;0;0;0;0;0;0;0
"75";0;0;0;0;0;0;0;0;0;0;0;0;0;0;0;0;0;0;0
"76";0;0;0;0;0;0;0;0;0;0;0;0;0;0;0;0;0;0;0
"77";0;0;0;0;0;0;0;0;0;0;0;0;0;0;0;0;0;0;0
"78";0;0;0;0;0;0;0;0;0;0;0;0;0;0;0;0;0;0;1
"79";0;0;0;0;0;0;0;0;0;0;0;0;0;0;0;0;0;0;1
"80";0;0;0;0;0;0;0;0;0;0;0;0;0;0;0;0;0;0;0
"81";0;0;0;0;0;0;0;0;0;0;0;0;0;0;0;0;0;0;0
"82";0;0;0;0;0;0;0;0;0;0;0;0;0;0;0;0;0;0;1
"83";0;0;0;0;0;0;0;0;0;0;0;0;0;0;0;0;0;0;0
"84";0;0;0;0;0;0;0;0;0;0;0;0;0;0;0;0;0;0;0
"85";0;0;0;0;0;0;0;0;0;0;0;0;0;0;0;0;0;0;0
"86";0;0;0;0;0;0;0;0;0;0;0;0;0;0;0;0;0;0;0
"87";0;0;0;0;0;0;0;0;0;0;0;0;0;0;0;0;0;3;3
"88";0;0;0;0;0;0;0;0;0;0;0;0;0;0;0;0;0;2;2
"89";0;0;0;0;0;0;0;0;0;0;0;0;0;0;0;0;0;3;3
"90";0;0;0;0;0;0;0;0;0;0;0;0;0;0;0;0;0;3;3
"91";0;0;0;0;0;0;0;0;0;0;0;0;0;0;0;0;0;3;3
"92";0;0;0;0;0;0;0;0;0;0;0;0;0;0;0;0;0;2;2
"93";0;0;0;0;0;0;0;0;0;0;0;0;0;0;0;0;0;2;2
"94";0;0;0;0;0;0;0;0;0;0;0;0;0;0;0;0;0;2;2
"95";0;0;0;0;0;0;0;0;0;0;0;0;0;0;0;0;0;2;2
"96";0;0;0;0;0;0;0;0;0;0;0;0;0;0;0;0;0;0;1
"97";0;0;0;0;0;0;0;0;0;0;0;0;0;0;0;0;0;0;0
"98";0;0;0;0;0;0;0;0;0;0;0;0;0;0;0;0;0;0;0
"99";0;0;0;0;0;0;0;0;0;0;0;0;0;0;0;0;0;0;0
"100";0;0;0;0;0;0;0;0;0;0;0;0;0;0;0;0;0;0;0
"101";0;0;0;0;0;0;0;0;0;0;0;0;0;0;0;0;0;0;0
"102";0;0;0;0;0;0;0;0;0;0;0;0;0;0;0;0;0;0;0
"103";0;0;0;0;0;0;0;0;0;0;0;0;0;0;0;0;0;0;0
"104";0;0;0;0;0;0;0;0;0;0;0;0;0;0;0;0;0;0;0
"105";0;0;0;0;0;0;0;0;0;0;0;0;0;0;0;0;0;0;0
"106";0;0;0;0;0;0;0;0;0;0;0;0;0;0;0;0;0;0;0
"107";0;0;0;0;0;0;0;0;0;0;0;0;0;0;0;0;0;0;0
"108";0;0;0;0;0;0;0;0;0;0;0;0;0;0;0;0;0;3;3
"109";0;0;0;0;0;0;0;0;0;0;0;0;0;0;0;0;0;0;0
"110";0;0;0;0;0;0;0;0;0;0;0;0;0;0;0;0;0;0;0
"111";0;0;0;0;0;0;0;0;0;0;0;0;0;0;0;0;0;0;0
"112";0;0;0;0;0;0;0;0;0;0;0;0;0;0;0;0;0;0;0
"113";0;0;0;0;0;0;0;0;0;0;0;0;0;0;0;0;0;0;0
"114";0;0;0;0;0;0;0;0;0;0;0;0;0;0;0;0;0;0;0
"115";0;0;0;0;0;0;0;0;0;0;0;0;0;0;0;0;0;0;0
"116";0;0;0;0;0;0;0;0;0;0;0;0;0;0;0;0;0;0;0
"117";0;0;0;0;0;0;0;0;0;0;0;0;0;0;0;0;0;0;1
"118";0;0;0;0;0;0;0;0;0;0;0;0;0;0;0;0;0;0;1
"119";0;0;0;0;0;0;0;0;0;0;0;0;0;0;0;0;0;0;1
"120";0;0;0;0;0;0;0;0;0;0;0;0;0;0;0;0;0;0;1
"121";0;0;0;0;0;0;0;0;0;0;0;0;0;0;0;0;0;0;1
"122";0;0;0;0;0;0;0;0;0;0;0;0;0;0;0;0;0;0;1
"123";0;0;0;0;0;0;0;0;0;0;0;0;0;0;0;0;0;0;1
"124";0;0;0;0;0;0;0;0;0;0;0;0;0;0;0;0;0;0;1
"125";0;0;0;0;0;0;0;0;0;0;0;0;0;0;0;0;0;0;1
"126";0;0;0;0;0;0;0;0;0;0;0;0;0;0;0;0;0;0;1
"127";0;0;0;0;0;0;0;0;0;0;0;0;0;0;0;0;0;0;1
"128";0;0;0;0;0;0;0;0;0;0;0;0;0;0;0;0;0;0;1
"129";0;0;0;0;0;0;0;0;0;0;0;0;0;0;0;0;0;0;1
"130";0;0;0;0;0;0;0;0;0;0;0;0;0;0;0;0;0;0;1
"131";0;0;0;0;0;0;0;0;0;0;0;0;0;0;0;0;0;0;1
"132";0;0;0;0;0;0;0;0;0;0;0;0;0;0;0;0;0;0;1
"133";0;0;0;0;0;0;0;0;0;0;0;0;0;0;0;0;0;0;1
"134";0;0;0;0;0;0;0;0;0;0;0;0;0;0;0;0;0;0;1
"135";0;0;0;0;0;0;0;0;0;0;0;0;0;0;0;0;0;0;1
"136";0;0;0;0;0;0;0;0;0;0;0;0;0;0;0;0;0;0;1
"137";0;0;0;0;0;0;0;0;0;0;0;0;0;0;0;0;0;0;1
"138";0;0;0;0;0;0;0;0;0;0;0;0;0;0;0;0;0;0;1
"139";0;0;0;0;0;0;0;0;0;0;0;0;0;0;0;0;0;0;1
"140";0;0;0;0;0;0;0;0;0;0;0;0;0;0;0;0;0;3;3
"141";0;0;0;0;0;0;0;0;0;0;0;0;0;0;0;0;0;3;3
"142";0;0;0;0;0;0;0;0;0;0;0;0;0;0;0;0;0;0;1
"143";0;0;0;0;0;0;0;0;0;0;0;0;0;0;0;0;0;2;2
"144";0;0;0;0;0;0;0;0;0;0;0;0;0;0;0;0;0;0;1
"145";0;0;0;0;0;0;0;0;0;0;0;0;0;0;0;0;0;3;3
"146";0;0;0;0;0;0;0;0;0;0;0;0;0;0;0;0;0;2;2
"147";0;0;0;0;0;0;0;0;0;0;0;0;0;0;0;0;0;0;1
"148";0;0;0;0;0;0;0;0;0;0;0;0;0;0;0;0;0;0;1
"149";0;0;0;0;0;0;0;0;0;0;0;0;0;0;0;0;0;0;1
"150";0;0;0;0;0;0;0;0;0;0;0;0;0;0;0;0;0;0;1
"151";0;0;0;0;0;0;0;0;0;0;0;0;0;0;0;0;0;0;1
"152";0;0;0;0;0;0;0;0;0;0;0;0;0;0;0;0;0;0;1
"153";0;0;0;0;0;0;0;0;0;0;0;0;0;0;0;0;0;3;3
"154";0;0;0;0;0;0;0;0;0;0;0;0;0;0;0;0;0;0;1
"155";0;0;0;0;0;0;0;0;0;0;0;0;0;0;0;0;0;2;2
"156";0;0;0;0;0;0;0;0;0;0;0;0;0;0;0;0;0;0;1
"157";0;0;0;0;0;0;0;0;0;0;0;0;0;0;0;0;0;0;1
"158";0;0;0;0;0;0;0;0;0;0;0;0;0;0;0;0;0;2;2
"159";0;0;0;0;0;0;0;0;0;0;0;0;0;0;0;0;0;2;2
"160";0;0;0;0;0;0;0;0;0;0;0;0;0;0;0;0;0;3;3
"161";0;0;0;0;0;0;0;0;0;0;0;0;0;0;0;0;0;0;1
"162";0;0;0;0;0;0;0;0;0;0;0;0;0;0;0;0;0;0;1
"163";0;0;0;0;0;0;0;0;0;0;0;0;0;0;0;0;0;0;1
"164";0;0;0;0;0;0;0;0;0;0;0;0;0;0;0;0;0;0;1
"165";0;0;0;0;0;0;0;0;0;0;0;0;0;0;0;0;0;0;1
"166";0;0;0;0;0;0;0;0;0;0;0;0;0;0;0;0;0;0;1
"167";0;0;0;0;0;0;0;0;0;0;0;0;0;0;0;0;0;0;1
"168";0;0;0;0;0;0;0;0;0;0;0;0;0;0;0;0;0;0;1
"169";0;0;0;0;0;0;0;0;0;0;0;0;0;0;0;0;0;2;2
"170";0;0;0;0;0;0;0;0;0;0;0;0;0;0;0;0;0;0;1
"171";0;0;0;0;0;0;0;0;0;0;0;0;0;0;0;0;0;0;1
"172";0;0;0;0;0;0;0;0;0;0;0;0;0;0;0;0;0;0;1
"173";0;0;0;0;0;0;0;0;0;0;0;0;0;0;0;0;0;0;1
"174";0;6;6;6;6;6;6;6;6;6;6;6;6;6;6;6;6;6;6
"175";0;0;0;0;0;0;0;0;0;0;0;0;0;0;0;0;0;0;1
"176";0;0;0;0;0;0;0;0;0;0;0;0;0;0;0;0;0;0;1
"177";0;0;0;0;0;0;0;0;0;0;0;0;0;0;0;0;0;0;1
"178";0;0;0;0;0;0;0;0;0;0;0;0;0;0;0;0;0;0;0
"179";0;0;0;0;0;0;0;0;0;0;0;0;0;0;0;0;0;2;2
"180";0;0;0;0;0;0;0;0;0;0;0;0;0;0;0;0;0;2;2
"181";0;0;0;0;0;0;0;0;0;0;0;0;0;0;0;0;0;2;2
"182";0;0;0;0;0;0;0;0;0;0;0;0;0;0;0;0;0;0;0
"183";0;0;0;0;0;0;0;0;0;0;0;0;0;0;0;0;0;2;2
"184";0;0;0;0;0;0;0;0;0;0;0;0;0;0;0;0;0;2;2
"185";0;0;0;0;0;0;0;0;0;0;0;0;0;0;0;0;0;3;3
"186";0;0;0;0;0;0;0;0;0;0;0;0;0;0;0;0;0;3;3
"187";0;0;0;0;0;0;0;0;0;0;0;0;0;0;0;0;0;2;2
"188";0;0;0;0;0;0;0;0;0;0;0;0;0;0;0;0;0;3;3
"189";0;0;0;0;0;0;0;0;0;0;0;0;0;0;0;0;0;2;2
"190";0;0;0;0;0;0;0;0;0;0;0;0;0;0;0;0;0;0;1
"191";0;0;0;0;0;0;0;0;0;0;0;0;0;0;0;0;0;2;2
"192";0;0;0;0;0;0;0;0;0;0;0;0;0;0;0;0;0;2;2
"193";0;0;0;0;0;0;0;0;0;0;0;0;0;0;0;0;0;2;2
"194";0;0;0;0;0;0;0;0;0;0;0;0;0;0;0;0;0;2;2
"195";0;0;0;0;0;0;0;0;0;0;0;0;0;0;0;0;0;2;2
"196";0;0;0;0;0;0;0;0;0;0;0;0;0;0;0;0;0;2;2
"197";0;0;0;0;0;0;0;0;0;0;0;0;0;0;0;0;0;0;1
"198";0;0;0;0;0;0;0;0;0;0;0;0;0;0;0;0;0;2;2
"199";0;0;0;0;0;0;0;0;0;0;0;0;0;0;0;0;0;2;2
"200";0;0;0;0;0;0;0;0;0;0;0;0;0;0;0;0;0;0;1
"201";0;0;0;0;0;0;0;0;0;0;0;0;0;0;0;0;0;0;1
"202";0;0;0;0;0;0;0;0;0;0;0;0;0;0;0;0;0;0;1
"203";0;0;5;5;5;5;5;5;5;5;5;5;5;5;5;5;5;5;5
"204";0;0;5;5;5;5;5;5;5;5;5;5;5;5;5;5;5;5;5
"205";0;0;5;5;5;5;5;5;5;5;5;5;5;5;5;5;5;5;5
"206";0;0;5;5;5;5;5;5;5;5;5;5;5;5;5;5;5;5;5
"207";0;0;5;5;5;5;5;5;5;5;5;5;5;5;5;5;5;5;5
"208";0;0;5;5;5;5;5;5;5;5;5;5;5;5;5;5;5;5;5
"209";0;0;5;5;5;5;5;5;5;5;5;5;5;5;5;5;5;5;5
"210";0;0;5;5;5;5;5;5;5;5;5;5;5;5;5;5;5;5;5
"211";0;0;5;5;5;5;5;5;5;5;5;5;5;5;5;5;5;5;5
"212";0;0;5;5;5;5;5;5;5;5;5;5;5;5;5;5;5;5;5
"213";0;0;5;5;5;5;5;5;5;5;5;5;5;5;5;5;5;5;5
"214";0;0;5;5;5;5;5;5;5;5;5;5;5;5;5;5;5;5;5
"215";0;0;5;5;5;5;5;5;5;5;5;5;5;5;5;5;5;5;5
"216";0;0;5;5;5;5;5;5;5;5;5;5;5;5;5;5;5;5;5
"217";0;0;5;5;5;5;5;5;5;5;5;5;5;5;5;5;5;5;5
"218";0;0;5;5;5;5;5;5;5;5;5;5;5;5;5;5;5;5;5
"219";0;0;5;5;5;5;5;5;5;5;5;5;5;5;5;5;5;5;5
"220";0;0;5;5;5;5;5;5;5;5;5;5;5;5;5;5;5;5;5
"221";0;0;5;5;5;5;5;5;5;5;5;5;5;5;5;5;5;5;5
"222";0;0;5;5;5;5;5;5;5;5;5;5;5;5;5;5;5;5;5
"223";0;0;5;5;5;5;5;5;5;5;5;5;5;5;5;5;5;5;5
"224";0;0;5;5;5;5;5;5;5;5;5;5;5;5;5;5;5;5;5
"225";0;0;5;5;5;5;5;5;5;5;5;5;5;5;5;5;5;5;5
"226";0;0;5;5;5;5;5;5;5;5;5;5;5;5;5;5;5;5;5
"227";0;0;5;5;5;5;5;5;5;5;5;5;5;5;5;5;5;5;5
"228";0;0;5;5;5;5;5;5;5;5;5;5;5;5;5;5;5;5;5
"229";0;0;5;5;5;5;5;5;5;5;5;5;5;5;5;5;5;5;5
"230";0;0;5;5;5;5;5;5;5;5;5;5;5;5;5;5;5;5;5
"231";0;0;5;5;5;5;5;5;5;5;5;5;5;5;5;5;5;5;5
"232";0;0;5;5;5;5;5;5;5;5;5;5;5;5;5;5;5;5;5
"233";0;0;5;5;5;5;5;5;5;5;5;5;5;5;5;5;5;5;5
"234";0;0;5;5;5;5;5;5;5;5;5;5;5;5;5;5;5;5;5
"235";0;0;5;5;5;5;5;5;5;5;5;5;5;5;5;5;5;5;5
"236";0;0;5;5;5;5;5;5;5;5;5;5;5;5;5;5;5;5;5
"237";0;0;5;5;5;5;5;5;5;5;5;5;5;5;5;5;5;5;5
"238";0;0;5;5;5;5;5;5;5;5;5;5;5;5;5;5;5;5;5
"239";0;0;0;0;0;0;0;0;0;0;0;0;0;0;0;0;0;0;1
"240";0;0;0;0;0;0;0;0;0;0;0;0;0;0;0;0;0;2;2
"241";0;0;5;5;5;5;5;5;5;5;5;5;5;5;5;5;5;5;5
"242";0;0;5;5;5;5;5;5;5;5;5;5;5;5;5;5;5;5;5
"243";0;0;5;5;5;5;5;5;5;5;5;5;5;5;5;5;5;5;5
"244";0;0;5;5;5;5;5;5;5;5;5;5;5;5;5;5;5;5;5
"245";0;0;5;5;5;5;5;5;5;5;5;5;5;5;5;5;5;5;5
"246";0;0;5;5;5;5;5;5;5;5;5;5;5;5;5;5;5;5;5
"247";0;0;5;5;5;5;5;5;5;5;5;5;5;5;5;5;5;5;5
"248";0;0;5;5;5;5;5;5;5;5;5;5;5;5;5;5;5;5;5
"249";0;0;5;5;5;5;5;5;5;5;5;5;5;5;5;5;5;5;5
"250";0;0;5;5;5;5;5;5;5;5;5;5;5;5;5;5;5;5;5
"251";0;0;5;5;5;5;5;5;5;5;5;5;5;5;5;5;5;5;5
"252";0;0;5;5;5;5;5;5;5;5;5;5;5;5;5;5;5;5;5
"253";0;0;0;0;0;0;0;0;0;0;0;0;0;0;0;0;0;0;1
"254";0;0;0;0;0;0;0;0;0;0;0;0;0;0;0;0;0;0;1
"255";0;0;0;0;0;0;0;0;0;0;0;0;0;0;0;0;0;0;1
"256";0;0;0;0;0;0;0;0;0;0;0;0;0;0;0;0;0;0;1
"257";0;0;0;0;0;0;0;0;0;0;0;0;0;0;0;0;0;0;1
"258";0;0;0;0;0;0;0;0;0;0;0;0;0;0;0;0;0;0;1
"259";0;0;0;0;0;0;0;0;0;0;0;0;0;0;0;0;0;0;1
"260";0;0;0;0;0;0;0;0;0;0;0;0;0;0;0;0;0;0;1
"261";0;0;0;0;0;0;0;0;0;0;0;0;0;0;0;0;0;0;1
"262";0;0;5;5;5;5;5;5;5;5;5;5;5;5;5;5;5;5;5
"263";0;0;5;5;5;5;5;5;5;5;5;5;5;5;5;5;5;5;5
"264";0;0;5;5;5;5;5;5;5;5;5;5;5;5;5;5;5;5;5
"265";0;0;5;5;5;5;5;5;5;5;5;5;5;5;5;5;5;5;5
"266";0;0;5;5;5;5;5;5;5;5;5;5;5;5;5;5;5;5;5
"267";0;0;5;5;5;5;5;5;5;5;5;5;5;5;5;5;5;5;5
"268";0;0;5;5;5;5;5;5;5;5;5;5;5;5;5;5;5;5;5
"269";0;0;5;5;5;5;5;5;5;5;5;5;5;5;5;5;5;5;5
"270";0;0;0;0;0;0;0;0;0;0;0;0;0;0;0;0;0;0;1
"271";0;0;0;0;0;0;0;0;0;0;0;0;0;0;0;0;0;0;1
"272";0;0;0;0;0;0;0;0;0;0;0;0;0;0;0;0;0;0;1
"273";0;0;0;0;0;0;0;0;0;0;0;0;0;0;0;0;0;0;1
"274";0;0;0;0;0;0;0;0;0;0;0;0;0;0;0;0;0;3;3
"275";0;0;0;0;0;0;0;0;0;0;0;0;0;0;0;0;0;3;3
"276";0;0;0;0;0;0;0;0;0;0;0;0;0;0;0;0;0;0;0
"277";0;0;0;0;0;0;0;0;0;0;0;0;0;0;0;0;0;3;3
"278";0;0;0;0;0;0;0;0;0;0;0;0;0;0;0;0;0;3;3
"279";0;0;0;0;0;0;0;0;0;0;0;0;0;0;0;0;0;0;0
"280";0;0;0;0;0;0;0;0;0;0;0;0;0;0;0;0;0;0;0
"281";0;0;0;0;0;0;0;0;0;0;0;0;0;0;0;0;0;0;0
"282";0;0;0;0;0;0;0;0;0;0;0;0;0;0;0;0;0;0;0
"283";0;0;0;0;0;0;0;0;0;0;0;0;0;0;0;0;0;3;3
"284";0;0;0;0;0;0;0;0;0;0;0;0;0;0;0;0;0;0;0
"285";0;0;0;0;0;0;0;0;0;0;0;0;0;0;0;0;0;0;0
"286";0;0;0;0;0;0;0;0;0;0;0;0;0;0;0;0;0;0;0
"287";0;0;0;0;0;0;0;0;0;0;0;0;0;0;0;0;0;0;0
"288";0;0;0;0;0;0;0;0;0;0;0;0;0;0;0;0;0;0;0
"289";0;0;0;0;0;0;0;0;0;0;0;0;0;0;0;0;0;0;0
"290";0;0;0;0;0;0;0;0;0;0;0;0;0;0;0;0;0;0;0
"291";0;0;0;0;0;0;0;0;0;0;0;0;0;0;0;0;0;0;0
"292";0;0;0;0;0;0;0;0;0;0;0;0;0;0;0;0;0;3;3
"293";0;0;0;0;0;0;0;0;0;0;0;0;0;0;0;0;0;0;0
"294";0;0;0;0;0;0;0;0;0;0;0;0;0;0;0;0;0;0;0
"295";0;0;0;0;0;0;0;0;0;0;0;0;0;0;0;0;0;0;0
"296";0;0;0;0;0;0;0;0;0;0;0;0;0;0;0;0;0;3;3
"297";0;0;0;0;0;0;0;0;0;0;0;0;0;0;0;0;0;0;0
"298";0;0;0;0;0;0;0;0;0;0;0;0;0;0;0;0;0;3;3
"299";0;0;0;0;0;0;0;0;0;0;0;0;0;0;0;0;0;0;0
"300";0;0;0;0;0;0;0;0;0;0;0;0;0;0;0;0;0;0;0
"301";0;0;0;0;0;0;0;0;0;0;0;0;0;0;0;0;0;3;3
"302";0;0;0;0;0;0;0;0;0;0;0;0;0;0;0;0;0;0;0
"303";0;0;0;0;0;0;0;0;0;0;0;0;0;0;0;0;0;0;0
"304";0;0;0;0;0;0;0;0;0;0;0;0;0;0;0;0;0;0;0
"305";0;0;0;0;0;0;0;0;0;0;0;0;0;0;0;0;0;3;3
"306";0;0;0;0;0;0;0;0;0;0;0;0;0;0;0;0;0;3;3
"307";0;0;0;0;0;0;0;0;0;0;0;0;0;0;0;0;0;0;1
"308";0;0;0;0;0;0;0;0;0;0;0;0;0;0;0;0;0;0;1
"309";0;0;0;0;0;0;0;0;0;0;0;0;0;0;0;0;0;3;3
"310";0;0;0;0;0;0;0;0;0;0;0;0;0;0;0;0;0;2;2
"311";0;0;0;0;0;0;0;0;0;0;0;0;0;0;0;0;0;3;3
"312";0;0;0;0;0;0;0;0;0;0;0;0;0;0;0;0;0;3;3
"313";0;0;0;0;0;0;0;0;0;0;0;0;0;0;0;0;0;3;3
"314";0;0;0;0;0;0;0;0;0;0;0;0;0;0;0;0;0;3;3
"315";0;0;0;0;0;0;0;0;0;0;0;0;0;0;0;0;0;0;0
"316";0;0;0;0;0;0;0;0;0;0;0;0;0;0;0;0;0;0;0
"317";0;0;0;0;0;0;0;0;0;0;0;0;0;0;0;0;0;3;3
"318";0;0;0;0;0;0;0;0;0;0;0;0;0;0;0;0;0;0;0
"319";0;0;0;0;0;0;0;0;0;0;0;0;0;0;0;0;0;0;0
"320";0;0;0;0;0;0;0;0;0;0;0;0;0;0;0;0;0;3;3
"321";0;0;0;0;0;0;0;0;0;0;0;0;0;0;0;0;0;3;3
"322";0;0;0;0;0;0;0;0;0;0;0;0;0;0;0;0;0;0;1
"323";0;0;0;0;0;0;0;0;0;0;0;0;0;0;0;0;0;3;3
"324";0;0;0;0;0;0;0;0;0;0;0;0;0;0;0;0;0;0;0
"325";0;0;0;0;0;0;0;0;0;0;0;0;0;0;0;0;0;0;0
"326";0;0;0;0;0;0;0;0;0;0;0;0;0;0;0;0;0;3;3
"327";0;0;0;0;0;0;0;0;0;0;0;0;0;0;0;0;0;3;3
"328";0;0;0;0;0;0;0;0;0;0;0;0;0;0;0;0;0;0;0
"329";0;0;0;0;0;0;0;0;0;0;0;0;0;0;0;0;0;0;0
"330";0;0;0;0;0;0;0;0;0;0;0;0;0;0;0;0;0;2;2
"331";0;0;0;0;0;0;0;0;0;0;0;0;0;0;0;0;0;0;0
"332";0;0;0;0;0;0;0;0;0;0;0;0;0;0;0;0;0;3;3
"333";0;0;0;0;0;0;0;0;0;0;0;0;0;0;0;0;0;0;0
"334";0;0;0;0;0;0;0;0;0;0;0;0;0;0;0;0;0;0;0
"335";0;0;0;0;0;0;0;0;0;0;0;0;0;0;0;0;0;0;0
"336";0;0;0;0;0;0;0;0;0;0;0;0;0;0;0;0;0;0;0
"337";0;0;0;0;0;0;0;0;0;0;0;0;0;0;0;0;0;0;0
"338";0;0;0;0;0;0;0;0;0;0;0;0;0;0;0;0;0;0;0
"339";0;0;0;0;0;0;0;0;0;0;0;0;0;0;0;0;0;3;3
"340";0;0;0;0;0;0;0;0;0;0;0;0;0;0;0;0;0;0;0
"341";0;0;0;0;0;0;0;0;0;0;0;0;0;0;0;0;0;0;0
"342";0;0;0;0;0;0;0;0;0;0;0;0;0;0;0;0;0;0;0
"343";0;0;0;0;0;0;0;0;0;0;0;0;0;0;0;0;0;0;0
"344";0;0;0;0;0;0;0;0;0;0;0;0;0;0;0;0;0;0;0
"345";0;0;0;0;0;0;0;0;0;0;0;0;0;0;0;0;0;0;0
"346";0;0;0;0;0;0;0;0;0;0;0;0;0;0;0;0;0;0;0
"347";0;0;0;0;0;0;0;0;0;0;0;0;0;0;0;0;0;0;0
"348";0;0;0;0;0;0;0;0;0;0;0;0;0;0;0;0;0;0;0
"349";0;0;0;0;0;0;0;0;0;0;0;0;0;0;0;0;0;0;0
"350";0;0;0;0;0;0;0;0;0;0;0;0;0;0;0;0;0;0;0
"351";0;0;0;0;0;0;0;0;0;0;0;0;0;0;0;0;0;3;3
"352";0;0;0;0;0;0;0;0;0;0;0;0;0;0;0;0;0;0;0
"353";0;0;0;0;0;0;0;0;0;0;0;0;0;0;0;0;0;0;0
"354";0;0;0;0;0;0;0;0;0;0;0;0;0;0;0;0;0;0;0
"355";0;0;0;0;0;0;0;0;0;0;0;0;0;0;0;0;0;0;0
"356";0;0;0;0;0;0;0;0;0;0;0;0;0;0;0;0;0;0;0
"357";0;0;0;0;0;0;0;0;0;0;0;0;0;0;0;0;0;0;0
"358";0;0;0;0;0;0;0;0;0;0;0;0;0;0;0;0;0;0;0
"359";0;0;0;0;0;0;0;0;0;0;0;0;0;0;0;0;0;0;0
"360";0;0;0;0;0;0;0;0;0;0;0;0;0;0;0;0;0;0;0
"361";0;0;0;0;0;0;0;0;0;0;0;0;0;0;0;0;0;0;0
"362";0;0;0;0;0;0;0;0;0;0;0;0;0;0;0;0;0;0;0
"363";0;0;0;0;0;0;0;0;0;0;0;0;0;0;0;0;0;0;0
"364";0;0;0;0;0;0;0;0;0;0;0;0;0;0;0;0;0;0;0
"365";0;0;0;0;0;0;0;0;0;0;0;0;0;0;0;0;0;0;0
"366";0;0;0;0;0;0;0;0;0;0;0;0;0;0;0;0;0;0;0
"367";0;0;0;0;0;0;0;0;0;0;0;0;0;0;0;0;0;3;3
"368";0;0;0;0;0;0;0;0;0;0;0;0;0;0;0;0;0;0;0
"369";0;0;0;0;0;0;0;0;0;0;0;0;0;0;0;0;0;0;0
"370";0;0;0;0;0;0;0;0;0;0;0;0;0;0;0;0;0;0;0
"371";0;6;6;6;6;6;6;6;6;6;6;6;6;6;6;6;6;6;6
"372";0;6;6;6;6;6;6;6;6;6;6;6;6;6;6;6;6;6;6
"373";0;6;6;6;6;6;6;6;6;6;6;6;6;6;6;6;6;6;6
"374";0;6;6;6;6;6;6;6;6;6;6;6;6;6;6;6;6;6;6
"375";0;6;6;6;6;6;6;6;6;6;6;6;6;6;6;6;6;6;6
"376";0;6;6;6;6;6;6;6;6;6;6;6;6;6;6;6;6;6;6
"377";0;6;6;6;6;6;6;6;6;6;6;6;6;6;6;6;6;6;6
"378";0;6;6;6;6;6;6;6;6;6;6;6;6;6;6;6;6;6;6
"379";0;6;6;6;6;6;6;6;6;6;6;6;6;6;6;6;6;6;6
"380";0;6;6;6;6;6;6;6;6;6;6;6;6;6;6;6;6;6;6
"381";0;6;6;6;6;6;6;6;6;6;6;6;6;6;6;6;6;6;6
"382";0;6;6;6;6;6;6;6;6;6;6;6;6;6;6;6;6;6;6
"383";0;6;6;6;6;6;6;6;6;6;6;6;6;6;6;6;6;6;6
"384";0;6;6;6;6;6;6;6;6;6;6;6;6;6;6;6;6;6;6
"385";0;6;6;6;6;6;6;6;6;6;6;6;6;6;6;6;6;6;6
"386";0;6;6;6;6;6;6;6;6;6;6;6;6;6;6;6;6;6;6
"387";0;6;6;6;6;6;6;6;6;6;6;6;6;6;6;6;6;6;6
"388";0;6;6;6;6;6;6;6;6;6;6;6;6;6;6;6;6;6;6
"389";0;6;6;6;6;6;6;6;6;6;6;6;6;6;6;6;6;6;6
"390";0;6;6;6;6;6;6;6;6;6;6;6;6;6;6;6;6;6;6
"391";0;6;6;6;6;6;6;6;6;6;6;6;6;6;6;6;6;6;6
"392";0;6;6;6;6;6;6;6;6;6;6;6;6;6;6;6;6;6;6
"393";0;6;6;6;6;6;6;6;6;6;6;6;6;6;6;6;6;6;6
"394";0;6;6;6;6;6;6;6;6;6;6;6;6;6;6;6;6;6;6
"395";0;6;6;6;6;6;6;6;6;6;6;6;6;6;6;6;6;6;6
"396";0;6;6;6;6;6;6;6;6;6;6;6;6;6;6;6;6;6;6
"397";0;6;6;6;6;6;6;6;6;6;6;6;6;6;6;6;6;6;6
"398";0;6;6;6;6;6;6;6;6;6;6;6;6;6;6;6;6;6;6
"399";0;6;6;6;6;6;6;6;6;6;6;6;6;6;6;6;6;6;6
"400";0;6;6;6;6;6;6;6;6;6;6;6;6;6;6;6;6;6;6
"401";0;6;6;6;6;6;6;6;6;6;6;6;6;6;6;6;6;6;6
"402";0;6;6;6;6;6;6;6;6;6;6;6;6;6;6;6;6;6;6
"403";0;6;6;6;6;6;6;6;6;6;6;6;6;6;6;6;6;6;6
"404";0;6;6;6;6;6;6;6;6;6;6;6;6;6;6;6;6;6;6
"405";0;6;6;6;6;6;6;6;6;6;6;6;6;6;6;6;6;6;6
"406";0;6;6;6;6;6;6;6;6;6;6;6;6;6;6;6;6;6;6
"407";0;6;6;6;6;6;6;6;6;6;6;6;6;6;6;6;6;6;6
"408";0;6;6;6;6;6;6;6;6;6;6;6;6;6;6;6;6;6;6
"409";0;6;6;6;6;6;6;6;6;6;6;6;6;6;6;6;6;6;6
"410";0;6;6;6;6;6;6;6;6;6;6;6;6;6;6;6;6;6;6
"411";0;6;6;6;6;6;6;6;6;6;6;6;6;6;6;6;6;6;6
"412";0;6;6;6;6;6;6;6;6;6;6;6;6;6;6;6;6;6;6
"413";0;6;6;6;6;6;6;6;6;6;6;6;6;6;6;6;6;6;6
"414";0;6;6;6;6;6;6;6;6;6;6;6;6;6;6;6;6;6;6
"415";0;6;6;6;6;6;6;6;6;6;6;6;6;6;6;6;6;6;6
"416";0;6;6;6;6;6;6;6;6;6;6;6;6;6;6;6;6;6;6
"417";0;6;6;6;6;6;6;6;6;6;6;6;6;6;6;6;6;6;6
"418";0;6;6;6;6;6;6;6;6;6;6;6;6;6;6;6;6;6;6
"419";0;6;6;6;6;6;6;6;6;6;6;6;6;6;6;6;6;6;6
"420";0;6;6;6;6;6;6;6;6;6;6;6;6;6;6;6;6;6;6
"421";0;6;6;6;6;6;6;6;6;6;6;6;6;6;6;6;6;6;6
"422";0;6;6;6;6;6;6;6;6;6;6;6;6;6;6;6;6;6;6
"423";0;6;6;6;6;6;6;6;6;6;6;6;6;6;6;6;6;6;6
"424";0;6;6;6;6;6;6;6;6;6;6;6;6;6;6;6;6;6;6
"425";0;6;6;6;6;6;6;6;6;6;6;6;6;6;6;6;6;6;6
"426";0;6;6;6;6;6;6;6;6;6;6;6;6;6;6;6;6;6;6
"427";0;6;6;6;6;6;6;6;6;6;6;6;6;6;6;6;6;6;6
"428";0;6;6;6;6;6;6;6;6;6;6;6;6;6;6;6;6;6;6
"429";0;0;0;0;0;0;0;0;0;0;0;0;0;0;0;0;0;2;2
"430";0;0;0;0;0;0;0;0;0;0;0;0;0;0;0;0;0;2;2
"431";0;0;0;0;0;0;0;0;0;0;0;0;0;0;0;0;0;2;2
"432";0;0;0;0;0;0;0;0;0;0;0;0;0;0;0;0;0;2;2
"433";0;0;0;0;0;0;0;0;0;0;0;0;0;0;0;0;0;2;2
"434";0;0;0;0;0;0;0;0;0;0;0;0;0;0;0;0;0;2;2
"435";0;0;0;0;0;0;0;0;0;0;0;0;0;0;0;0;0;2;2
"436";0;0;0;0;0;0;0;0;0;0;0;0;0;0;0;0;0;2;2
"437";0;0;0;0;0;0;0;0;0;0;0;0;0;0;0;0;0;2;2
"438";0;6;6;6;6;6;6;6;6;6;6;6;6;6;6;6;6;6;6
"439";0;6;6;6;6;6;6;6;6;6;6;6;6;6;6;6;6;6;6
"440";0;6;6;6;6;6;6;6;6;6;6;6;6;6;6;6;6;6;6
"441";0;6;6;6;6;6;6;6;6;6;6;6;6;6;6;6;6;6;6
"442";0;6;6;6;6;6;6;6;6;6;6;6;6;6;6;6;6;6;6
"443";0;6;6;6;6;6;6;6;6;6;6;6;6;6;6;6;6;6;6
"444";0;6;6;6;6;6;6;6;6;6;6;6;6;6;6;6;6;6;6
"445";0;6;6;6;6;6;6;6;6;6;6;6;6;6;6;6;6;6;6
"446";0;6;6;6;6;6;6;6;6;6;6;6;6;6;6;6;6;6;6
"447";0;6;6;6;6;6;6;6;6;6;6;6;6;6;6;6;6;6;6
"448";0;6;6;6;6;6;6;6;6;6;6;6;6;6;6;6;6;6;6
"449";0;6;6;6;6;6;6;6;6;6;6;6;6;6;6;6;6;6;6
"450";0;6;6;6;6;6;6;6;6;6;6;6;6;6;6;6;6;6;6
"451";0;0;0;0;0;0;0;0;0;0;0;0;0;0;0;0;0;0;1
"452";0;0;0;0;0;0;0;0;0;0;0;0;0;0;0;0;0;0;1
"453";0;0;0;0;0;0;0;0;0;0;0;0;0;0;0;0;0;0;1
"454";0;0;0;0;0;0;0;0;0;0;0;0;0;0;0;0;0;0;1
"455";0;0;0;0;0;0;0;0;0;0;0;0;0;0;0;0;0;2;2
"456";0;0;0;0;0;0;0;0;0;0;0;0;0;0;0;0;0;2;2
"457";0;0;0;0;0;0;0;0;0;0;0;0;0;0;0;0;0;0;1
"458";0;0;0;0;0;0;0;0;0;0;0;0;0;0;0;0;0;0;1
"459";0;0;0;0;0;0;0;0;0;0;0;0;0;0;0;0;0;0;1
"460";0;0;0;0;0;0;0;0;0;0;0;0;0;0;0;0;0;0;1
"461";0;0;0;0;0;0;0;0;0;0;0;0;0;0;0;0;0;0;1
"462";0;0;0;0;0;0;0;0;0;0;0;0;0;0;0;0;0;0;1
"463";0;0;0;0;0;0;0;0;0;0;0;0;0;0;0;0;0;0;1
"464";0;0;0;0;0;0;0;0;0;0;0;0;0;0;0;0;0;0;1
"465";0;0;0;0;0;0;0;0;0;0;0;0;0;0;0;0;0;0;1
"466";0;0;0;0;0;0;0;0;0;0;0;0;0;0;0;0;0;0;1
"467";0;0;0;0;0;0;0;0;0;0;0;0;0;0;0;0;0;0;1
"468";0;0;0;0;0;0;0;0;0;0;0;0;0;0;0;0;0;2;2
"469";0;0;0;0;0;0;0;0;0;0;0;0;0;0;0;0;0;2;2
"470";0;0;0;0;0;0;0;0;0;0;0;0;0;0;0;0;0;2;2
"471";0;0;0;0;0;0;0;0;0;0;0;0;0;0;0;0;0;2;2
"472";0;0;0;0;0;0;0;0;0;0;0;0;0;0;0;0;0;0;1
"473";0;0;0;0;0;0;0;0;0;0;0;0;0;0;0;0;0;0;1
"474";0;0;0;0;0;0;0;0;0;0;0;0;0;0;0;0;0;0;1
"475";0;0;0;0;0;0;0;0;0;0;0;0;0;0;0;0;0;2;2
"476";0;0;0;0;0;0;0;0;0;0;0;0;0;0;0;0;0;0;1
"477";0;0;0;0;0;0;0;0;0;0;0;0;0;0;0;0;0;2;2
"478";0;0;0;0;0;0;0;0;0;0;0;0;0;0;0;0;0;2;2
"479";0;0;0;0;0;0;0;0;0;0;0;0;0;0;0;0;0;0;1
"480";0;0;0;0;0;0;0;0;0;0;0;0;0;0;0;0;0;0;1
"481";0;6;6;6;6;6;6;6;6;6;6;6;6;6;6;6;6;6;6
"482";0;6;6;6;6;6;6;6;6;6;6;6;6;6;6;6;6;6;6
"483";0;6;6;6;6;6;6;6;6;6;6;6;6;6;6;6;6;6;6
"484";0;6;6;6;6;6;6;6;6;6;6;6;6;6;6;6;6;6;6
"485";0;6;6;6;6;6;6;6;6;6;6;6;6;6;6;6;6;6;6
"486";0;6;6;6;6;6;6;6;6;6;6;6;6;6;6;6;6;6;6
"487";0;0;0;0;0;0;0;0;0;0;0;0;0;0;0;0;0;0;0
"488";0;0;0;0;0;0;0;0;0;0;0;0;0;0;0;0;0;0;1
"489";0;0;0;0;0;0;0;0;0;0;0;0;0;0;0;0;0;3;3
"490";0;0;0;0;0;0;0;0;0;0;0;0;0;0;0;0;0;0;1
"491";0;0;0;0;0;0;0;0;0;0;0;0;0;0;0;0;0;0;1
"492";0;0;5;5;5;5;5;5;5;5;5;5;5;5;5;5;5;5;5
"493";0;0;5;5;5;5;5;5;5;5;5;5;5;5;5;5;5;5;5
"494";0;0;5;5;5;5;5;5;5;5;5;5;5;5;5;5;5;5;5
"495";0;0;5;5;5;5;5;5;5;5;5;5;5;5;5;5;5;5;5
"496";0;0;5;5;5;5;5;5;5;5;5;5;5;5;5;5;5;5;5
"497";0;0;5;5;5;5;5;5;5;5;5;5;5;5;5;5;5;5;5
"498";0;0;0;0;0;0;0;0;0;0;0;0;0;0;0;0;0;0;1
"499";0;0;5;5;5;5;5;5;5;5;5;5;5;5;5;5;5;5;5
"500";0;0;5;5;5;5;5;5;5;5;5;5;5;5;5;5;5;5;5
"501";0;0;5;5;5;5;5;5;5;5;5;5;5;5;5;5;5;5;5
"502";0;0;5;5;5;5;5;5;5;5;5;5;5;5;5;5;5;5;5
"503";0;0;5;5;5;5;5;5;5;5;5;5;5;5;5;5;5;5;5
"504";0;0;5;5;5;5;5;5;5;5;5;5;5;5;5;5;5;5;5
"505";0;0;5;5;5;5;5;5;5;5;5;5;5;5;5;5;5;5;5
"506";0;0;5;5;5;5;5;5;5;5;5;5;5;5;5;5;5;5;5
"507";0;0;5;5;5;5;5;5;5;5;5;5;5;5;5;5;5;5;5
"508";0;0;5;5;5;5;5;5;5;5;5;5;5;5;5;5;5;5;5
"509";0;0;5;5;5;5;5;5;5;5;5;5;5;5;5;5;5;5;5
"510";0;0;5;5;5;5;5;5;5;5;5;5;5;5;5;5;5;5;5
"511";0;0;5;5;5;5;5;5;5;5;5;5;5;5;5;5;5;5;5
"512";0;0;5;5;5;5;5;5;5;5;5;5;5;5;5;5;5;5;5
"513";0;0;5;5;5;5;5;5;5;5;5;5;5;5;5;5;5;5;5
"514";0;0;5;5;5;5;5;5;5;5;5;5;5;5;5;5;5;5;5
"515";0;0;5;5;5;5;5;5;5;5;5;5;5;5;5;5;5;5;5
"516";0;0;5;5;5;5;5;5;5;5;5;5;5;5;5;5;5;5;5
"517";0;0;5;5;5;5;5;5;5;5;5;5;5;5;5;5;5;5;5
"518";0;0;5;5;5;5;5;5;5;5;5;5;5;5;5;5;5;5;5
"519";0;0;5;5;5;5;5;5;5;5;5;5;5;5;5;5;5;5;5
"520";0;0;5;5;5;5;5;5;5;5;5;5;5;5;5;5;5;5;5
"521";0;0;5;5;5;5;5;5;5;5;5;5;5;5;5;5;5;5;5
"522";0;0;5;5;5;5;5;5;5;5;5;5;5;5;5;5;5;5;5
"523";0;0;5;5;5;5;5;5;5;5;5;5;5;5;5;5;5;5;5
"524";0;0;5;5;5;5;5;5;5;5;5;5;5;5;5;5;5;5;5
"525";0;0;5;5;5;5;5;5;5;5;5;5;5;5;5;5;5;5;5
"526";0;0;0;0;0;0;0;0;0;0;0;0;0;0;0;0;0;0;1
"527";0;0;0;0;0;0;0;0;0;0;0;0;0;0;0;0;0;0;1
"528";0;0;0;0;0;0;0;0;0;0;0;0;0;0;0;0;0;0;1
"529";0;0;5;5;5;5;5;5;5;5;5;5;5;5;5;5;5;5;5
"530";0;0;5;5;5;5;5;5;5;5;5;5;5;5;5;5;5;5;5
"531";0;0;5;5;5;5;5;5;5;5;5;5;5;5;5;5;5;5;5
"532";0;0;5;5;5;5;5;5;5;5;5;5;5;5;5;5;5;5;5
"533";0;0;5;5;5;5;5;5;5;5;5;5;5;5;5;5;5;5;5
"534";0;0;5;5;5;5;5;5;5;5;5;5;5;5;5;5;5;5;5
"535";0;0;5;5;5;5;5;5;5;5;5;5;5;5;5;5;5;5;5
"536";0;0;5;5;5;5;5;5;5;5;5;5;5;5;5;5;5;5;5
"537";0;0;5;5;5;5;5;5;5;5;5;5;5;5;5;5;5;5;5
"538";0;0;5;5;5;5;5;5;5;5;5;5;5;5;5;5;5;5;5
"539";0;0;5;5;5;5;5;5;5;5;5;5;5;5;5;5;5;5;5
"540";0;0;5;5;5;5;5;5;5;5;5;5;5;5;5;5;5;5;5
"541";0;0;0;0;0;0;0;0;0;0;0;0;0;0;0;0;0;0;1
"542";0;0;0;0;0;0;0;0;0;0;0;0;0;0;0;0;0;0;1
"543";0;0;0;0;0;0;0;0;0;0;0;0;0;0;0;0;0;0;1
"544";0;0;0;0;0;0;0;0;0;0;0;0;0;0;0;0;0;0;1
"545";0;0;0;0;0;0;0;0;0;0;0;0;0;0;0;0;0;0;1
"546";0;0;0;0;0;0;0;0;0;0;0;0;0;0;0;0;0;0;1
"547";0;0;0;0;0;0;0;0;0;0;0;0;0;0;0;0;0;0;1
"548";0;0;0;0;0;0;0;0;0;0;0;0;0;0;0;0;0;0;1
"549";0;0;0;0;0;0;0;0;0;0;0;0;0;0;0;0;0;0;0
"550";0;0;0;0;0;0;0;0;0;0;0;0;0;0;0;0;0;0;1
"551";0;0;0;0;0;0;0;0;0;0;0;0;0;0;0;0;0;0;1
"552";0;0;0;0;0;0;0;0;0;0;0;0;0;0;0;0;0;0;1
"553";0;0;0;0;0;0;0;0;0;0;0;0;0;0;0;0;0;0;1
"554";0;0;0;0;0;0;0;0;0;0;0;0;0;0;0;0;0;0;1
"555";0;0;0;0;0;0;0;0;0;0;0;0;0;0;0;0;0;0;1
"556";0;0;0;0;0;0;0;0;0;0;0;0;0;0;0;0;0;0;1
"557";0;0;0;0;0;0;0;0;0;0;0;0;0;0;0;0;0;0;1
"558";0;0;0;0;0;0;0;0;0;0;0;0;0;0;0;0;0;0;1
"559";0;0;0;0;0;0;0;0;0;0;0;0;0;0;0;0;0;0;1
"560";0;0;0;0;0;0;0;0;0;0;0;0;0;0;0;0;0;0;1
"561";0;0;0;0;0;0;0;0;0;0;0;0;0;0;0;0;0;0;1
"562";0;0;0;0;0;0;0;0;0;0;0;0;0;0;0;0;0;0;1
"563";0;0;0;0;0;0;0;0;0;0;0;0;0;0;0;0;0;0;1
"564";0;0;0;0;0;0;0;0;0;0;0;0;0;0;0;0;0;0;1
"565";0;0;0;0;0;0;0;0;0;0;0;0;0;0;0;0;0;0;1
"566";0;0;0;0;0;0;0;0;0;0;0;0;0;0;0;0;0;0;1
"567";0;0;0;0;0;0;0;0;0;0;0;0;0;0;0;0;0;0;1
"568";0;0;0;0;0;0;0;0;0;0;0;0;0;0;0;0;0;0;1
"569";0;0;0;0;0;0;0;0;0;0;0;0;0;0;0;0;0;0;1
"570";0;0;0;0;0;0;0;0;0;0;0;0;0;0;0;0;0;0;1
"571";0;0;0;0;0;0;0;0;0;0;0;0;0;0;0;0;0;0;1
"572";0;0;0;0;0;0;0;0;0;0;0;0;0;0;0;0;0;0;1
"573";0;0;0;0;0;0;0;0;0;0;0;0;0;0;0;0;0;0;1
"574";0;0;0;0;0;0;0;0;0;0;0;0;0;0;0;0;0;0;1
"575";0;0;0;0;0;0;0;0;0;0;0;0;0;0;0;0;0;0;1
"576";0;0;0;0;0;0;0;0;0;0;0;0;0;0;0;0;0;0;1
"577";0;0;0;0;0;0;0;0;0;0;0;0;0;0;0;0;0;0;1
"578";0;0;0;0;0;0;0;0;0;0;0;0;0;0;0;0;0;0;1
"579";0;0;0;0;0;0;0;0;0;0;0;0;0;0;0;0;0;0;1
"580";0;0;0;0;0;0;0;0;0;0;0;0;0;0;0;0;0;0;1
"581";0;0;0;0;0;0;0;0;0;0;0;0;0;0;0;0;0;0;1
"582";0;0;0;0;0;0;0;0;0;0;0;0;0;0;0;0;0;0;1
"583";0;0;0;0;0;0;0;0;0;0;0;0;0;0;0;0;0;0;1
"584";0;0;0;0;0;0;0;0;0;0;0;0;0;0;0;0;0;0;1
"585";0;0;0;0;0;0;0;0;0;0;0;0;0;0;0;0;0;0;1
"586";0;0;0;0;0;0;0;0;0;0;0;0;0;0;0;0;0;0;1
"587";0;0;0;0;0;0;0;0;0;0;0;0;0;0;0;0;0;0;1
"588";0;0;0;0;0;0;0;0;0;0;0;0;0;0;0;0;0;0;1
"589";0;0;0;0;0;0;0;0;0;0;0;0;0;0;0;0;0;0;1
"590";0;0;0;0;0;0;0;0;0;0;0;0;0;0;0;0;0;0;1
"591";0;0;0;0;0;0;0;0;0;0;0;0;0;0;0;0;0;0;1
"592";0;0;0;0;0;0;0;0;0;0;0;0;0;0;0;0;0;0;1
"593";0;0;0;0;0;0;0;0;0;0;0;0;0;0;0;0;0;0;1
"594";0;0;0;0;0;0;0;0;0;0;0;0;0;0;0;0;0;0;1
"595";0;0;0;0;0;0;0;0;0;0;0;0;0;0;0;0;0;0;0
"596";0;0;0;0;0;0;0;0;0;0;0;0;0;0;0;0;0;0;1
"597";0;0;0;0;0;0;0;0;0;0;0;0;0;0;0;0;0;0;1
"598";0;0;0;0;0;0;0;0;0;0;0;0;0;0;0;0;0;0;1
"599";0;0;0;0;0;0;0;0;0;0;0;0;0;0;0;0;0;3;3
"600";0;0;0;0;0;0;4;4;4;4;4;4;4;4;4;4;4;4;4
"601";0;0;0;0;0;0;4;4;4;4;4;4;4;4;4;4;4;4;4
"602";0;0;0;0;0;0;4;4;4;4;4;4;4;4;4;4;4;4;4
"603";0;0;0;0;0;0;0;0;0;0;0;0;0;0;0;0;0;3;3
"604";0;0;0;0;0;0;0;0;0;0;0;0;0;0;0;0;0;3;3
"605";0;0;0;0;0;0;0;0;0;0;0;0;0;0;0;0;0;0;1
"606";0;0;0;0;0;0;0;0;0;0;0;0;0;0;0;0;0;3;3
"607";0;0;0;0;0;0;0;0;0;0;0;0;0;0;0;0;0;3;3
"608";0;0;0;0;0;0;4;4;4;4;4;4;4;4;4;4;4;4;4
"609";0;0;0;0;0;0;0;0;0;0;0;0;0;0;0;0;0;2;2
"610";0;0;0;0;0;0;0;0;0;0;0;0;0;0;0;0;0;0;0
"611";0;0;0;0;0;0;0;0;0;0;0;0;0;0;0;0;0;0;0
"612";0;0;0;0;0;0;0;0;0;0;0;0;0;0;0;0;0;2;2
"613";0;0;0;0;0;0;4;4;4;4;4;4;4;4;4;4;4;4;4
"614";0;0;0;0;0;0;4;4;4;4;4;4;4;4;4;4;4;4;4
"615";0;0;0;0;0;0;4;4;4;4;4;4;4;4;4;4;4;4;4
"616";0;0;0;0;0;0;4;4;4;4;4;4;4;4;4;4;4;4;4
"617";0;0;0;0;0;0;4;4;4;4;4;4;4;4;4;4;4;4;4
"618";0;0;0;0;0;0;0;0;0;0;0;0;0;0;0;0;0;0;1
"619";0;0;0;0;0;0;0;0;0;0;0;0;0;0;0;0;0;0;0
"620";0;0;0;0;0;0;4;4;4;4;4;4;4;4;4;4;4;4;4
"621";0;0;0;0;0;0;4;4;4;4;4;4;4;4;4;4;4;4;4
"622";0;0;0;0;0;0;0;0;0;0;0;0;0;0;0;0;0;2;2
"623";0;0;0;0;0;0;4;4;4;4;4;4;4;4;4;4;4;4;4
"624";0;0;0;0;0;0;0;0;0;0;0;0;0;0;0;0;0;0;0
"625";0;0;0;0;0;0;0;0;0;0;0;0;0;0;0;0;0;0;0
"626";0;0;0;0;0;0;0;0;0;0;0;0;0;0;0;0;0;3;3
"627";0;0;0;0;0;0;0;0;0;0;0;0;0;0;0;0;0;3;3
"628";0;0;0;0;0;0;0;0;0;0;0;0;0;0;0;0;0;2;2
"629";0;0;0;0;0;0;0;0;0;0;0;0;0;0;0;0;0;0;0
"630";0;0;0;0;0;0;4;4;4;4;4;4;4;4;4;4;4;4;4
"631";0;0;0;0;0;0;0;0;0;0;0;0;0;0;0;0;0;3;3
"632";0;0;0;0;0;0;0;0;0;0;0;0;0;0;0;0;0;3;3
"633";0;0;0;0;0;0;0;0;0;0;0;0;0;0;0;0;0;0;0
"634";0;0;0;0;0;0;0;0;0;0;0;0;0;0;0;0;0;3;3
"635";0;0;0;0;0;0;0;0;0;0;0;0;0;0;0;0;0;3;3
"636";0;0;0;0;0;0;4;4;4;4;4;4;4;4;4;4;4;4;4
"637";0;0;0;0;0;0;4;4;4;4;4;4;4;4;4;4;4;4;4
"638";0;0;0;0;0;0;4;4;4;4;4;4;4;4;4;4;4;4;4
"639";0;0;0;0;0;0;0;0;0;0;0;0;0;0;0;0;0;3;3
"640";0;0;0;0;0;0;0;0;0;0;0;0;0;0;0;0;0;3;3
"641";0;0;0;0;0;0;4;4;4;4;4;4;4;4;4;4;4;4;4
"642";0;0;0;0;0;0;0;0;0;0;0;0;0;0;0;0;0;2;2
"643";0;0;0;0;0;0;0;0;0;0;0;0;0;0;0;0;0;3;3
"644";0;0;0;0;0;0;4;4;4;4;4;4;4;4;4;4;4;4;4
"645";0;0;0;0;0;0;4;4;4;4;4;4;4;4;4;4;4;4;4
"646";0;0;0;0;0;0;4;4;4;4;4;4;4;4;4;4;4;4;4
"647";0;0;0;0;0;0;4;4;4;4;4;4;4;4;4;4;4;4;4
"648";0;0;0;0;0;0;4;4;4;4;4;4;4;4;4;4;4;4;4
"649";0;0;0;0;0;0;0;0;0;0;0;0;0;0;0;0;0;0;0
"650";0;0;0;0;0;0;4;4;4;4;4;4;4;4;4;4;4;4;4
"651";0;0;0;0;0;0;0;0;0;0;0;0;0;0;0;0;0;2;2
"652";0;0;0;0;0;0;4;4;4;4;4;4;4;4;4;4;4;4;4
"653";0;0;0;0;0;0;4;4;4;4;4;4;4;4;4;4;4;4;4
"654";0;0;0;0;0;0;4;4;4;4;4;4;4;4;4;4;4;4;4
"655";0;0;0;0;0;0;0;0;0;0;0;0;0;0;0;0;0;3;3
"656";0;0;0;0;0;0;0;0;0;0;0;0;0;0;0;0;0;3;3
"657";0;0;0;0;0;0;4;4;4;4;4;4;4;4;4;4;4;4;4
"658";0;0;0;0;0;0;0;0;0;0;0;0;0;0;0;0;0;2;2
"659";0;0;0;0;0;0;4;4;4;4;4;4;4;4;4;4;4;4;4
"660";0;0;0;0;0;0;0;0;0;0;0;0;0;0;0;0;0;3;3
"661";0;0;0;0;0;0;0;0;0;0;0;0;0;0;0;0;0;0;1
"662";0;0;0;0;0;0;0;0;0;0;0;0;0;0;0;0;0;3;3
"663";0;0;0;0;0;0;0;0;0;0;0;0;0;0;0;0;0;3;3
"664";0;0;0;0;0;0;0;0;0;0;0;0;0;0;0;0;0;2;2
"665";0;0;0;0;0;0;0;0;0;0;0;0;0;0;0;0;0;2;2
"666";0;0;0;0;0;0;0;0;0;0;0;0;0;0;0;0;0;0;0
"667";0;0;0;0;0;0;0;0;0;0;0;0;0;0;0;0;0;2;2
"668";0;0;0;0;0;0;0;0;0;0;0;0;0;0;0;0;0;2;2
"669";0;0;0;0;0;0;0;0;0;0;0;0;0;0;0;0;0;0;0
"670";0;0;0;0;0;0;0;0;0;0;0;0;0;0;0;0;0;2;2
"671";0;0;0;0;0;0;0;0;0;0;0;0;0;0;0;0;0;0;0
"672";0;0;0;0;0;0;0;0;0;0;0;0;0;0;0;0;0;0;1
"673";0;0;0;0;0;0;0;0;0;0;0;0;0;0;0;0;0;0;0
"674";0;0;0;0;0;0;0;0;0;0;0;0;0;0;0;0;0;0;1
"675";0;0;0;0;0;0;0;0;0;0;0;0;0;0;0;0;0;0;0
"676";0;0;0;0;0;0;0;0;0;0;0;0;0;0;0;0;0;0;0
"677";0;0;0;0;0;0;0;0;0;0;0;0;0;0;0;0;0;2;2
"678";0;0;0;0;0;0;0;0;0;0;0;0;0;0;0;0;0;2;2
"679";0;0;0;0;0;0;0;0;0;0;0;0;0;0;0;0;0;0;1
"680";0;0;0;0;0;0;0;0;0;0;0;0;0;0;0;0;0;0;1
"681";0;0;0;0;0;0;0;0;0;0;0;0;0;0;0;0;0;2;2
"682";0;0;0;0;0;0;0;0;0;0;0;0;0;0;0;0;0;0;1
"683";0;0;0;0;0;0;0;0;0;0;0;0;0;0;0;0;0;0;1
"684";0;0;0;0;0;0;0;0;0;0;0;0;0;0;0;0;0;0;1
"685";0;0;0;0;0;0;0;0;0;0;0;0;0;0;0;0;0;0;1
"686";0;0;0;0;0;0;0;0;0;0;0;0;0;0;0;0;0;0;1
"687";0;0;0;0;0;0;0;0;0;0;0;0;0;0;0;0;0;0;1
"688";0;0;0;0;0;0;0;0;0;0;0;0;0;0;0;0;0;0;1
"689";0;0;0;0;0;0;0;0;0;0;0;0;0;0;0;0;0;0;1
"690";0;0;0;0;0;0;0;0;0;0;0;0;0;0;0;0;0;0;1
"691";0;0;0;0;0;0;0;0;0;0;0;0;0;0;0;0;0;0;1
"692";0;0;0;0;0;0;0;0;0;0;0;0;0;0;0;0;0;0;1
"693";0;0;0;0;0;0;0;0;0;0;0;0;0;0;0;0;0;0;1
"694";0;0;0;0;0;0;0;0;0;0;0;0;0;0;0;0;0;0;1
"695";0;0;0;0;0;0;0;0;0;0;0;0;0;0;0;0;0;0;1
"696";0;0;0;0;0;0;0;0;0;0;0;0;0;0;0;0;0;0;1
"697";0;0;0;0;0;0;0;0;0;0;0;0;0;0;0;0;0;0;1
"698";0;0;0;0;0;0;0;0;0;0;0;0;0;0;0;0;0;0;1
"699";0;0;0;0;0;0;0;0;0;0;0;0;0;0;0;0;0;0;1
"700";0;0;0;0;0;0;0;0;0;0;0;0;0;0;0;0;0;0;1
"701";0;0;0;0;0;0;0;0;0;0;0;0;0;0;0;0;0;0;1
"702";0;0;0;0;0;0;0;0;0;0;0;0;0;0;0;0;0;2;2
"703";0;0;0;0;0;0;0;0;0;0;0;0;0;0;0;0;0;2;2
"704";0;0;0;0;0;0;0;0;0;0;0;0;0;0;0;0;0;2;2
"705";0;0;0;0;0;0;0;0;0;0;0;0;0;0;0;0;0;2;2
"706";0;0;0;0;0;0;0;0;0;0;0;0;0;0;0;0;0;2;2
"707";0;0;0;0;0;0;0;0;0;0;0;0;0;0;0;0;0;2;2
"708";0;0;0;0;0;0;0;0;0;0;0;0;0;0;0;0;0;2;2
"709";0;0;0;0;0;0;0;0;0;0;0;0;0;0;0;0;0;2;2
"710";0;0;0;0;0;0;0;0;0;0;0;0;0;0;0;0;0;2;2
"711";0;0;0;0;0;0;0;0;0;0;0;0;0;0;0;0;0;0;0
"712";0;0;0;0;0;0;0;0;0;0;0;0;0;0;0;0;0;0;0
"713";0;0;0;0;0;0;0;0;0;0;0;0;0;0;0;0;0;0;0
"714";0;0;0;0;0;0;0;0;0;0;0;0;0;0;0;0;0;0;0
"715";0;0;0;0;0;0;0;0;0;0;0;0;0;0;0;0;0;0;1
"716";0;0;0;0;0;0;0;0;0;0;0;0;0;0;0;0;0;0;0
"717";0;0;0;0;0;0;0;0;0;0;0;0;0;0;0;0;0;0;0
"718";0;0;0;0;0;0;0;0;0;0;0;0;0;0;0;0;0;0;1
"719";0;0;0;0;0;0;0;0;0;0;0;0;0;0;0;0;0;0;0
"720";0;0;0;0;0;0;0;0;0;0;0;0;0;0;0;0;0;0;0
"721";0;0;0;0;0;0;0;0;0;0;0;0;0;0;0;0;0;0;1
"722";0;0;0;0;0;0;0;0;0;0;0;0;0;0;0;0;0;0;0
"723";0;0;0;0;0;0;0;0;0;0;0;0;0;0;0;0;0;0;0
"724";0;0;0;0;0;0;0;0;0;0;0;0;0;0;0;0;0;0;1
"725";0;0;0;0;0;0;0;0;0;0;0;0;0;0;0;0;0;0;0
"726";0;0;0;0;0;0;0;0;0;0;0;0;0;0;0;0;0;0;0
"727";0;0;0;0;0;0;0;0;0;0;0;0;0;0;0;0;0;0;1
"728";0;0;0;0;0;0;0;0;0;0;0;0;0;0;0;0;0;0;0
"729";0;0;0;0;0;0;0;0;0;0;0;0;0;0;0;0;0;0;0
"730";0;0;0;0;0;0;0;0;0;0;0;0;0;0;0;0;0;0;1
"731";0;0;0;0;0;0;0;0;0;0;0;0;0;0;0;0;0;0;1
"732";0;0;0;0;0;0;0;0;0;0;0;0;0;0;0;0;0;0;1
"733";0;0;0;0;0;0;0;0;0;0;0;0;0;0;0;0;0;0;1
"734";0;0;0;0;0;0;0;0;0;0;0;0;0;0;0;0;0;0;1
"735";0;0;0;0;0;0;0;0;0;0;0;0;0;0;0;0;0;0;1
"736";0;0;0;0;0;0;0;0;0;0;0;0;0;0;0;0;0;0;1
"737";0;0;0;0;0;0;0;0;0;0;0;0;0;0;0;0;0;2;2
"738";0;0;0;0;0;0;4;4;4;4;4;4;4;4;4;4;4;4;4
"739";0;0;0;0;0;0;0;0;0;0;0;0;0;0;0;0;0;2;2
"740";0;0;0;0;0;0;0;0;0;0;0;0;0;0;0;0;0;0;1
"741";0;0;0;0;0;0;4;4;4;4;4;4;4;4;4;4;4;4;4
"742";0;0;0;0;0;0;0;0;0;0;0;0;0;0;0;0;0;2;2
"743";0;0;0;0;0;0;4;4;4;4;4;4;4;4;4;4;4;4;4
"744";0;0;0;0;0;0;4;4;4;4;4;4;4;4;4;4;4;4;4
"745";0;0;0;0;0;0;4;4;4;4;4;4;4;4;4;4;4;4;4
"746";0;0;0;0;0;0;0;0;0;0;0;0;0;0;0;0;0;3;3
"747";0;0;0;0;0;0;4;4;4;4;4;4;4;4;4;4;4;4;4
"748";0;0;0;0;0;0;0;0;0;0;0;0;0;0;0;0;0;2;2
"749";0;0;0;0;0;0;0;0;0;0;0;0;0;0;0;0;0;0;1
"750";0;0;0;0;0;0;0;0;0;0;0;0;0;0;0;0;0;2;2
"751";0;0;0;0;0;0;0;0;0;0;0;0;0;0;0;0;0;0;0
"752";0;0;0;0;0;0;4;4;4;4;4;4;4;4;4;4;4;4;4
"753";0;0;0;0;0;0;4;4;4;4;4;4;4;4;4;4;4;4;4
"754";0;0;0;0;0;0;0;0;0;0;0;0;0;0;0;0;0;0;1
"755";0;0;0;0;0;0;0;0;0;0;0;0;0;0;0;0;0;0;1
"756";0;0;0;0;0;0;4;4;4;4;4;4;4;4;4;4;4;4;4
"757";0;0;0;0;0;0;4;4;4;4;4;4;4;4;4;4;4;4;4
"758";0;0;0;0;0;0;0;0;0;0;0;0;0;0;0;0;0;3;3
"759";0;0;0;0;0;0;0;0;0;0;0;0;0;0;0;0;0;3;3
"760";0;0;0;0;0;0;4;4;4;4;4;4;4;4;4;4;4;4;4
"761";0;0;0;0;0;0;4;4;4;4;4;4;4;4;4;4;4;4;4
"762";0;0;0;0;0;0;0;0;0;0;0;0;0;0;0;0;0;3;3
"763";0;0;0;0;0;0;0;0;0;0;0;0;0;0;0;0;0;3;3
"764";0;0;0;0;0;0;0;0;0;0;0;0;0;0;0;0;0;3;3
"765";0;0;0;0;0;0;4;4;4;4;4;4;4;4;4;4;4;4;4
"766";0;0;0;0;0;0;4;4;4;4;4;4;4;4;4;4;4;4;4
"767";0;0;0;0;0;0;0;0;0;0;0;0;0;0;0;0;0;3;3
"768";0;0;0;0;0;0;4;4;4;4;4;4;4;4;4;4;4;4;4
"769";0;0;0;0;0;0;4;4;4;4;4;4;4;4;4;4;4;4;4
"770";0;0;0;0;0;0;0;0;0;0;0;0;0;0;0;0;0;3;3
"771";0;0;0;0;0;0;4;4;4;4;4;4;4;4;4;4;4;4;4
"772";0;0;0;0;0;0;4;4;4;4;4;4;4;4;4;4;4;4;4
"773";0;0;0;0;0;0;0;0;0;0;0;0;0;0;0;0;0;0;1
"774";0;0;0;0;0;0;0;0;0;0;0;0;0;0;0;0;0;3;3
"775";0;0;0;0;0;0;0;0;0;0;0;0;0;0;0;0;0;3;3
"776";0;0;0;0;0;0;0;0;0;0;0;0;0;0;0;0;0;3;3
"777";0;0;0;0;0;0;0;0;0;0;0;0;0;0;0;0;0;3;3
"778";0;0;0;0;0;0;0;0;0;0;0;0;0;0;0;0;0;0;1
"779";0;0;0;0;0;0;0;0;0;0;0;0;0;0;0;0;0;0;1
"780";0;0;0;0;0;0;0;0;0;0;0;0;0;0;0;0;0;3;3
"781";0;0;0;0;0;0;4;4;4;4;4;4;4;4;4;4;4;4;4
"782";0;0;0;0;0;0;4;4;4;4;4;4;4;4;4;4;4;4;4
"783";0;0;0;0;0;0;0;0;0;0;0;0;0;0;0;0;0;0;1
"784";0;0;0;0;0;0;0;0;0;0;0;0;0;0;0;0;0;3;3
"785";0;0;0;0;0;0;4;4;4;4;4;4;4;4;4;4;4;4;4
"786";0;0;0;0;0;0;4;4;4;4;4;4;4;4;4;4;4;4;4
"787";0;0;0;0;0;0;4;4;4;4;4;4;4;4;4;4;4;4;4
"788";0;0;0;0;0;0;4;4;4;4;4;4;4;4;4;4;4;4;4
"789";0;0;0;0;0;0;0;0;0;0;0;0;0;0;0;0;0;3;3
"790";0;0;0;0;0;0;4;4;4;4;4;4;4;4;4;4;4;4;4
"791";0;0;0;0;0;0;4;4;4;4;4;4;4;4;4;4;4;4;4
"792";0;0;0;0;0;0;4;4;4;4;4;4;4;4;4;4;4;4;4
"793";0;0;0;0;0;0;0;0;0;0;0;0;0;0;0;0;0;3;3
"794";0;0;0;0;0;0;0;0;0;0;0;0;0;0;0;0;0;3;3
"795";0;0;0;0;0;0;4;4;4;4;4;4;4;4;4;4;4;4;4
"796";0;0;0;0;0;0;4;4;4;4;4;4;4;4;4;4;4;4;4
"797";0;0;0;0;0;0;0;0;0;0;0;0;0;0;0;0;0;3;3
"798";0;0;0;0;0;0;0;0;0;0;0;0;0;0;0;0;0;0;1
"799";0;0;0;0;0;0;4;4;4;4;4;4;4;4;4;4;4;4;4
"800";0;0;0;0;0;0;0;0;0;0;0;0;0;0;0;0;0;0;0
"801";0;0;0;0;0;0;0;0;0;0;0;0;0;0;0;0;0;0;1
"802";0;0;0;0;0;0;0;0;0;0;0;0;0;0;0;0;0;0;1
"803";0;0;0;0;0;0;0;0;0;0;0;0;0;0;0;0;0;0;1
"804";0;0;0;0;0;0;0;0;0;0;0;0;0;0;0;0;0;0;1
"805";0;0;0;0;0;0;0;0;0;0;0;0;0;0;0;0;0;0;1
"806";0;0;0;0;0;0;0;0;0;0;0;0;0;0;0;0;0;0;1
"807";0;0;0;0;0;0;0;0;0;0;0;0;0;0;0;0;0;2;2
"808";0;0;0;0;0;0;0;0;0;0;0;0;0;0;0;0;0;2;2
"809";0;0;0;0;0;0;0;0;0;0;0;0;0;0;0;0;0;0;1
"810";0;0;0;0;0;0;0;0;0;0;0;0;0;0;0;0;0;0;1
"811";0;0;0;0;0;0;0;0;0;0;0;0;0;0;0;0;0;0;1
"812";0;0;0;0;0;0;0;0;0;0;0;0;0;0;0;0;0;0;1
"813";0;0;0;0;0;0;0;0;0;0;0;0;0;0;0;0;0;0;1
"814";0;0;0;0;0;0;0;0;0;0;0;0;0;0;0;0;0;0;1
"815";0;0;0;0;0;0;0;0;0;0;0;0;0;0;0;0;0;0;1
"816";0;0;0;0;0;0;0;0;0;0;0;0;0;0;0;0;0;0;1
"817";0;0;0;0;0;0;0;0;0;0;0;0;0;0;0;0;0;0;1
"818";0;0;0;0;0;0;0;0;0;0;0;0;0;0;0;0;0;0;1
"819";0;0;0;0;0;0;0;0;0;0;0;0;0;0;0;0;0;0;1
"820";0;0;0;0;0;0;0;0;0;0;0;0;0;0;0;0;0;0;1
"821";0;0;0;0;0;0;0;0;0;0;0;0;0;0;0;0;0;3;3
"822";0;0;0;0;0;0;0;0;0;0;0;0;0;0;0;0;0;0;1
"823";0;0;0;0;0;0;0;0;0;0;0;0;0;0;0;0;0;3;3
"824";0;0;0;0;0;0;0;0;0;0;0;0;0;0;0;0;0;0;1
"825";0;0;0;0;0;0;0;0;0;0;0;0;0;0;0;0;0;0;1
"826";0;0;0;0;0;0;0;0;0;0;0;0;0;0;0;0;0;0;1
"827";0;0;0;0;0;0;0;0;0;0;0;0;0;0;0;0;0;0;1
"828";0;0;0;0;0;0;0;0;0;0;0;0;0;0;0;0;0;0;1
"829";0;0;0;0;0;0;0;0;0;0;0;0;0;0;0;0;0;0;1
"830";0;0;0;0;0;0;0;0;0;0;0;0;0;0;0;0;0;3;3
"831";0;0;0;0;0;0;0;0;0;0;0;0;0;0;0;0;0;3;3
"832";0;0;0;0;0;0;4;4;4;4;4;4;4;4;4;4;4;4;4
"833";0;0;0;0;0;0;4;4;4;4;4;4;4;4;4;4;4;4;4
"834";0;0;0;0;0;0;0;0;0;0;0;0;0;0;0;0;0;0;1
"835";0;0;0;0;0;0;4;4;4;4;4;4;4;4;4;4;4;4;4
"836";0;0;0;0;0;0;4;4;4;4;4;4;4;4;4;4;4;4;4
"837";0;0;0;0;0;0;4;4;4;4;4;4;4;4;4;4;4;4;4
"838";0;0;0;0;0;0;4;4;4;4;4;4;4;4;4;4;4;4;4
"839";0;0;0;0;0;0;4;4;4;4;4;4;4;4;4;4;4;4;4
"840";0;0;0;0;0;0;0;0;0;0;0;0;0;0;0;0;0;3;3
"841";0;0;0;0;0;0;0;0;0;0;0;0;0;0;0;0;0;3;3
"842";0;0;0;0;0;0;4;4;4;4;4;4;4;4;4;4;4;4;4
"843";0;0;0;0;0;0;4;4;4;4;4;4;4;4;4;4;4;4;4
"844";0;0;0;0;0;0;0;0;0;0;0;0;0;0;0;0;0;0;1
"845";0;0;0;0;0;0;0;0;0;0;0;0;0;0;0;0;0;0;1
"846";0;0;0;0;0;0;4;4;4;4;4;4;4;4;4;4;4;4;4
"847";0;0;0;0;0;0;4;4;4;4;4;4;4;4;4;4;4;4;4
"848";0;0;0;0;0;0;0;0;0;0;0;0;0;0;0;0;0;0;0
"849";0;0;0;0;0;0;0;0;0;0;0;0;0;0;0;0;0;0;0
"850";0;0;0;0;0;0;4;4;4;4;4;4;4;4;4;4;4;4;4
"851";0;0;0;0;0;0;4;4;4;4;4;4;4;4;4;4;4;4;4
"852";0;0;0;0;0;0;0;0;0;0;0;0;0;0;0;0;0;2;2
"853";0;0;0;0;0;0;0;0;0;0;0;0;0;0;0;0;0;2;2
"854";0;0;0;0;0;0;4;4;4;4;4;4;4;4;4;4;4;4;4
"855";0;0;0;0;0;0;4;4;4;4;4;4;4;4;4;4;4;4;4
"856";0;0;0;0;0;0;0;0;0;0;0;0;0;0;0;0;0;0;1
"857";0;0;0;0;0;0;0;0;0;0;0;0;0;0;0;0;0;0;1
"858";0;0;0;0;0;0;0;0;0;0;0;0;0;0;0;0;0;0;1
"859";0;0;0;0;0;0;0;0;0;0;0;0;0;0;0;0;0;0;1
"860";0;0;0;0;0;0;0;0;0;0;0;0;0;0;0;0;0;0;1
"861";0;0;0;0;0;0;0;0;0;0;0;0;0;0;0;0;0;0;1
"862";0;0;0;0;0;0;0;0;0;0;0;0;0;0;0;0;0;0;1
"863";0;0;0;0;0;0;0;0;0;0;0;0;0;0;0;0;0;0;1
"864";0;0;0;0;0;0;0;0;0;0;0;0;0;0;0;0;0;0;1
"865";0;0;0;0;0;0;0;0;0;0;0;0;0;0;0;0;0;0;1
"866";0;0;0;0;0;0;0;0;0;0;0;0;0;0;0;0;0;0;1
"867";0;0;0;0;0;0;0;0;0;0;0;0;0;0;0;0;0;2;2
"868";0;0;0;0;0;0;0;0;0;0;0;0;0;0;0;0;0;3;3
"869";0;0;0;0;0;0;0;0;0;0;0;0;0;0;0;0;0;2;2
"870";0;0;0;0;0;0;0;0;0;0;0;0;0;0;0;0;0;0;1
"871";0;0;0;0;0;0;0;0;0;0;0;0;0;0;0;0;0;3;3
"872";0;0;0;0;0;0;0;0;0;0;0;0;0;0;0;0;0;2;2
"873";0;0;0;0;0;0;0;0;0;0;0;0;0;0;0;0;0;2;2
"874";0;0;0;0;0;0;0;0;0;0;0;0;0;0;0;0;0;0;1
"875";0;0;0;0;0;0;0;0;0;0;0;0;0;0;0;0;0;3;3
"876";0;0;0;0;0;0;0;0;0;0;0;0;0;0;0;0;0;0;1
"877";0;0;0;0;0;0;0;0;0;0;0;0;0;0;0;0;0;2;2
"878";0;0;0;0;0;0;0;0;0;0;0;0;0;0;0;0;0;3;3
"879";0;0;0;0;0;0;0;0;0;0;0;0;0;0;0;0;0;2;2
"880";0;0;0;0;0;0;0;0;0;0;0;0;0;0;0;0;0;0;1
"881";0;0;0;0;0;0;0;0;0;0;0;0;0;0;0;0;0;2;2
"882";0;0;0;0;0;0;0;0;0;0;0;0;0;0;0;0;0;2;2
"883";0;0;0;0;0;0;0;0;0;0;0;0;0;0;0;0;0;0;1
"884";0;0;0;0;0;0;0;0;0;0;0;0;0;0;0;0;0;3;3
"885";0;0;0;0;0;0;0;0;0;0;0;0;0;0;0;0;0;0;1
"886";0;0;0;0;0;0;0;0;0;0;0;0;0;0;0;0;0;0;1
"887";0;0;0;0;0;0;0;0;0;0;0;0;0;0;0;0;0;0;1
"888";0;0;0;0;0;0;0;0;0;0;0;0;0;0;0;0;0;0;1
"889";0;0;0;0;0;0;0;0;0;0;0;0;0;0;0;0;0;0;1
"890";0;0;0;0;0;0;0;0;0;0;0;0;0;0;0;0;0;0;1
"891";0;0;0;0;0;0;0;0;0;0;0;0;0;0;0;0;0;2;2
"892";0;0;0;0;0;0;0;0;0;0;0;0;0;0;0;0;0;0;1
"893";0;0;0;0;0;0;0;0;0;0;0;0;0;0;0;0;0;0;0
"894";0;0;0;0;0;0;0;0;0;0;0;0;0;0;0;0;0;3;3
"895";0;0;0;0;0;0;0;0;0;0;0;0;0;0;0;0;0;3;3
"896";0;0;0;0;0;0;0;0;0;0;0;0;0;0;0;0;0;2;2
"897";0;0;0;0;0;0;0;0;0;0;0;0;0;0;0;0;0;0;0
"898";0;0;0;0;0;0;0;0;0;0;0;0;0;0;0;0;0;0;1
"899";0;0;0;0;0;0;0;0;0;0;0;0;0;0;0;0;0;3;3
"900";0;0;0;0;0;0;0;0;0;0;0;0;0;0;0;0;0;0;1
"901";0;0;0;0;0;0;0;0;0;0;0;0;0;0;0;0;0;2;2
"902";0;0;0;0;0;0;0;0;0;0;0;0;0;0;0;0;0;2;2
"903";0;0;0;0;0;0;0;0;0;0;0;0;0;0;0;0;0;3;3
"904";0;0;0;0;0;0;0;0;0;0;0;0;0;0;0;0;0;0;1
"905";0;0;0;0;0;0;0;0;0;0;0;0;0;0;0;0;0;0;1
"906";0;0;0;0;0;0;0;0;0;0;0;0;0;0;0;0;0;0;1
"907";0;0;0;0;0;0;0;0;0;0;0;0;0;0;0;0;0;0;1
"908";0;0;0;0;0;0;0;0;0;0;0;0;0;0;0;0;0;0;1
"909";0;0;0;0;0;0;0;0;0;0;0;0;0;0;0;0;0;0;1
"910";0;0;0;0;0;0;0;0;0;0;0;0;0;0;0;0;0;0;1
"911";0;0;0;0;0;0;0;0;0;0;0;0;0;0;0;0;0;0;1
"912";0;0;0;0;0;0;0;0;0;0;0;0;0;0;0;0;0;0;1
"913";0;0;0;0;0;0;0;0;0;0;0;0;0;0;0;0;0;0;1
"914";0;0;0;0;0;0;0;0;0;0;0;0;0;0;0;0;0;0;1
"915";0;0;0;0;0;0;0;0;0;0;0;0;0;0;0;0;0;0;1
"916";0;0;0;0;0;0;0;0;0;0;0;0;0;0;0;0;0;0;1
"917";0;0;0;0;0;0;0;0;0;0;0;0;0;0;0;0;0;0;1
"918";0;0;0;0;0;0;0;0;0;0;0;0;0;0;0;0;0;0;1
"919";0;0;0;0;0;0;0;0;0;0;0;0;0;0;0;0;0;0;1
"920";0;0;0;0;0;0;0;0;0;0;0;0;0;0;0;0;0;0;1
"921";0;0;0;0;0;0;0;0;0;0;0;0;0;0;0;0;0;0;1
"922";0;0;0;0;0;0;0;0;0;0;0;0;0;0;0;0;0;0;1
"923";0;0;0;0;0;0;0;0;0;0;0;0;0;0;0;0;0;0;1
"924";0;0;0;0;0;0;0;0;0;0;0;0;0;0;0;0;0;0;1
"925";0;0;0;0;0;0;0;0;0;0;0;0;0;0;0;0;0;0;1
"926";0;0;0;0;0;0;0;0;0;0;0;0;0;0;0;0;0;0;1
"927";0;0;0;0;0;0;0;0;0;0;0;0;0;0;0;0;0;0;1
"928";0;0;0;0;0;0;0;0;0;0;0;0;0;0;0;0;0;0;1
"929";0;0;0;0;0;0;0;0;0;0;0;0;0;0;0;0;0;0;1
"930";0;0;0;0;0;0;0;0;0;0;0;0;0;0;0;0;0;0;1
"931";0;0;0;0;0;0;0;0;0;0;0;0;0;0;0;0;0;0;1
"932";0;0;0;0;0;0;0;0;0;0;0;0;0;0;0;0;0;0;1
"933";0;0;0;0;0;0;0;0;0;0;0;0;0;0;0;0;0;0;1
"934";0;0;0;0;0;0;0;0;0;0;0;0;0;0;0;0;0;0;1
"935";0;0;0;0;0;0;0;0;0;0;0;0;0;0;0;0;0;0;1
"936";0;0;0;0;0;0;0;0;0;0;0;0;0;0;0;0;0;0;1
"937";0;0;0;0;0;0;0;0;0;0;0;0;0;0;0;0;0;0;0
"938";0;0;0;0;0;0;0;0;0;0;0;0;0;0;0;0;0;0;1
"939";0;0;0;0;0;0;0;0;0;0;0;0;0;0;0;0;0;0;1
"940";0;0;0;0;0;0;0;0;0;0;0;0;0;0;0;0;0;0;1
"941";0;0;0;0;0;0;0;0;0;0;0;0;0;0;0;0;0;3;3
"942";0;0;0;0;0;0;0;0;0;0;0;0;0;0;0;0;0;0;0
"943";0;0;0;0;0;0;0;0;0;0;0;0;0;0;0;0;0;0;1
"944";0;0;0;0;0;0;0;0;0;0;0;0;0;0;0;0;0;2;2
"945";0;0;0;0;0;0;0;0;0;0;0;0;0;0;0;0;0;2;2
"946";0;0;0;0;0;0;0;0;0;0;0;0;0;0;0;0;0;2;2
"947";0;0;0;0;0;0;0;0;0;0;0;0;0;0;0;0;0;2;2
"948";0;0;0;0;0;0;0;0;0;0;0;0;0;0;0;0;0;2;2
"949";0;0;0;0;0;0;0;0;0;0;0;0;0;0;0;0;0;2;2
"950";0;0;0;0;0;0;0;0;0;0;0;0;0;0;0;0;0;0;1
"951";0;0;0;0;0;0;0;0;0;0;0;0;0;0;0;0;0;2;2
"952";0;0;0;0;0;0;0;0;0;0;0;0;0;0;0;0;0;2;2
"953";0;0;0;0;0;0;0;0;0;0;0;0;0;0;0;0;0;2;2
"954";0;0;0;0;0;0;0;0;0;0;0;0;0;0;0;0;0;0;1
"955";0;0;0;0;0;0;0;0;0;0;0;0;0;0;0;0;0;2;2
"956";0;0;0;0;0;0;0;0;0;0;0;0;0;0;0;0;0;3;3
"957";0;0;0;0;0;0;0;0;0;0;0;0;0;0;0;0;0;0;1
"958";0;0;0;0;0;0;0;0;0;0;0;0;0;0;0;0;0;2;2
"959";0;0;0;0;0;0;0;0;0;0;0;0;0;0;0;0;0;2;2
"960";0;0;0;0;0;0;0;0;0;0;0;0;0;0;0;0;0;0;0
"961";0;0;0;0;0;0;0;0;0;0;0;0;0;0;0;0;0;0;0
"962";0;0;0;0;0;0;0;0;0;0;0;0;0;0;0;0;0;3;3
"963";0;0;0;0;0;0;0;0;0;0;0;0;0;0;0;0;0;3;3
"964";0;0;0;0;0;0;0;0;0;0;0;0;0;0;0;0;0;2;2
"965";0;0;0;0;0;0;0;0;0;0;0;0;0;0;0;0;0;0;0
"966";0;0;0;0;0;0;0;0;0;0;0;0;0;0;0;0;0;3;3
"967";0;0;0;0;0;0;0;0;0;0;0;0;0;0;0;0;0;0;0
"968";0;0;0;0;0;0;0;0;0;0;0;0;0;0;0;0;0;0;0
"969";0;0;0;0;0;0;0;0;0;0;0;0;0;0;0;0;0;0;0
"970";0;0;0;0;0;0;0;0;0;0;0;0;0;0;0;0;0;2;2
"971";0;0;0;0;0;0;0;0;0;0;0;0;0;0;0;0;0;0;0
"972";0;0;0;0;0;0;0;0;0;0;0;0;0;0;0;0;0;0;0
"973";0;0;0;0;0;0;0;0;0;0;0;0;0;0;0;0;0;0;0
"974";0;0;0;0;0;0;0;0;0;0;0;0;0;0;0;0;0;0;0
"975";0;0;0;0;0;0;0;0;0;0;0;0;0;0;0;0;0;0;0
"976";0;0;0;0;0;0;0;0;0;0;0;0;0;0;0;0;0;0;0
"977";0;0;0;0;0;0;0;0;0;0;0;0;0;0;0;0;0;0;0
"978";0;0;0;0;0;0;0;0;0;0;0;0;0;0;0;0;0;0;0
"979";0;0;0;0;0;0;0;0;0;0;0;0;0;0;0;0;0;0;0
"980";0;0;0;0;0;0;0;0;0;0;0;0;0;0;0;0;0;0;0
"981";0;0;0;0;0;0;0;0;0;0;0;0;0;0;0;0;0;0;1
"982";0;0;0;0;0;0;0;0;0;0;0;0;0;0;0;0;0;0;0
"983";0;0;0;0;0;0;0;0;0;0;0;0;0;0;0;0;0;0;0
"984";0;0;0;0;0;0;0;0;0;0;0;0;0;0;0;0;0;0;0
"985";0;0;0;0;0;0;0;0;0;0;0;0;0;0;0;0;0;0;0
"986";0;0;0;0;0;0;0;0;0;0;0;0;0;0;0;0;0;0;1
"987";0;0;0;0;0;0;0;0;0;0;0;0;0;0;0;0;0;2;2
"988";0;0;0;0;0;0;0;0;0;0;0;0;0;0;0;0;0;2;2
"989";0;0;0;0;0;0;0;0;0;0;0;0;0;0;0;0;0;2;2
"990";0;0;0;0;0;0;0;0;0;0;0;0;0;0;0;0;0;2;2
"991";0;0;0;0;0;0;0;0;0;0;0;0;0;0;0;0;0;2;2
"992";0;0;0;0;0;0;0;0;0;0;0;0;0;0;0;0;0;2;2
"993";0;0;0;0;0;0;0;0;0;0;0;0;0;0;0;0;0;2;2
"994";0;0;0;0;0;0;0;0;0;0;0;0;0;0;0;0;0;2;2
"995";0;0;0;0;0;0;0;0;0;0;0;0;0;0;0;0;0;2;2
"996";0;0;0;0;0;0;0;0;0;0;0;0;0;0;0;0;0;0;1
"997";0;0;0;0;0;0;0;0;0;0;0;0;0;0;0;0;0;2;2
"998";0;0;0;0;0;0;0;0;0;0;0;0;0;0;0;0;0;2;2
"999";0;0;0;0;0;0;0;0;0;0;0;0;0;0;0;0;0;0;1
"1000";0;0;0;0;0;0;0;0;0;0;0;0;0;0;0;0;0;2;2
"1001";0;0;0;0;0;0;0;0;0;0;0;0;0;0;0;0;0;2;2
"1002";0;0;0;0;0;0;0;0;0;0;0;0;0;0;0;0;0;0;1
"1003";0;0;0;0;0;0;0;0;0;0;0;0;0;0;0;0;0;2;2
"1004";0;0;0;0;0;0;0;0;0;0;0;0;0;0;0;0;0;2;2
"1005";0;0;0;0;0;0;0;0;0;0;0;0;0;0;0;0;0;2;2
"1006";0;0;0;0;0;0;0;0;0;0;0;0;0;0;0;0;0;2;2
"1007";0;0;0;0;0;0;0;0;0;0;0;0;0;0;0;0;0;2;2
"1008";0;0;0;0;0;0;0;0;0;0;0;0;0;0;0;0;0;2;2
"1009";0;0;0;0;0;0;0;0;0;0;0;0;0;0;0;0;0;2;2
"1010";0;0;0;0;0;0;0;0;0;0;0;0;0;0;0;0;0;2;2
"1011";0;0;0;0;0;0;0;0;0;0;0;0;0;0;0;0;0;2;2
"1012";0;0;0;0;0;0;0;0;0;0;0;0;0;0;0;0;0;2;2
"1013";0;0;0;0;0;0;0;0;0;0;0;0;0;0;0;0;0;2;2
"1014";0;0;0;0;0;0;0;0;0;0;0;0;0;0;0;0;0;2;2
"1015";0;0;0;0;0;0;0;0;0;0;0;0;0;0;0;0;0;2;2
"1016";0;0;0;0;0;0;0;0;0;0;0;0;0;0;0;0;0;2;2
"1017";0;0;0;0;0;0;0;0;0;0;0;0;0;0;0;0;0;2;2
"1018";0;0;0;0;0;0;0;0;0;0;0;0;0;0;0;0;0;0;1
"1019";0;0;0;0;0;0;0;0;0;0;0;0;0;0;0;0;0;0;1
"1020";0;0;0;0;0;0;0;0;0;0;0;0;0;0;0;0;0;0;1
"1021";0;0;0;0;0;0;0;0;0;0;0;0;0;0;0;0;0;3;3
"1022";0;0;0;0;0;0;0;0;0;0;0;0;0;0;0;0;0;0;1
"1023";0;0;0;0;0;0;0;0;0;0;0;0;0;0;0;0;0;0;1
"1024";0;0;0;0;0;0;0;0;0;0;0;0;0;0;0;0;0;0;1
"1025";0;0;0;0;0;0;0;0;0;0;0;0;0;0;0;0;0;0;1
"1026";0;0;0;0;0;0;0;0;0;0;0;0;0;0;0;0;0;0;1
"1027";0;0;0;0;0;0;0;0;0;0;0;0;0;0;0;0;0;0;1
"1028";0;0;0;0;0;0;0;0;0;0;0;0;0;0;0;0;0;0;1
"1029";0;0;0;0;0;0;0;0;0;0;0;0;0;0;0;0;0;0;1
"1030";0;0;0;0;0;0;0;0;0;0;0;0;0;0;0;0;0;3;3
"1031";0;0;0;0;0;0;0;0;0;0;0;0;0;0;0;0;0;2;2
"1032";0;0;0;0;0;0;0;0;0;0;0;0;0;0;0;0;0;3;3
"1033";0;0;0;0;0;0;0;0;0;0;0;0;0;0;0;0;0;2;2
"1034";0;0;0;0;0;0;0;0;0;0;0;0;0;0;0;0;0;2;2
"1035";0;0;0;0;0;0;0;0;0;0;0;0;0;0;0;0;0;2;2
"1036";0;0;0;0;0;0;0;0;0;0;0;0;0;0;0;0;0;2;2
"1037";0;0;0;0;0;0;0;0;0;0;0;0;0;0;0;0;0;3;3
"1038";0;0;0;0;0;0;0;0;0;0;0;0;0;0;0;0;0;3;3
"1039";0;0;0;0;0;0;0;0;0;0;0;0;0;0;0;0;0;3;3
"1040";0;0;0;0;0;0;0;0;0;0;0;0;0;0;0;0;0;3;3
"1041";0;0;0;0;0;0;0;0;0;0;0;0;0;0;0;0;0;3;3
"1042";0;0;0;0;0;0;0;0;0;0;0;0;0;0;0;0;0;3;3
"1043";0;0;0;0;0;0;0;0;0;0;0;0;0;0;0;0;0;3;3
"1044";0;0;0;0;0;0;0;0;0;0;0;0;0;0;0;0;0;0;0
"1045";0;0;0;0;0;0;0;0;0;0;0;0;0;0;0;0;0;3;3
"1046";0;0;0;0;0;0;0;0;0;0;0;0;0;0;0;0;0;0;1
"1047";0;0;0;0;0;0;0;0;0;0;0;0;0;0;0;0;0;3;3
"1048";0;0;0;0;0;0;0;0;0;0;0;0;0;0;0;0;0;2;2
"1049";0;0;0;0;0;0;0;0;0;0;0;0;0;0;0;0;0;0;1
"1050";0;0;0;0;0;0;0;0;0;0;0;0;0;0;0;0;0;0;1
"1051";0;0;0;0;0;0;0;0;0;0;0;0;0;0;0;0;0;0;1
"1052";0;0;0;0;0;0;0;0;0;0;0;0;0;0;0;0;0;0;1
"1053";0;0;0;0;0;0;0;0;0;0;0;0;0;0;0;0;0;0;1
"1054";0;0;0;0;0;0;0;0;0;0;0;0;0;0;0;0;0;2;2
"1055";0;0;0;0;0;0;0;0;0;0;0;0;0;0;0;0;0;3;3
"1056";0;0;0;0;0;0;0;0;0;0;0;0;0;0;0;0;0;2;2
"1057";0;0;0;0;0;0;0;0;0;0;0;0;0;0;0;0;0;2;2
"1058";0;0;0;0;0;0;0;0;0;0;0;0;0;0;0;0;0;2;2
"1059";0;0;0;0;0;0;0;0;0;0;0;0;0;0;0;0;0;2;2
"1060";0;0;0;0;0;0;0;0;0;0;0;0;0;0;0;0;0;2;2
"1061";0;0;0;0;0;0;0;0;0;0;0;0;0;0;0;0;0;3;3
"1062";0;0;0;0;0;0;0;0;0;0;0;0;0;0;0;0;0;0;1
"1063";0;0;0;0;0;0;0;0;0;0;0;0;0;0;0;0;0;0;1
"1064";0;0;0;0;0;0;0;0;0;0;0;0;0;0;0;0;0;0;1
"1065";0;0;0;0;0;0;0;0;0;0;0;0;0;0;0;0;0;3;3
"1066";0;0;0;0;0;0;0;0;0;0;0;0;0;0;0;0;0;2;2
"1067";0;0;0;0;0;0;0;0;0;0;0;0;0;0;0;0;0;3;3
"1068";0;0;0;0;0;0;0;0;0;0;0;0;0;0;0;0;0;2;2
"1069";0;0;0;0;0;0;0;0;0;0;0;0;0;0;0;0;0;2;2
"1070";0;0;0;0;0;0;0;0;0;0;0;0;0;0;0;0;0;0;1
"1071";0;0;0;0;0;0;0;0;0;0;0;0;0;0;0;0;0;0;0
"1072";0;0;0;0;0;0;0;0;0;0;0;0;0;0;0;0;0;0;1
"1073";0;0;0;0;0;0;0;0;0;0;0;0;0;0;0;0;0;0;1
"1074";0;0;0;0;0;0;0;0;0;0;0;0;0;0;0;0;0;0;1
"1075";0;0;0;0;0;0;0;0;0;0;0;0;0;0;0;0;0;0;1
"1076";0;0;0;0;0;0;0;0;0;0;0;0;0;0;0;0;0;3;3
"1077";0;0;0;0;0;0;0;0;0;0;0;0;0;0;0;0;0;0;1
"1078";0;0;0;0;0;0;0;0;0;0;0;0;0;0;0;0;0;0;1
"1079";0;0;0;0;0;0;0;0;0;0;0;0;0;0;0;0;0;0;1
"1080";0;0;0;0;0;0;0;0;0;0;0;0;0;0;0;0;0;0;1
"1081";0;0;0;0;0;0;0;0;0;0;0;0;0;0;0;0;0;0;1
"1082";0;0;0;0;0;0;0;0;0;0;0;0;0;0;0;0;0;0;1
"1083";0;0;0;0;0;0;0;0;0;0;0;0;0;0;0;0;0;0;0
"1084";0;0;0;0;0;0;0;0;0;0;0;0;0;0;0;0;0;3;3
"1085";0;0;0;0;0;0;0;0;0;0;0;0;0;0;0;0;0;0;0
"1086";0;0;0;0;0;0;0;0;0;0;0;0;0;0;0;0;0;0;0
"1087";0;0;0;0;0;0;0;0;0;0;0;0;0;0;0;0;0;0;1
"1088";0;0;0;0;0;0;0;0;0;0;0;0;0;0;0;0;0;0;0
"1089";0;0;0;0;0;0;0;0;0;0;0;0;0;0;0;0;0;2;2
"1090";0;0;0;0;0;0;0;0;0;0;0;0;0;0;0;0;0;0;0
"1091";0;0;0;0;0;0;0;0;0;0;0;0;0;0;0;0;0;0;0
"1092";0;0;0;0;0;0;0;0;0;0;0;0;0;0;0;0;0;0;0
"1093";0;0;0;0;0;0;0;0;0;0;0;0;0;0;0;0;0;2;2
"1094";0;0;0;0;0;0;0;0;0;0;0;0;0;0;0;0;0;2;2
"1095";0;0;0;0;0;0;0;0;0;0;0;0;0;0;0;0;0;0;0
"1096";0;0;0;0;0;0;0;0;0;0;0;0;0;0;0;0;0;2;2
"1097";0;0;0;0;0;0;0;0;0;0;0;0;0;0;0;0;0;2;2
"1098";0;0;0;0;0;0;0;0;0;0;0;0;0;0;0;0;0;0;1
"1099";0;0;0;0;0;0;0;0;0;0;0;0;0;0;0;0;0;0;0
"1100";0;0;0;0;0;0;0;0;0;0;0;0;0;0;0;0;0;0;0
"1101";0;0;0;0;0;0;0;0;0;0;0;0;0;0;0;0;0;0;0
"1102";0;0;0;0;0;0;0;0;0;0;0;0;0;0;0;0;0;3;3
"1103";0;0;0;0;0;0;0;0;0;0;0;0;0;0;0;0;0;0;0
"1104";0;0;0;0;0;0;0;0;0;0;0;0;0;0;0;0;0;0;0
"1105";0;0;0;0;0;0;0;0;0;0;0;0;0;0;0;0;0;0;0
"1106";0;0;0;0;0;0;4;4;4;4;4;4;4;4;4;4;4;4;4
"1107";0;0;0;0;0;0;0;0;0;0;0;0;0;0;0;0;0;2;2
"1108";0;0;0;0;0;0;0;0;0;0;0;0;0;0;0;0;0;0;0
"1109";0;0;0;0;0;0;0;0;0;0;0;0;0;0;0;0;0;3;3
"1110";0;0;0;0;0;0;0;0;0;0;0;0;0;0;0;0;0;0;1
"1111";0;0;0;0;0;0;0;0;0;0;0;0;0;0;0;0;0;2;2
"1112";0;0;0;0;0;0;0;0;0;0;0;0;0;0;0;0;0;0;1
"1113";0;0;0;0;0;0;0;0;0;0;0;0;0;0;0;0;0;2;2
"1114";0;0;0;0;0;0;0;0;0;0;0;0;0;0;0;0;0;3;3
"1115";0;0;0;0;0;0;0;0;0;0;0;0;0;0;0;0;0;3;3
"1116";0;0;0;0;0;0;0;0;0;0;0;0;0;0;0;0;0;2;2
"1117";0;0;0;0;0;0;0;0;0;0;0;0;0;0;0;0;0;3;3
"1118";0;0;0;0;0;0;0;0;0;0;0;0;0;0;0;0;0;0;1
"1119";0;0;0;0;0;0;0;0;0;0;0;0;0;0;0;0;0;2;2
"1120";0;0;0;0;0;0;0;0;0;0;0;0;0;0;0;0;0;2;2
"1121";0;0;0;0;0;0;0;0;0;0;0;0;0;0;0;0;0;0;1
"1122";0;0;0;0;0;0;0;0;0;0;0;0;0;0;0;0;0;2;2
"1123";0;0;0;0;0;0;0;0;0;0;0;0;0;0;0;0;0;3;3
"1124";0;0;0;0;0;0;0;0;0;0;0;0;0;0;0;0;0;3;3
"1125";0;0;0;0;0;0;0;0;0;0;0;0;0;0;0;0;0;2;2
"1126";0;0;0;0;0;0;0;0;0;0;0;0;0;0;0;0;0;2;2
"1127";0;0;0;0;0;0;0;0;0;0;0;0;0;0;0;0;0;0;1
"1128";0;0;0;0;0;0;0;0;0;0;0;0;0;0;0;0;0;0;1
"1129";0;0;0;0;0;0;0;0;0;0;0;0;0;0;0;0;0;0;1
"1130";0;0;0;0;0;0;0;0;0;0;0;0;0;0;0;0;0;0;1
"1131";0;0;0;0;0;0;0;0;0;0;0;0;0;0;0;0;0;0;1
"1132";0;0;0;0;0;0;0;0;0;0;0;0;0;0;0;0;0;0;1
"1133";0;0;0;0;0;0;0;0;0;0;0;0;0;0;0;0;0;0;0
"1134";0;0;0;0;0;0;0;0;0;0;0;0;0;0;0;0;0;3;3
"1135";0;0;0;0;0;0;0;0;0;0;0;0;0;0;0;0;0;0;0
"1136";0;0;0;0;0;0;0;0;0;0;0;0;0;0;0;0;0;0;0
"1137";0;0;0;0;0;0;0;0;0;0;0;0;0;0;0;0;0;0;0
"1138";0;0;0;0;0;0;0;0;0;0;0;0;0;0;0;0;0;0;0
"1139";0;0;0;0;0;0;0;0;0;0;0;0;0;0;0;0;0;0;0
"1140";0;0;0;0;0;0;0;0;0;0;0;0;0;0;0;0;0;0;0
"1141";0;0;0;0;0;0;0;0;0;0;0;0;0;0;0;0;0;0;0
"1142";0;0;0;0;0;0;0;0;0;0;0;0;0;0;0;0;0;3;3
"1143";0;0;0;0;0;0;0;0;0;0;0;0;0;0;0;0;0;0;0
"1144";0;0;0;0;0;0;0;0;0;0;0;0;0;0;0;0;0;3;3
"1145";0;0;0;0;0;0;0;0;0;0;0;0;0;0;0;0;0;0;0
"1146";0;0;0;0;0;0;0;0;0;0;0;0;0;0;0;0;0;0;0
"1147";0;0;0;0;0;0;0;0;0;0;0;0;0;0;0;0;0;0;0
"1148";0;0;0;0;0;0;0;0;0;0;0;0;0;0;0;0;0;3;3
"1149";0;0;0;0;0;0;0;0;0;0;0;0;0;0;0;0;0;3;3
"1150";0;0;0;0;0;0;0;0;0;0;0;0;0;0;0;0;0;3;3
"1151";0;0;0;0;0;0;0;0;0;0;0;0;0;0;0;0;0;3;3
"1152";0;0;0;0;0;0;0;0;0;0;0;0;0;0;0;0;0;3;3
"1153";0;0;0;0;0;0;0;0;0;0;0;0;0;0;0;0;0;3;3
"1154";0;0;0;0;0;0;0;0;0;0;0;0;0;0;0;0;0;2;2
"1155";0;0;0;0;0;0;0;0;0;0;0;0;0;0;0;0;0;3;3
"1156";0;0;0;0;0;0;0;0;0;0;0;0;0;0;0;0;0;3;3
"1157";0;0;0;0;0;0;0;0;0;0;0;0;0;0;0;0;0;0;1
"1158";0;0;0;0;0;0;0;0;0;0;0;0;0;0;0;0;0;3;3
"1159";0;0;0;0;0;0;0;0;0;0;0;0;0;0;0;0;0;3;3
"1160";0;0;0;0;0;0;0;0;0;0;0;0;0;0;0;0;0;3;3
"1161";0;0;0;0;0;0;0;0;0;0;0;0;0;0;0;0;0;3;3
"1162";0;0;0;0;0;0;0;0;0;0;0;0;0;0;0;0;0;2;2
"1163";0;0;0;0;0;0;0;0;0;0;0;0;0;0;0;0;0;3;3
"1164";0;0;0;0;0;0;0;0;0;0;0;0;0;0;0;0;0;3;3
"1165";0;0;0;0;0;0;0;0;0;0;0;0;0;0;0;0;0;2;2
"1166";0;0;0;0;0;0;0;0;0;0;0;0;0;0;0;0;0;0;1
"1167";0;0;0;0;0;0;0;0;0;0;0;0;0;0;0;0;0;3;3
"1168";0;0;0;0;0;0;0;0;0;0;0;0;0;0;0;0;0;2;2
"1169";0;0;0;0;0;0;0;0;0;0;0;0;0;0;0;0;0;2;2
"1170";0;0;0;0;0;0;0;0;0;0;0;0;0;0;0;0;0;2;2
"1171";0;0;0;0;0;0;0;0;0;0;0;0;0;0;0;0;0;0;0
"1172";0;0;0;0;0;0;0;0;0;0;0;0;0;0;0;0;0;0;0
"1173";0;0;0;0;0;0;0;0;0;0;0;0;0;0;0;0;0;0;0
"1174";0;0;0;0;0;0;0;0;0;0;0;0;0;0;0;0;0;0;0
"1175";0;0;0;0;0;0;0;0;0;0;0;0;0;0;0;0;0;0;1
"1176";0;0;0;0;0;0;0;0;0;0;0;0;0;0;0;0;0;0;1
"1177";0;0;0;0;0;0;0;0;0;0;0;0;0;0;0;0;0;0;0
"1178";0;0;0;0;0;0;0;0;0;0;0;0;0;0;0;0;0;2;2
"1179";0;0;0;0;0;0;0;0;0;0;0;0;0;0;0;0;0;0;0
"1180";0;0;0;0;0;0;0;0;0;0;0;0;0;0;0;0;0;0;0
"1181";0;0;0;0;0;0;0;0;0;0;0;0;0;0;0;0;0;0;0
"1182";0;0;0;0;0;0;0;0;0;0;0;0;0;0;0;0;0;0;0
"1183";0;0;0;0;0;0;0;0;0;0;0;0;0;0;0;0;0;0;0
"1184";0;0;0;0;0;0;0;0;0;0;0;0;0;0;0;0;0;0;0
"1185";0;0;0;0;0;0;0;0;0;0;0;0;0;0;0;0;0;3;3
"1186";0;0;0;0;0;0;0;0;0;0;0;0;0;0;0;0;0;0;0
"1187";0;0;0;0;0;0;0;0;0;0;0;0;0;0;0;0;0;3;3
"1188";0;0;0;0;0;0;0;0;0;0;0;0;0;0;0;0;0;0;0
"1189";0;0;0;0;0;0;0;0;0;0;0;0;0;0;0;0;0;0;0
"1190";0;0;0;0;0;0;0;0;0;0;0;0;0;0;0;0;0;0;0
"1191";0;0;0;0;0;0;0;0;0;0;0;0;0;0;0;0;0;0;0
"1192";0;0;0;0;0;0;0;0;0;0;0;0;0;0;0;0;0;2;2
"1193";0;0;0;0;0;0;0;0;0;0;0;0;0;0;0;0;0;0;0
"1194";0;0;0;0;0;0;0;0;0;0;0;0;0;0;0;0;0;0;0
"1195";0;0;0;0;0;0;0;0;0;0;0;0;0;0;0;0;0;0;0
"1196";0;0;0;0;0;0;0;0;0;0;0;0;0;0;0;0;0;0;0
"1197";0;0;0;0;0;0;0;0;0;0;0;0;0;0;0;0;0;0;0
"1198";0;0;0;0;0;0;0;0;0;0;0;0;0;0;0;0;0;0;1
"1199";0;0;0;0;0;0;0;0;0;0;0;0;0;0;0;0;0;0;1
"1200";0;0;0;0;0;0;0;0;0;0;0;0;0;0;0;0;0;0;1
"1201";0;0;0;0;0;0;0;0;0;0;0;0;0;0;0;0;0;0;1
"1202";0;0;0;0;0;0;0;0;0;0;0;0;0;0;0;0;0;3;3
"1203";0;0;0;0;0;0;0;0;0;0;0;0;0;0;0;0;0;0;1
"1204";0;0;0;0;0;0;0;0;0;0;0;0;0;0;0;0;0;2;2
"1205";0;0;0;0;0;0;0;0;0;0;0;0;0;0;0;0;0;0;1
"1206";0;0;0;0;0;0;0;0;0;0;0;0;0;0;0;0;0;0;1
"1207";0;0;0;0;0;0;0;0;0;0;0;0;0;0;0;0;0;0;1
"1208";0;0;0;0;0;0;0;0;0;0;0;0;0;0;0;0;0;0;1
"1209";0;0;0;0;0;0;0;0;0;0;0;0;0;0;0;0;0;0;1
"1210";0;0;0;0;0;0;0;0;0;0;0;0;0;0;0;0;0;2;2
"1211";0;0;0;0;0;0;0;0;0;0;0;0;0;0;0;0;0;0;1
"1212";0;0;0;0;0;0;0;0;0;0;0;0;0;0;0;0;0;0;1
"1213";0;0;0;0;0;0;0;0;0;0;0;0;0;0;0;0;0;0;1
"1214";0;0;0;0;0;0;0;0;0;0;0;0;0;0;0;0;0;0;1
"1215";0;0;0;0;0;0;0;0;0;0;0;0;0;0;0;0;0;0;1
"1216";0;0;0;0;0;0;0;0;0;0;0;0;0;0;0;0;0;0;1
"1217";0;0;0;0;0;0;0;0;0;0;0;0;0;0;0;0;0;0;1
"1218";0;0;0;0;0;0;0;0;0;0;0;0;0;0;0;0;0;0;1
"1219";0;0;0;0;0;0;0;0;0;0;0;0;0;0;0;0;0;0;1
"1220";0;0;0;0;0;0;0;0;0;0;0;0;0;0;0;0;0;0;1
"1221";0;0;0;0;0;0;0;0;0;0;0;0;0;0;0;0;0;3;3
"1222";0;0;0;0;0;0;0;0;0;0;0;0;0;0;0;0;0;3;3
"1223";0;0;0;0;0;0;0;0;0;0;0;0;0;0;0;0;0;3;3
"1224";0;0;0;0;0;0;0;0;0;0;0;0;0;0;0;0;0;2;2
"1225";0;0;0;0;0;0;0;0;0;0;0;0;0;0;0;0;0;2;2
"1226";0;0;0;0;0;0;0;0;0;0;0;0;0;0;0;0;0;2;2
"1227";0;0;0;0;0;0;0;0;0;0;0;0;0;0;0;0;0;0;1
"1228";0;0;0;0;0;0;0;0;0;0;0;0;0;0;0;0;0;0;1
"1229";0;0;0;0;0;0;0;0;0;0;0;0;0;0;0;0;0;0;1
"1230";0;0;0;0;0;0;0;0;0;0;0;0;0;0;0;0;0;0;1
"1231";0;0;0;0;0;0;0;0;0;0;0;0;0;0;0;0;0;0;1
"1232";0;0;0;0;0;0;0;0;0;0;0;0;0;0;0;0;0;0;1
"1233";0;0;0;0;0;0;0;0;0;0;0;0;0;0;0;0;0;0;1
"1234";0;0;0;0;0;0;0;0;0;0;0;0;0;0;0;0;0;0;1
"1235";0;0;0;0;0;0;0;0;0;0;0;0;0;0;0;0;0;0;1
"1236";0;0;0;0;0;0;0;0;0;0;0;0;0;0;0;0;0;0;0
"1237";0;0;0;0;0;0;0;0;0;0;0;0;0;0;0;0;0;0;1
"1238";0;0;0;0;0;0;0;0;0;0;0;0;0;0;0;0;0;0;1
"1239";0;0;0;0;0;0;0;0;0;0;0;0;0;0;0;0;0;0;1
"1240";0;0;0;0;0;0;0;0;0;0;0;0;0;0;0;0;0;0;1
"1241";0;0;0;0;0;0;0;0;0;0;0;0;0;0;0;0;0;0;1
"1242";0;0;0;0;0;0;0;0;0;0;0;0;0;0;0;0;0;0;1
"1243";0;0;0;0;0;0;0;0;0;0;0;0;0;0;0;0;0;0;0
"1244";0;0;0;0;0;0;0;0;0;0;0;0;0;0;0;0;0;3;3
"1245";0;0;0;0;0;0;0;0;0;0;0;0;0;0;0;0;0;0;0
"1246";0;0;0;0;0;0;0;0;0;0;0;0;0;0;0;0;0;0;1
"1247";0;0;0;0;0;0;0;0;0;0;0;0;0;0;0;0;0;0;1
"1248";0;0;0;0;0;0;0;0;0;0;0;0;0;0;0;0;0;0;1
"1249";0;0;0;0;0;0;0;0;0;0;0;0;0;0;0;0;0;0;1
"1250";0;0;0;0;0;0;0;0;0;0;0;0;0;0;0;0;0;0;1
"1251";0;0;0;0;0;0;0;0;0;0;0;0;0;0;0;0;0;0;1
"1252";0;0;0;0;0;0;0;0;0;0;0;0;0;0;0;0;0;0;1
"1253";0;0;0;0;0;0;0;0;0;0;0;0;0;0;0;0;0;0;1
"1254";0;0;0;0;0;0;0;0;0;0;0;0;0;0;0;0;0;0;1
"1255";0;0;0;0;0;0;0;0;0;0;0;0;0;0;0;0;0;2;2
"1256";0;0;0;0;0;0;0;0;0;0;0;0;0;0;0;0;0;3;3
"1257";0;0;0;0;0;0;0;0;0;0;0;0;0;0;0;0;0;0;1
"1258";0;0;0;0;0;0;0;0;0;0;0;0;0;0;0;0;0;2;2
"1259";0;0;0;0;0;0;0;0;0;0;0;0;0;0;0;0;0;2;2
"1260";0;0;0;0;0;0;0;0;0;0;0;0;0;0;0;0;0;2;2
"1261";0;0;0;0;0;0;0;0;0;0;0;0;0;0;0;0;0;2;2
"1262";0;0;0;0;0;0;0;0;0;0;0;0;0;0;0;0;0;2;2
"1263";0;0;0;0;0;0;0;0;0;0;0;0;0;0;0;0;0;3;3
"1264";0;0;0;0;0;0;0;0;0;0;0;0;0;0;0;0;0;2;2
"1265";0;0;0;0;0;0;0;0;0;0;0;0;0;0;0;0;0;2;2
"1266";0;0;0;0;0;0;0;0;0;0;0;0;0;0;0;0;0;2;2
"1267";0;0;0;0;0;0;0;0;0;0;0;0;0;0;0;0;0;2;2
"1268";0;0;0;0;0;0;0;0;0;0;0;0;0;0;0;0;0;2;2
"1269";0;0;0;0;0;0;0;0;0;0;0;0;0;0;0;0;0;2;2
"1270";0;0;0;0;0;0;0;0;0;0;0;0;0;0;0;0;0;3;3
"1271";0;0;0;0;0;0;0;0;0;0;0;0;0;0;0;0;0;2;2
"1272";0;0;0;0;0;0;0;0;0;0;0;0;0;0;0;0;0;0;1
"1273";0;0;0;0;0;0;0;0;0;0;0;0;0;0;0;0;0;2;2
"1274";0;0;0;0;0;0;0;0;0;0;0;0;0;0;0;0;0;3;3
"1275";0;0;0;0;0;0;0;0;0;0;0;0;0;0;0;0;0;2;2
"1276";0;0;0;0;0;0;0;0;0;0;0;0;0;0;0;0;0;3;3
"1277";0;0;0;0;0;0;0;0;0;0;0;0;0;0;0;0;0;2;2
"1278";0;0;0;0;0;0;0;0;0;0;0;0;0;0;0;0;0;2;2
"1279";0;0;0;0;0;0;0;0;0;0;0;0;0;0;0;0;0;2;2
"1280";0;0;0;0;0;0;0;0;0;0;0;0;0;0;0;0;0;2;2
"1281";0;0;0;0;0;0;0;0;0;0;0;0;0;0;0;0;0;2;2
"1282";0;0;0;0;0;0;0;0;0;0;0;0;0;0;0;0;0;2;2
"1283";0;0;0;0;0;0;0;0;0;0;0;0;0;0;0;0;0;2;2
"1284";0;0;0;0;0;0;0;0;0;0;0;0;0;0;0;0;0;0;1
"1285";0;0;0;0;0;0;0;0;0;0;0;0;0;0;0;0;0;2;2
"1286";0;0;0;0;0;0;0;0;0;0;0;0;0;0;0;0;0;3;3
"1287";0;0;0;0;0;0;0;0;0;0;0;0;0;0;0;0;0;2;2
"1288";0;0;0;0;0;0;0;0;0;0;0;0;0;0;0;0;0;2;2
"1289";0;0;0;0;0;0;0;0;0;0;0;0;0;0;0;0;0;2;2
"1290";0;0;0;0;0;0;0;0;0;0;0;0;0;0;0;0;0;2;2
"1291";0;0;0;0;0;0;0;0;0;0;0;0;0;0;0;0;0;2;2
"1292";0;0;0;0;0;0;0;0;0;0;0;0;0;0;0;0;0;0;1
"1293";0;0;0;0;0;0;0;0;0;0;0;0;0;0;0;0;0;0;1
"1294";0;0;0;0;0;0;0;0;0;0;0;0;0;0;0;0;0;0;1
"1295";0;0;0;0;0;0;0;0;0;0;0;0;0;0;0;0;0;0;1
"1296";0;0;0;0;0;0;0;0;0;0;0;0;0;0;0;0;0;0;1
"1297";0;0;0;0;0;0;0;0;0;0;0;0;0;0;0;0;0;0;1
"1298";0;0;0;0;0;0;0;0;0;0;0;0;0;0;0;0;0;0;1
"1299";0;0;0;0;0;0;0;0;0;0;0;0;0;0;0;0;0;0;1
"1300";0;0;0;0;0;0;0;0;0;0;0;0;0;0;0;0;0;2;2
"1301";0;0;0;0;0;0;0;0;0;0;0;0;0;0;0;0;0;2;2
"1302";0;0;0;0;0;0;0;0;0;0;0;0;0;0;0;0;0;2;2
"1303";0;0;0;0;0;0;0;0;0;0;0;0;0;0;0;0;0;2;2
"1304";0;0;0;0;0;0;0;0;0;0;0;0;0;0;0;0;0;3;3
"1305";0;0;0;0;0;0;0;0;0;0;0;0;0;0;0;0;0;3;3
"1306";0;0;0;0;0;0;0;0;0;0;0;0;0;0;0;0;0;0;1
"1307";0;0;0;0;0;0;0;0;0;0;0;0;0;0;0;0;0;2;2
"1308";0;0;0;0;0;0;0;0;0;0;0;0;0;0;0;0;0;0;1
"1309";0;0;0;0;0;0;0;0;0;0;0;0;0;0;0;0;0;2;2
"1310";0;0;0;0;0;0;0;0;0;0;0;0;0;0;0;0;0;0;1
"1311";0;0;0;0;0;0;0;0;0;0;0;0;0;0;0;0;0;0;1
"1312";0;0;0;0;0;0;0;0;0;0;0;0;0;0;0;0;0;0;1
"1313";0;0;0;0;0;0;0;0;0;0;0;0;0;0;0;0;0;2;2
"1314";0;0;0;0;0;0;0;0;0;0;0;0;0;0;0;0;0;2;2
"1315";0;0;0;0;0;0;0;0;0;0;0;0;0;0;0;0;0;2;2
"1316";0;0;0;0;0;0;0;0;0;0;0;0;0;0;0;0;0;0;0
"1317";0;0;0;0;0;0;0;0;0;0;0;0;0;0;0;0;0;0;0
"1318";0;0;0;0;0;0;0;0;0;0;0;0;0;0;0;0;0;0;0
"1319";0;0;0;0;0;0;0;0;0;0;0;0;0;0;0;0;0;0;0
"1320";0;0;0;0;0;0;0;0;0;0;0;0;0;0;0;0;0;0;0
"1321";0;0;0;0;0;0;0;0;0;0;0;0;0;0;0;0;0;0;0
"1322";0;0;0;0;0;0;0;0;0;0;0;0;0;0;0;0;0;0;0
"1323";0;0;0;0;0;0;0;0;0;0;0;0;0;0;0;0;0;0;0
"1324";0;0;0;0;0;0;0;0;0;0;0;0;0;0;0;0;0;0;1
"1325";0;0;0;0;0;0;0;0;0;0;0;0;0;0;0;0;0;2;2
"1326";0;0;0;0;0;0;0;0;0;0;0;0;0;0;0;0;0;3;3
"1327";0;0;0;0;0;0;0;0;0;0;0;0;0;0;0;0;0;0;1
"1328";0;0;0;0;0;0;0;0;0;0;0;0;0;0;0;0;0;2;2
"1329";0;0;0;0;0;0;0;0;0;0;0;0;0;0;0;0;0;2;2
"1330";0;0;0;0;0;0;0;0;0;0;0;0;0;0;0;0;0;2;2
"1331";0;0;0;0;0;0;0;0;0;0;0;0;0;0;0;0;0;2;2
"1332";0;0;0;0;0;0;0;0;0;0;0;0;0;0;0;0;0;0;0
"1333";0;0;0;0;0;0;0;0;0;0;0;0;0;0;0;0;0;2;2
"1334";0;0;0;0;0;0;0;0;0;0;0;0;0;0;0;0;0;3;3
"1335";0;0;0;0;0;0;0;0;0;0;0;0;0;0;0;0;0;3;3
"1336";0;0;0;0;0;0;0;0;0;0;0;0;0;0;0;0;0;3;3
"1337";0;0;0;0;0;0;0;0;0;0;0;0;0;0;0;0;0;3;3
"1338";0;0;0;0;0;0;0;0;0;0;0;0;0;0;0;0;0;2;2
"1339";0;0;0;0;0;0;0;0;0;0;0;0;0;0;0;0;0;2;2
"1340";0;0;0;0;0;0;0;0;0;0;0;0;0;0;0;0;0;2;2
"1341";0;0;0;0;0;0;0;0;0;0;0;0;0;0;0;0;0;2;2
"1342";0;0;0;0;0;0;0;0;0;0;0;0;0;0;0;0;0;2;2
"1343";0;0;0;0;0;0;0;0;0;0;0;0;0;0;0;0;0;2;2
"1344";0;0;0;0;0;0;0;0;0;0;0;0;0;0;0;0;0;3;3
"1345";0;0;0;0;0;0;0;0;0;0;0;0;0;0;0;0;0;0;1
"1346";0;0;0;0;0;0;0;0;0;0;0;0;0;0;0;0;0;3;3
"1347";0;0;0;0;0;0;0;0;0;0;0;0;0;0;0;0;0;0;1
"1348";0;0;0;0;0;0;0;0;0;0;0;0;0;0;0;0;0;2;2
"1349";0;0;0;0;0;0;0;0;0;0;0;0;0;0;0;0;0;3;3
"1350";0;0;0;0;0;0;0;0;0;0;0;0;0;0;0;0;0;0;1
"1351";0;0;0;0;0;0;0;0;0;0;0;0;0;0;0;0;0;0;1
"1352";0;0;0;0;0;0;0;0;0;0;0;0;0;0;0;0;0;3;3
"1353";0;0;0;0;0;0;0;0;0;0;0;0;0;0;0;0;0;3;3
"1354";0;0;0;0;0;0;0;0;0;0;0;0;0;0;0;0;0;3;3
"1355";0;0;0;0;0;0;0;0;0;0;0;0;0;0;0;0;0;0;0
"1356";0;0;0;0;0;0;0;0;0;0;0;0;0;0;0;0;0;3;3
"1357";0;0;0;0;0;0;0;0;0;0;0;0;0;0;0;0;0;3;3
"1358";0;0;0;0;0;0;0;0;0;0;0;0;0;0;0;0;0;3;3
"1359";0;0;0;0;0;0;0;0;0;0;0;0;0;0;0;0;0;2;2
"1360";0;0;0;0;0;0;0;0;0;0;0;0;0;0;0;0;0;0;1
"1361";0;0;0;0;0;0;0;0;0;0;0;0;0;0;0;0;0;2;2
"1362";0;0;0;0;0;0;0;0;0;0;0;0;0;0;0;0;0;0;0
"1363";0;0;0;0;0;0;0;0;0;0;0;0;0;0;0;0;0;0;0
"1364";0;0;0;0;0;0;0;0;0;0;0;0;0;0;0;0;0;0;0
"1365";0;0;0;0;0;0;0;0;0;0;0;0;0;0;0;0;0;0;0
"1366";0;0;0;0;0;0;0;0;0;0;0;0;0;0;0;0;0;0;0
"1367";0;0;0;0;0;0;0;0;0;0;0;0;0;0;0;0;0;0;1
"1368";0;0;0;0;0;0;0;0;0;0;0;0;0;0;0;0;0;3;3
"1369";0;0;0;0;0;0;0;0;0;0;0;0;0;0;0;0;0;0;1
"1370";0;0;0;0;0;0;0;0;0;0;0;0;0;0;0;0;0;0;1
"1371";0;0;0;0;0;0;0;0;0;0;0;0;0;0;0;0;0;2;2
"1372";0;0;0;0;0;0;0;0;0;0;0;0;0;0;0;0;0;3;3
"1373";0;0;0;0;0;0;0;0;0;0;0;0;0;0;0;0;0;3;3
"1374";0;0;0;0;0;0;0;0;0;0;0;0;0;0;0;0;0;0;1
"1375";0;0;0;0;0;0;0;0;0;0;0;0;0;0;0;0;0;0;0
"1376";0;0;0;0;0;0;0;0;0;0;0;0;0;0;0;0;0;3;3
"1377";0;0;0;0;0;0;0;0;0;0;0;0;0;0;0;0;0;2;2
"1378";0;0;0;0;0;0;0;0;0;0;0;0;0;0;0;0;0;2;2
"1379";0;0;0;0;0;0;0;0;0;0;0;0;0;0;0;0;0;2;2
"1380";0;0;0;0;0;0;0;0;0;0;0;0;0;0;0;0;0;2;2
"1381";0;0;0;0;0;0;0;0;0;0;0;0;0;0;0;0;0;3;3
"1382";0;0;0;0;0;0;0;0;0;0;0;0;0;0;0;0;0;2;2
"1383";0;0;0;0;0;0;0;0;0;0;0;0;0;0;0;0;0;2;2
"1384";0;0;0;0;0;0;0;0;0;0;0;0;0;0;0;0;0;2;2
"1385";0;0;0;0;0;0;0;0;0;0;0;0;0;0;0;0;0;3;3
"1386";0;0;0;0;0;0;0;0;0;0;0;0;0;0;0;0;0;3;3
"1387";0;0;0;0;0;0;0;0;0;0;0;0;0;0;0;0;0;3;3
"1388";0;0;0;0;0;0;0;0;0;0;0;0;0;0;0;0;0;3;3
"1389";0;0;0;0;0;0;0;0;0;0;0;0;0;0;0;0;0;2;2
"1390";0;0;0;0;0;0;0;0;0;0;0;0;0;0;0;0;0;2;2
"1391";0;0;0;0;0;0;0;0;0;0;0;0;0;0;0;0;0;0;0
"1392";0;0;0;0;0;0;0;0;0;0;0;0;0;0;0;0;0;0;0
"1393";0;0;0;0;0;0;0;0;0;0;0;0;0;0;0;0;0;2;2
"1394";0;0;0;0;0;0;0;0;0;0;0;0;0;0;0;0;0;0;0
"1395";0;0;0;0;0;0;0;0;0;0;0;0;0;0;0;0;0;0;0
"1396";0;0;0;0;0;0;0;0;0;0;0;0;0;0;0;0;0;2;2
"1397";0;0;0;0;0;0;0;0;0;0;0;0;0;0;0;0;0;2;2
"1398";0;0;0;0;0;0;0;0;0;0;0;0;0;0;0;0;0;2;2
"1399";0;0;0;0;0;0;0;0;0;0;0;0;0;0;0;0;0;0;1
"1400";0;0;0;0;0;0;0;0;0;0;0;0;0;0;0;0;0;2;2
"1401";0;0;0;0;0;0;0;0;0;0;0;0;0;0;0;0;0;3;3
"1402";0;0;0;0;0;0;0;0;0;0;0;0;0;0;0;0;0;2;2
"1403";0;0;0;0;0;0;0;0;0;0;0;0;0;0;0;0;0;2;2
"1404";0;0;0;0;0;0;0;0;0;0;0;0;0;0;0;0;0;2;2
"1405";0;0;0;0;0;0;0;0;0;0;0;0;0;0;0;0;0;2;2
"1406";0;0;0;0;0;0;0;0;0;0;0;0;0;0;0;0;0;2;2
"1407";0;0;0;0;0;0;0;0;0;0;0;0;0;0;0;0;0;3;3
"1408";0;0;0;0;0;0;0;0;0;0;0;0;0;0;0;0;0;3;3
"1409";0;0;0;0;0;0;0;0;0;0;0;0;0;0;0;0;0;2;2
"1410";0;0;0;0;0;0;0;0;0;0;0;0;0;0;0;0;0;2;2
"1411";0;0;0;0;0;0;0;0;0;0;0;0;0;0;0;0;0;2;2
"1412";0;0;0;0;0;0;0;0;0;0;0;0;0;0;0;0;0;3;3
"1413";0;0;0;0;0;0;0;0;0;0;0;0;0;0;0;0;0;3;3
"1414";0;0;0;0;0;0;0;0;0;0;0;0;0;0;0;0;0;3;3
"1415";0;0;0;0;0;0;0;0;0;0;0;0;0;0;0;0;0;0;1
"1416";0;0;0;0;0;0;0;0;0;0;0;0;0;0;0;0;0;2;2
"1417";0;0;0;0;0;0;0;0;0;0;0;0;0;0;0;0;0;0;1
"1418";0;0;0;0;0;0;0;0;0;0;0;0;0;0;0;0;0;3;3
"1419";0;0;0;0;0;0;0;0;0;0;0;0;0;0;0;0;0;3;3
"1420";0;0;0;0;0;0;0;0;0;0;0;0;0;0;0;0;0;3;3
"1421";0;0;0;0;0;0;0;0;0;0;0;0;0;0;0;0;0;3;3
"1422";0;0;0;0;0;0;0;0;0;0;0;0;0;0;0;0;0;3;3
"1423";0;0;0;0;0;0;0;0;0;0;0;0;0;0;0;0;0;3;3
"1424";0;0;0;0;0;0;0;0;0;0;0;0;0;0;0;0;0;0;1
"1425";0;0;0;0;0;0;0;0;0;0;0;0;0;0;0;0;0;0;1
"1426";0;0;0;0;0;0;0;0;0;0;0;0;0;0;0;0;0;2;2
"1427";0;0;0;0;0;0;0;0;0;0;0;0;0;0;0;0;0;3;3
"1428";0;0;0;0;0;0;0;0;0;0;0;0;0;0;0;0;0;2;2
"1429";0;0;0;0;0;0;0;0;0;0;0;0;0;0;0;0;0;3;3
"1430";0;0;0;0;0;0;0;0;0;0;0;0;0;0;0;0;0;2;2
"1431";0;0;0;0;0;0;0;0;0;0;0;0;0;0;0;0;0;2;2
"1432";0;0;0;0;0;0;0;0;0;0;0;0;0;0;0;0;0;2;2
"1433";0;0;0;0;0;0;0;0;0;0;0;0;0;0;0;0;0;3;3
"1434";0;0;0;0;0;0;0;0;0;0;0;0;0;0;0;0;0;3;3
"1435";0;0;0;0;0;0;0;0;0;0;0;0;0;0;0;0;0;2;2
"1436";0;0;0;0;0;0;0;0;0;0;0;0;0;0;0;0;0;2;2
"1437";0;0;0;0;0;0;0;0;0;0;0;0;0;0;0;0;0;0;0
"1438";0;0;0;0;0;0;0;0;0;0;0;0;0;0;0;0;0;0;1
"1439";0;0;0;0;0;0;0;0;0;0;0;0;0;0;0;0;0;0;1
"1440";0;0;0;0;0;0;0;0;0;0;0;0;0;0;0;0;0;0;1
"1441";0;0;0;0;0;0;0;0;0;0;0;0;0;0;0;0;0;0;1
"1442";0;0;0;0;0;0;0;0;0;0;0;0;0;0;0;0;0;0;1
"1443";0;0;0;0;0;0;0;0;0;0;0;0;0;0;0;0;0;0;1
"1444";0;0;0;0;0;0;0;0;0;0;0;0;0;0;0;0;0;0;1
"1445";0;0;0;0;0;0;0;0;0;0;0;0;0;0;0;0;0;3;3
"1446";0;0;0;0;0;0;0;0;0;0;0;0;0;0;0;0;0;0;1
"1447";0;0;0;0;0;0;0;0;0;0;0;0;0;0;0;0;0;0;1
"1448";0;0;0;0;0;0;0;0;0;0;0;0;0;0;0;0;0;0;1
"1449";0;0;0;0;0;0;0;0;0;0;0;0;0;0;0;0;0;0;1
"1450";0;0;0;0;0;0;0;0;0;0;0;0;0;0;0;0;0;3;3
"1451";0;0;0;0;0;0;0;0;0;0;0;0;0;0;0;0;0;3;3
"1452";0;0;0;0;0;0;0;0;0;0;0;0;0;0;0;0;0;0;1
"1453";0;0;0;0;0;0;0;0;0;0;0;0;0;0;0;0;0;0;1
"1454";0;0;0;0;0;0;4;4;4;4;4;4;4;4;4;4;4;4;4
"1455";0;0;0;0;0;0;0;0;0;0;0;0;0;0;0;0;0;0;0
"1456";0;0;0;0;0;0;0;0;0;0;0;0;0;0;0;0;0;3;3
"1457";0;0;0;0;0;0;0;0;0;0;0;0;0;0;0;0;0;3;3
"1458";0;0;0;0;0;0;0;0;0;0;0;0;0;0;0;0;0;0;0
"1459";0;0;0;0;0;0;0;0;0;0;0;0;0;0;0;0;0;3;3
"1460";0;0;0;0;0;0;0;0;0;0;0;0;0;0;0;0;0;0;0
"1461";0;0;0;0;0;0;0;0;0;0;0;0;0;0;0;0;0;3;3
"1462";0;0;0;0;0;0;0;0;0;0;0;0;0;0;0;0;0;3;3
"1463";0;0;0;0;0;0;4;4;4;4;4;4;4;4;4;4;4;4;4
"1464";0;0;0;0;0;0;4;4;4;4;4;4;4;4;4;4;4;4;4
"1465";0;0;0;0;0;0;0;0;0;0;0;0;0;0;0;0;0;3;3
"1466";0;0;0;0;0;0;0;0;0;0;0;0;0;0;0;0;0;0;1
"1467";0;0;0;0;0;0;4;4;4;4;4;4;4;4;4;4;4;4;4
"1468";0;0;0;0;0;0;4;4;4;4;4;4;4;4;4;4;4;4;4
"1469";0;0;0;0;0;0;4;4;4;4;4;4;4;4;4;4;4;4;4
"1470";0;0;0;0;0;0;0;0;0;0;0;0;0;0;0;0;0;0;1
"1471";0;0;0;0;0;0;4;4;4;4;4;4;4;4;4;4;4;4;4
"1472";0;0;0;0;0;0;4;4;4;4;4;4;4;4;4;4;4;4;4
"1473";0;0;0;0;0;0;4;4;4;4;4;4;4;4;4;4;4;4;4
"1474";0;0;0;0;0;0;4;4;4;4;4;4;4;4;4;4;4;4;4
"1475";0;0;0;0;0;0;4;4;4;4;4;4;4;4;4;4;4;4;4
"1476";0;0;0;0;0;0;0;0;0;0;0;0;0;0;0;0;0;0;1
"1477";0;0;0;0;0;0;0;0;0;0;0;0;0;0;0;0;0;3;3
"1478";0;0;0;0;0;0;0;0;0;0;0;0;0;0;0;0;0;0;1
"1479";0;0;0;0;0;0;0;0;0;0;0;0;0;0;0;0;0;0;1
"1480";0;0;0;0;0;0;0;0;0;0;0;0;0;0;0;0;0;0;1
"1481";0;0;0;0;0;0;0;0;0;0;0;0;0;0;0;0;0;0;1
"1482";0;0;0;0;0;0;0;0;0;0;0;0;0;0;0;0;0;0;1
"1483";0;0;0;0;0;0;0;0;0;0;0;0;0;0;0;0;0;0;1
"1484";0;0;0;0;0;0;0;0;0;0;0;0;0;0;0;0;0;2;2
"1485";0;0;0;0;0;0;0;0;0;0;0;0;0;0;0;0;0;0;0
"1486";0;0;0;0;0;0;0;0;0;0;0;0;0;0;0;0;0;0;1
"1487";0;0;0;0;0;0;0;0;0;0;0;0;0;0;0;0;0;0;1
"1488";0;0;0;0;0;0;0;0;0;0;0;0;0;0;0;0;0;0;1
"1489";0;0;0;0;0;0;0;0;0;0;0;0;0;0;0;0;0;0;0
"1490";0;0;0;0;0;0;0;0;0;0;0;0;0;0;0;0;0;0;0
"1491";0;0;0;0;0;0;0;0;0;0;0;0;0;0;0;0;0;0;0
"1492";0;0;0;0;0;0;0;0;0;0;0;0;0;0;0;0;0;0;0
"1493";0;0;0;0;0;0;0;0;0;0;0;0;0;0;0;0;0;0;1
"1494";0;0;0;0;0;0;0;0;0;0;0;0;0;0;0;0;0;0;1
"1495";0;0;0;0;0;0;0;0;0;0;0;0;0;0;0;0;0;2;2
"1496";0;0;0;0;0;0;0;0;0;0;0;0;0;0;0;0;0;0;0
"1497";0;0;0;0;0;0;0;0;0;0;0;0;0;0;0;0;0;0;0
"1498";0;0;0;0;0;0;0;0;0;0;0;0;0;0;0;0;0;2;2
"1499";0;0;0;0;0;0;0;0;0;0;0;0;0;0;0;0;0;0;0
"1500";0;0;0;0;0;0;0;0;0;0;0;0;0;0;0;0;0;0;0
"1501";0;0;0;0;0;0;0;0;0;0;0;0;0;0;0;0;0;3;3
"1502";0;0;0;0;0;0;0;0;0;0;0;0;0;0;0;0;0;0;0
"1503";0;0;0;0;0;0;0;0;0;0;0;0;0;0;0;0;0;3;3
"1504";0;0;0;0;0;0;0;0;0;0;0;0;0;0;0;0;0;0;0
"1505";0;0;0;0;0;0;0;0;0;0;0;0;0;0;0;0;0;0;1
"1506";0;0;0;0;0;0;0;0;0;0;0;0;0;0;0;0;0;3;3
"1507";0;0;0;0;0;0;0;0;0;0;0;0;0;0;0;0;0;0;0
"1508";0;0;0;0;0;0;0;0;0;0;0;0;0;0;0;0;0;0;0
"1509";0;0;0;0;0;0;0;0;0;0;0;0;0;0;0;0;0;0;0
"1510";0;0;0;0;0;0;0;0;0;0;0;0;0;0;0;0;0;0;0
"1511";0;0;0;0;0;0;0;0;0;0;0;0;0;0;0;0;0;0;0
"1512";0;0;0;0;0;0;0;0;0;0;0;0;0;0;0;0;0;0;1
"1513";0;0;0;0;0;0;0;0;0;0;0;0;0;0;0;0;0;0;1
"1514";0;0;0;0;0;0;0;0;0;0;0;0;0;0;0;0;0;0;0
"1515";0;0;0;0;0;0;0;0;0;0;0;0;0;0;0;0;0;0;0
"1516";0;0;0;0;0;0;0;0;0;0;0;0;0;0;0;0;0;0;0
"1517";0;0;0;0;0;0;0;0;0;0;0;0;0;0;0;0;0;0;0
"1518";0;0;0;0;0;0;0;0;0;0;0;0;0;0;0;0;0;0;1
