"";"V1";"V2";"V3";"V4";"V5"
"1";"transformer";"-0.349451829655713";"1.06909028793106";"0.9";"73"
"2";"donner";"-0.114005656764161";"1.07974709090662";"0.9";"76"
"3";"devant";"-0.244928672988985";"1.46699327206538";"0.9";"101"
"4";"intervention";"-0.206696846062464";"1.56181342215823";"0.9";"113"
"5";"david";"-0.0780628618310835";"0.768897036390557";"0.9";"121"
"6";"grand";"-0.0124218007214291";"0.556060251828301";"0.9";"125"
"7";"réalité";"-0.129678905556549";"1.17749896240796";"0.9";"127"
"8";"nouveau";"-0.241773411706479";"0.996668897645917";"0.9";"131"
"9";"lisa";"-0.215887425992589";"1.08257849237601";"0.9";"133"
"10";"découvrir";"-0.047386458546897";"0.508013788836115";"0.9";"134"
"11";"docteur";"-0.233283715342762";"1.12684281587309";"0.9";"135"
"12";"inconnu";"-0.269748492805437";"0.876166519005263";"0.9";"136"
"13";"suivant";"-0.151249242265027";"1.16651904632956";"0.9";"137"
"14";"place";"-0.298940578321285";"1.1394890796321";"0.9";"140"
"15";"héros";"-0.331418957270116";"0.793407652848015";"0.9";"141"
"16";"marine";"-0.359412706396693";"0.65605755530204";"0.9";"143"
"17";"invasion";"0.104226091668574";"0.271489911203644";"0.9";"144"
"18";"appeler";"-0.252337624255516";"1.22031324034361";"0.9";"145"
"19";"enlever";"-0.235566533104969";"1.05120391882024";"0.9";"148"
"20";"civilisation";"-0.357403754168676";"0.390635011399878";"0.9";"149"
"21";"préparer";"0.447003364196664";"0.599517121621523";"0.9";"152"
"22";"michel";"0.0265286047055415";"0.970696660827251";"0.9";"154"
"23";"mission";"0.025574290137209";"0.964604801008801";"0.9";"156"
"24";"géant";"-0.179174979496608";"0.127867931472726";"0.9";"158"
"25";"olivier";"0.113294694532213";"1.26308866907279";"0.9";"159"
"26";"animal";"-0.0558690526994084";"0.536150184330718";"0.9";"160"
"27";"recevoir";"-0.0401854502933625";"0.784012222143969";"0.9";"162"
"28";"nouvelle";"0.17627055228576";"0.789652615798565";"0.9";"163"
"29";"contact";"-0.472575149613831";"0.427575301148572";"0.9";"168"
"30";"dont";"-0.28434641056971";"1.03723853134086";"0.9";"169"
"31";"secret";"-0.320422853571164";"0.901894365515133";"0.9";"171"
"32";"extrait";"-0.125257653648624";"1.2477409281001";"0.9";"172"
"33";"françois";"-0.128155499448497";"0.780622712628327";"0.9";"173"
"34";"phénomène";"-0.10884140032412";"0.493213282786949";"0.9";"175"
"35";"vaisseau";"-0.0634768271214328";"0.478751243147169";"0.9";"176"
"36";"extra_terrestre";"0.32667845246584";"0.624804908573087";"0.9";"178"
"37";"partie";"-0.23088014526147";"0.530879048376164";"0.9";"179"
"38";"ou";"-0.340780946892249";"0.551375454297711";"0.9";"184"
"39";"ami";"0.355961783391936";"0.864351072047326";"0.9";"185"
"40";"fête";"0.271389279741693";"0.408329806167288";"0.9";"189"
"41";"atterrir";"-0.154509991624502";"1.21494595567974";"0.9";"190"
"42";"parvenir";"-0.0714183812881878";"0.0667214167553143";"0.9";"192"
"43";"soucoupe";"-0.201751878744946";"1.40278786969294";"0.9";"194"
"44";"raconter";"-0.324616698852793";"0.963940106806196";"0.9";"195"
"45";"afin";"-0.320930831248381";"0.82810469221956";"0.9";"196"
"46";"avant";"-0.337788505797628";"0.744374890078065";"0.9";"197"
"47";"peu";"-0.0558858894996154";"1.07195457587338";"0.9";"198"
"48";"rencontrer";"-0.0904062366231853";"1.09563473398787";"0.9";"199"
"49";"encore";"0.0197331208067565";"0.233873516128091";"0.9";"200"
"50";"croire";"-0.39283739143986";"0.463816901253425";"0.9";"201"
"51";"seul";"0.264305174677167";"0.558446321713439";"0.9";"202"
"52";"volant";"-0.243211440587774";"1.2542056223096";"0.9";"203"
"53";"ville";"-0.157507110972453";"0.741605095366671";"0.9";"205"
"54";"forme";"-0.144967203513149";"0.158799658749966";"0.9";"206"
"55";"famille";"-0.146438421565816";"0.914673619289792";"0.9";"207"
"56";"un";"-0.246782574830442";"0.586382124539567";"0.9";"209"
"57";"espace";"-0.346116652766415";"1.37377735864079";"0.9";"210"
"58";"notre";"-0.259560010741051";"0.871417451154623";"0.9";"211"
"59";"premier";"0.0135931350097321";"0.792687645614869";"0.9";"214"
"60";"ovni";"-0.314301300726393";"0.66361126876443";"0.9";"215"
"61";"au";"-0.196151994548512";"0.761985256433076";"0.9";"216"
"62";"leurs";"-0.0752295644395178";"0.408671147496518";"0.9";"217"
"63";"venir";"-0.287844095634689";"0.396217969060483";"0.9";"218"
"64";"jeune";"-0.364512658208071";"0.255560158622001";"0.9";"220"
"65";"tenter";"0.158423858420293";"1.27119522806599";"0.9";"221"
"66";"rentrer";"-0.359168058875728";"0.578263429424665";"0.9";"224"
"67";"base";"-0.377011730198402";"0.381738587900786";"0.9";"226"
"68";"commentaire";"-0.474954957750557";"-0.0267477119377673";"0.9";"227"
"69";"technologie";"-0.351953613355123";"0.678353129003981";"0.9";"228"
"70";"image";"0.0794645921651463";"0.779237375994431";"0.9";"231"
"71";"interview";"-0.372377051572168";"0.787956535713651";"0.9";"233"
"72";"servir";"-0.300035306480269";"1.47825819404013";"0.9";"234"
"73";"américain";"-0.313679327577704";"1.21525778094505";"0.9";"235"
"74";"film";"-0.267533274633913";"1.53586590954364";"0.9";"236"
"75";"présenter";"-0.21389649412426";"1.04094488291997";"0.9";"237"
"76";"organiser";"0.266241521529259";"0.0699193201985674";"0.9";"240"
"77";"cause";"-0.314919798870617";"0.811740526677379";"0.9";"244"
"78";"milieu";"0.328385816920034";"1.22030217816714";"0.9";"246"
"79";"nom";"-0.383233716379706";"0.506508586051868";"0.9";"247"
"80";"armée";"-0.394146292477476";"0.188876943379934";"0.9";"248"
"81";"sorte";"-0.230637952255203";"1.32151876132005";"0.9";"249"
"82";"voiture";"-0.192505755030144";"1.67670232940634";"0.9";"250"
"83";"new";"-0.292196404934044";"1.31822642467769";"0.9";"252"
"84";"on";"0.0388065659148588";"0.598932284922672";"0.9";"255"
"85";"victime";"-0.164597010767699";"1.7180964319011";"0.9";"256"
"86";"donc";"0.113501548332232";"1.22320571234971";"0.9";"258"
"87";"mois";"-0.366985872694495";"0.64823776453144";"0.9";"261"
"88";"visite";"-0.317205359100908";"0.845869990782581";"0.9";"262"
"89";"également";"-0.0217228006360315";"0.63316214077176";"0.9";"263"
"90";"certaines";"-0.593782654793052";"-0.278236381648277";"0.9";"264"
"91";"utiliser";"-0.453086237727354";"0.0602308159100591";"0.9";"265"
"92";"cours";"-0.0431375769525768";"0.751615990188717";"0.9";"266"
"93";"frère";"0.0412463877675263";"0.879428613715308";"0.9";"267"
"94";"dessin";"-0.354816545846982";"1.25410891197004";"0.9";"269"
"95";"mal";"-0.223788508750685";"1.70362673803077";"0.9";"271"
"96";"ennemi";"-0.473191088451625";"0.306543696095237";"0.9";"272"
"97";"université";"-0.418949130117846";"1.00698877732891";"0.9";"274"
"98";"envoyer";"0.084081971057662";"1.15294663526408";"0.9";"275"
"99";"aide";"-0.221516235330207";"1.24343974215767";"0.9";"277"
"100";"soir";"-0.274717910740522";"1.68865878186252";"0.9";"278"
"101";"arriver";"0.356337002219457";"0.380520399440548";"0.9";"281"
"102";"équipe";"-0.150660710592277";"0.768980446838553";"0.9";"285"
"103";"quand";"-0.267273899145444";"1.00553968929637";"0.9";"288"
"104";"livre";"-0.331613966083663";"1.08499743491232";"0.9";"289"
"105";"dire";"-0.311580601505088";"1.22421461096465";"0.9";"290"
"106";"décider";"0.0579184737314181";"1.13120008404289";"0.9";"291"
"107";"comprendre";"-0.0727666433699977";"0.0266671875775363";"0.9";"299"
"108";"deux";"0.155555771543951";"0.872679547257854";"0.9";"303"
"109";"dans";"-0.335133966398089";"0.357007182950438";"0.9";"304"
"110";"fry";"-0.20673949462569";"2.21153484268288";"0.9";"305"
"111";"zorbb";"-0.429208515037186";"1.01036199055981";"0.9";"306"
"112";"maître";"-0.26645497391926";"0.860079262657153";"0.9";"307"
"113";"bord";"-0.256237883073979";"1.04564534554665";"0.9";"308"
"114";"soudain";"-0.289294144667575";"1.39603055682772";"0.9";"309"
"115";"main";"-0.364169076107622";"0.985029634083942";"0.9";"311"
"116";"trois";"0.0586481948589912";"0.8993494292451";"0.9";"312"
"117";"perdre";"-0.414896731774649";"0.793147044099013";"0.9";"313"
"118";"spatial";"-0.0518308077150954";"1.05434723583542";"0.9";"314"
"119";"moment";"0.626445135523254";"0.972241259503417";"0.9";"315"
"120";"demander";"-0.243445690998329";"1.27836543790791";"0.9";"316"
"121";"pendant";"-0.106043846599662";"1.0167158933013";"0.9";"317"
"122";"empêcher";"0.10495934676518";"0.437040130429238";"0.9";"320"
"123";"apporter";"-0.441486933320954";"0.749283890065608";"0.9";"321"
"124";"au_dessus";"0.205890766664089";"0.663200187520411";"0.9";"322"
"125";"du";"0.230466116022182";"0.430359243226499";"0.9";"323"
"126";"recherche";"-0.12677999113246";"0.0552199024433313";"0.9";"324"
"127";"oeil";"-0.236569016633362";"1.40609076034513";"0.9";"325"
"128";"montrer";"-0.353386610057323";"0.505365279917704";"0.9";"327"
"129";"accompagner";"0.0986591534759894";"0.705755924853307";"0.9";"328"
"130";"tour";"-0.0212262914004108";"0.323861650470014";"0.9";"329"
"131";"ça";"-0.430130280737596";"0.819002928055511";"0.9";"330"
"132";"vrai";"-0.0107596819111584";"0.470729058960114";"0.9";"331"
"133";"ainsi";"-0.330372027373626";"0.69058106264658";"0.9";"332"
"134";"chien";"0.45300328914901";"0.541646136413942";"0.9";"333"
"135";"oeuf";"-0.351730084350539";"1.43640333337196";"0.9";"334"
"136";"participer";"-0.342793916807296";"0.958517570512509";"0.9";"336"
"137";"véritable";"-0.485806982165808";"0.589703712056863";"0.9";"337"
"138";"astronaute";"-0.483386547597803";"0.451011832472832";"0.9";"338"
"139";"enfant";"-0.266429494069003";"1.28304509315255";"0.9";"339"
"140";"prendre";"0.205549746744318";"1.44065200481999";"0.9";"341"
"141";"extraterrestre";"0.491969254625284";"-0.122266449411821";"0.9";"342"
"142";"neptuna";"-0.134815438512853";"1.46110382802059";"0.9";"343"
"143";"aider";"-0.366878944042342";"0.85931655653432";"0.9";"345"
"144";"travers";"0.0900692853014706";"1.13409109543677";"0.9";"346"
"145";"trop";"0.0538855689862887";"0.870805379718121";"0.9";"347"
"146";"suivre";"0.0230983989593805";"1.05464760483016";"0.9";"348"
"147";"incroyable";"-0.305283205337517";"1.38721471598118";"0.9";"349"
"148";"rencontre";"0.0360604333749823";"0.306249199520644";"0.9";"350"
"149";"curieux";"-0.324608236328189";"1.41582701665368";"0.9";"351"
"150";"répondre";"-0.277652841661843";"1.62489605125002";"0.9";"352"
"151";"nous";"-0.209737066444808";"0.776036559787056";"0.9";"356"
"152";"homme";"-0.138340855050872";"0.7625488612075";"0.9";"357"
"153";"extraire";"-0.196517737258098";"1.28349671422358";"0.9";"361"
"154";"émission";"-0.236368126717549";"1.20603808690072";"0.9";"363"
"155";"lemercier";"-0.223223006405467";"1.98260133226173";"0.9";"364"
"156";"valérie";"-0.380832694186958";"1.03140534814103";"0.9";"366"
"157";"fou";"-0.260913587020637";"1.26105469487482";"0.9";"367"
"158";"diffuser";"-0.23092854613178";"1.74781713531879";"0.9";"368"
"159";"comédien";"-0.34365063557807";"0.983151672381549";"0.9";"369"
"160";"royal";"0.107568602962348";"0.386214190684996";"0.9";"370"
"161";"non";"-0.301304413014733";"0.666701817917241";"0.9";"371"
"162";"diffusion";"-0.240058691198888";"2.15600180153719";"0.9";"372"
"163";"liste";"-0.215560506988003";"1.8745003149385";"0.9";"373"
"164";"rubrique";"0.150659816410052";"0.523861542950629";"0.9";"374"
"165";"garçon";"-0.26873097940947";"1.41803407875447";"0.9";"375"
"166";"acteur";"-0.296133790576471";"1.77791389606575";"0.9";"376"
"167";"présentation";"0.0394919353001388";"1.31421956195183";"0.9";"379"
"168";"surprise";"0.233567323153446";"0.691896485778406";"0.9";"381"
"169";"manège";"-0.20581703781307";"1.51333197750239";"0.9";"382"
"170";"samedi";"0.144300347384212";"0.609108063483521";"0.9";"383"
"171";"internet";"-0.355331257773156";"1.15061885140587";"0.9";"384"
"172";"animateur";"0.161716097921871";"1.72855053041097";"0.9";"385"
"173";"télé";"-0.247786036156463";"2.10366245276942";"0.9";"386"
"174";"direct";"-0.455132146757998";"1.08058612312141";"0.9";"387"
"175";"michaël";"-0.285513383168755";"1.94773945942478";"0.9";"388"
"176";"coup";"-0.21443359530392";"1.84552340446748";"0.9";"389"
"177";"chronique";"-0.168256083594272";"1.29841894554725";"0.9";"390"
"178";"voix";"-0.352613325318838";"0.757121587285959";"0.9";"391"
"179";"puis";"0.152060562708983";"1.29322268890089";"0.9";"392"
"180";"part";"0.0657648073741145";"1.03731788736216";"0.9";"393"
"181";"bande";"-0.129204564456804";"0.0218471563803087";"0.9";"394"
"182";"ailleurs";"0.246799851493952";"0.414626067415659";"0.9";"395"
"183";"heure";"0.117251241130185";"1.09280359982856";"0.9";"397"
"184";"album";"-0.168623121370726";"1.56896677566247";"0.9";"398"
"185";"fantôme";"-0.171106439355904";"1.29200609259273";"0.9";"400"
"186";"chanteur";"-0.281298949435665";"1.34956801291713";"0.9";"401"
"187";"janvier";"-0.214627187180021";"1.62112451541927";"0.9";"403"
"188";"france";"-0.170356872235774";"0.469750454078375";"0.9";"404"
"189";"13";"0.2480066158384";"0.28672377958419";"0.9";"405"
"190";"notamment";"-0.28096827490909";"1.14064600570708";"0.9";"407"
"191";"charlotte";"-0.22472105320384";"1.0175885624801";"0.9";"408"
"192";"crise";"-0.309599172044362";"0.131543822764962";"0.9";"409"
"193";"entretien";"-0.157541992755292";"1.95860409695897";"0.9";"410"
"194";"5";"-0.276047572101748";"0.862663377268932";"0.9";"411"
"195";"plateau";"0.113533932965513";"1.2083844150278";"0.9";"414"
"196";"depuis";"-0.438866281957558";"0.64362727631784";"0.9";"415"
"197";"légende";"-0.445687171165153";"0.634645365252349";"0.9";"416"
"198";"mon";"-0.215302490594768";"1.30046014576225";"0.9";"417"
"199";"chanson";"-0.217632072755817";"1.36796714376847";"0.9";"418"
"200";"30";"-0.0270354931155065";"0.0783415417634209";"0.9";"420"
"201";"sujet";"0.407687126699952";"0.707889356602135";"0.9";"422"
"202";"dernier";"-0.103291280926338";"0.933916171705921";"0.9";"423"
"203";"crop";"-0.165522457578217";"1.69374684057787";"0.9";"424"
"204";"auteur";"-0.282638612035726";"1.0730015294366";"0.9";"425"
"205";"signe";"-0.182248844512915";"1.56547052374104";"0.9";"426"
"206";"concours";"-0.189963503764498";"1.69035984976033";"0.9";"427"
"207";"monstre";"-0.293788025647756";"1.21474445051615";"0.9";"428"
"208";"responsable";"-0.211033800206701";"1.19684689915987";"0.9";"429"
"209";"monter";"-0.221615539941427";"1.23895299393734";"0.9";"430"
"210";"laquelle";"0.198499168674239";"1.13614554510227";"0.9";"431"
"211";"laure";"-0.189652348121002";"1.6630727119281";"0.9";"432"
"212";"xavier";"-0.0874082908038349";"1.15713970625015";"0.9";"433"
"213";"mère";"-0.210181325206882";"1.59761241032572";"0.9";"434"
"214";"christopher";"0.24188071062501";"1.43554917903207";"0.9";"435"
"215";"lorenzo";"-0.1898678567788";"1.66034443184861";"0.9";"436"
"216";"professeur";"-0.213370681322827";"1.62277932085836";"0.9";"437"
"217";"souvenir";"-0.251230571896315";"1.25839532872849";"0.9";"438"
"218";"militaire";"0.156993640737708";"0.67422902416955";"0.9";"439"
"219";"secte";"-0.199045923196329";"1.80743958742149";"0.9";"441"
"220";"sous";"-0.0933054582851809";"-0.0517416864920813";"0.9";"444"
"221";"fils";"0.086983412669432";"1.05632691658984";"0.9";"445"
"222";"site";"-0.252304352405158";"0.728901722738223";"0.9";"447"
"223";"identifier";"-0.567077660287861";"0.324475728050349";"0.9";"448"
"224";"apprendre";"0.244243791921349";"0.679724088621973";"0.9";"450"
"225";"eliot";"-0.333756369704846";"1.3078052527724";"0.9";"451"
"226";"salvatore";"-0.319852397393885";"1.28944554778496";"0.9";"452"
"227";"robbie";"-0.316871306060789";"1.33734136263627";"0.9";"453"
"228";"sortir";"-0.0689166189910083";"1.04250003302705";"0.9";"456"
"229";"agir";"-0.461190160320818";"0.338647929231698";"0.9";"457"
"230";"vieux";"-0.27791020858781";"1.15883629253768";"0.9";"460"
"231";"penser";"0.088247939519017";"0.791587998994286";"0.9";"461"
"232";"je";"-0.293565352839204";"1.12348779132261";"0.9";"462"
"233";"souvent";"-0.357945035262092";"0.90933504177504";"0.9";"463"
"234";"ma";"-0.272308569538204";"1.32822264795434";"0.9";"465"
"235";"fruit";"-0.283880607194693";"1.14766974441164";"0.9";"466"
"236";"chambre";"-0.257844397869067";"1.45877654613236";"0.9";"467"
"237";"alain";"-0.302297064936552";"1.55154494172285";"0.9";"468"
"238";"26";"0.170339690031782";"0.77208571239087";"0.9";"470"
"239";"capable";"-0.543388575172602";"0.14287568354123";"0.9";"472"
"240";"musique";"-0.25333210644024";"1.73552772900314";"0.9";"473"
"241";"ligue";"-0.243232462480227";"1.53039191584671";"0.9";"476"
"242";"toute";"-0.267257481948891";"-0.00714827863271722";"0.9";"477"
"243";"style";"0.322853828762211";"0.852194228762043";"0.9";"478"
"244";"plan";"-0.525317457190356";"0.143458541898779";"0.9";"479"
"245";"culture";"0.149097196672993";"1.13866981900756";"0.9";"480"
"246";"toujours";"-0.0126402845798175";"0.640380631442683";"0.9";"481"
"247";"face";"-0.0390694543383987";"0.23918868902028";"0.9";"482"
"248";"express";"-0.410658498553897";"0.49504525894279";"0.9";"484"
"249";"découverte";"-0.000200652018426442";"-0.165966559908683";"0.9";"485"
"250";"laurent";"0.349642872273753";"1.20869092797819";"0.9";"486"
"251";"évolution";"-0.282057608326463";"0.514252656604372";"0.9";"487"
"252";"théâtre";"-0.360120599662552";"0.727849434923933";"0.9";"488"
"253";"chaque";"0.0550492569426445";"0.377974823161579";"0.9";"489"
"254";"aliens";"0.275384081737928";"0.148852524798083";"0.9";"491"
"255";"parler";"0.412504672421857";"0.949833650595927";"0.9";"492"
"256";"inviter";"-0.335064768255695";"1.04567036448502";"0.9";"496"
"257";"photo";"-0.199224435317785";"1.77826572313852";"0.9";"497"
"258";"compagnie";"-0.30950753785498";"1.09719379163462";"0.9";"498"
"259";"étrange";"-0.545206507956986";"-0.529079152868444";"0.9";"499"
"260";"twiste";"-0.205164634141349";"1.90550302447008";"0.9";"500"
"261";"19";"-0.34608116590791";"1.26796964254642";"0.9";"502"
"262";"scientologie";"-0.20516463414135";"1.90550302447008";"0.9";"503"
"263";"délirant";"-0.213201617614068";"1.86814691373898";"0.9";"504"
"264";"maloney";"-0.205164634141321";"1.90550302447005";"0.9";"505"
"265";"cafard";"-0.205164634141349";"1.90550302447008";"0.9";"507"
"266";"supervilains";"-0.205164634141349";"1.90550302447008";"0.9";"508"
"267";"gorg";"-0.205164634141349";"1.90550302447008";"0.9";"509"
"268";"oggy";"-0.205164634141349";"1.90550302447008";"0.9";"510"
"269";"marionnette";"-0.205164634141349";"1.90550302447008";"0.9";"511"
"270";"show";"-0.171572320049139";"1.86570663650954";"0.9";"512"
"271";"poilu";"-0.208571038575379";"1.91625959430814";"0.9";"513"
"272";"bunny";"-0.223713142344193";"1.63954735430375";"0.9";"514"
"273";"inédit";"-0.235518250424242";"1.58676631854649";"0.9";"515"
"274";"couple";"-0.231234278409625";"1.79638675799952";"0.9";"516"
"275";"quatre";"-0.348987085910563";"1.04163756815069";"0.9";"517"
"276";"évoquer";"0.468572815795825";"0.742541163908649";"0.9";"519"
"277";"51";"-0.349080730225619";"1.10698916704906";"0.9";"520"
"278";"pari";"-0.0820725179581883";"0.914860186191387";"0.9";"521"
"279";"succès";"-0.371195275119235";"1.28428841538829";"0.9";"523"
"280";"portrait";"0.209331961123066";"1.23260039523753";"0.9";"524"
"281";"relation";"-0.353106367361416";"1.0290409132892";"0.9";"525"
"282";"reportage";"-0.220836837781332";"1.44967417900706";"0.9";"526"
"283";"expert";"0.119705213722357";"0.347977773448262";"0.9";"527"
"284";"32";"-0.409902792793769";"0.683269628345563";"0.9";"529"
"285";"visiteur";"-0.533351494328369";"0.257523342801219";"0.9";"530"
"286";"59";"0.228883965802998";"0.933055865092767";"0.9";"532"
"287";"52";"-0.381672348393536";"1.0873586682755";"0.9";"533"
"288";"programme";"0.120054357507763";"1.15104408360319";"0.9";"534"
"289";"projet";"-0.275675082546442";"1.22479474995033";"0.9";"535"
"290";"beaucoup";"-0.337789164327624";"0.985388478191611";"0.9";"536"
"291";"37";"-0.312712516762908";"1.1895160953205";"0.9";"539"
"292";"24";"0.177145445729876";"0.510286921879054";"0.9";"540"
"293";"amour";"-0.193036562326258";"1.53046927243272";"0.9";"541"
"294";"33";"-0.418309968073314";"0.76301904828407";"0.9";"542"
"295";"echoué";"-0.199695074302582";"2.34059954790715";"0.9";"543"
"296";"traverser";"-0.207021282077061";"2.25304788623056";"0.9";"544"
"297";"survivre";"-0.34240100173465";"1.6533551284107";"0.9";"545"
"298";"inattendu";"-0.20339665660504";"2.34359568678866";"0.9";"547"
"299";"malgré";"-0.200539623353284";"2.05359943674965";"0.9";"549"
"300";"époque";"-0.292500720145038";"1.69200449287675";"0.9";"551"
"301";"trace";"-0.315722274417355";"1.29215265970755";"0.9";"552"
"302";"humanité";"-0.202974196557064";"0.607800393218623";"0.9";"553"
"303";"g";"-0.188302458329261";"1.8584623497581";"0.9";"554"
"304";"toutes";"-0.275483443481293";"1.68482398381125";"0.9";"555"
"305";"corps";"-0.0420867536882226";"1.08814911105559";"0.9";"556"
"306";"43";"-0.382376969366905";"0.998642898191748";"0.9";"557"
"307";"publier";"-0.293765003226121";"1.55101925773511";"0.9";"558"
"308";"41";"0.163578462795409";"1.10357572731838";"0.9";"559"
"309";"invité";"0.526766585096541";"0.879914513290231";"0.9";"560"
"310";"visage";"-0.50043277736983";"0.10261012199756";"0.9";"561"
"311";"blanc";"-0.367452823668566";"1.18021661841282";"0.9";"563"
"312";"dieu";"-0.421316415146345";"0.640337627078785";"0.9";"564"
"313";"documentaire";"-0.231540560161126";"2.16669004761689";"0.9";"565"
"314";"hier";"-0.369695223132027";"1.06709208835934";"0.9";"566"
"315";"entrer";"-0.34711190652806";"1.26512819597925";"0.9";"568"
"316";"09";"-0.129420862870129";"0.462447919383506";"0.9";"570"
"317";"10";"-0.102197225302318";"0.263656040198654";"0.9";"571"
"318";"jour";"0.247063487020807";"1.15087298048085";"0.9";"572"
"319";"enquête";"-0.314643503564888";"0.902145752837218";"0.9";"573"
"320";"public";"-0.201453671104431";"1.34809133129727";"0.9";"574"
"321";"vidéo";"-0.349151913215093";"1.19205344875931";"0.9";"575"
"322";"après";"-0.546067851683335";"-0.354183170325151";"0.9";"577"
"323";"occasion";"0.0322445194107289";"1.15624948485512";"0.9";"578"
"324";"pierre";"-0.24889135964115";"1.81870909979647";"0.9";"580"
"325";"journée";"-0.290955607934503";"1.52779349216206";"0.9";"581"
"326";"consacrer";"-0.42075166860014";"0.575771905463344";"0.9";"582"
"327";"lune";"0.259711847488994";"1.50930688785109";"0.9";"585"
"328";"bon";"-0.302809225157801";"1.31642318757765";"0.9";"586"
"329";"recette";"-0.271698242284837";"1.41421055546342";"0.9";"587"
"330";"gouvernement";"-0.604746518456354";"-0.234271375477841";"0.9";"588"
"331";"air";"-0.397197789633266";"0.996453280566916";"0.9";"589"
"332";"permettre";"-0.415114769810598";"0.462603518738871";"0.9";"590"
"333";"tendance";"-0.281011683886632";"1.4052190637091";"0.9";"591"
"334";"différents";"-0.274476069182973";"0.821959323869805";"0.9";"592"
"335";"humain";"-0.308033734486828";"-0.130608311847461";"0.9";"593"
"336";"entourer";"0.202970770668617";"-0.2789747562412";"0.9";"595"
"337";"théorie";"-0.448468292556317";"0.0220990839469384";"0.9";"597"
"338";"valentin";"-0.588800414835635";"-0.546603178834051";"0.9";"600"
"339";"certains";"-0.352080503534453";"0.992929628797769";"0.9";"601"
"340";"groupe";"0.107867349078832";"0.181059824712842";"0.9";"602"
"341";"créer";"-0.371022166572219";"0.755646350314646";"0.9";"603"
"342";"année";"0.406543079767832";"-0.0807389589686472";"0.9";"604"
"343";"vie";"-0.0290952566392151";"0.21396391624224";"0.9";"605"
"344";"vivre";"-0.252673074803444";"0.65331388798401";"0.9";"606"
"345";"nuit";"-0.322052583096952";"1.09048841602104";"0.9";"607"
"346";"réussir";"-0.362140918868093";"0.813109923394015";"0.9";"608"
"347";"avenir";"0.129638579612844";"1.04969761135304";"0.9";"609"
"348";"15";"-0.228336150402448";"0.185529183798625";"0.9";"610"
"349";"sentir";"-0.267030365596933";"1.11774182790146";"0.9";"611"
"350";"chef";"0.0439500817609037";"1.28276951300624";"0.9";"612"
"351";"beau";"-0.257708913036714";"1.43938006314649";"0.9";"613"
"352";"mener";"-0.30741017639344";"0.781735462862749";"0.9";"616"
"353";"affirmer";"-0.41218585385416";"0.725950331589035";"0.9";"617"
"354";"quelques";"-0.247100446364221";"-0.0855756300051863";"0.9";"618"
"355";"étude";"-0.394784896710673";"1.14453952526027";"0.9";"619"
"356";"parisien";"0.293129727849449";"1.13084783494929";"0.9";"620"
"357";"tourner";"-0.265768912660068";"1.6341440546972";"0.9";"621"
"358";"composer";"0.239172890106233";"0.448637125695316";"0.9";"622"
"359";"long";"-0.556982466534009";"0.257957858708428";"0.9";"623"
"360";"rick";"-0.0955182233748241";"1.22656771190754";"0.9";"624"
"361";"doo";"-0.224539954640693";"1.26103822888416";"0.9";"625"
"362";"scooby";"-0.27368323638614";"1.02391974246124";"0.9";"626"
"363";"apparence";"0.922178819287484";"0.840521993450466";"0.9";"628"
"364";"cela";"-0.325691458024309";"0.757758621388886";"0.9";"629"
"365";"cet";"-0.335277367037591";"1.00180233592229";"0.9";"630"
"366";"comment";"-0.289245638026924";"1.57039824278899";"0.9";"631"
"367";"plusieurs";"-0.304853257472716";"0.868860032639048";"0.9";"634"
"368";"confronter";"-0.301206820514843";"0.943225744943628";"0.9";"635"
"369";"conseil";"-0.256509506939986";"1.24569610885825";"0.9";"636"
"370";"mot";"0.148579652111546";"0.745765715603856";"0.9";"638"
"371";"différent";"0.0290861671926352";"0.152455845620732";"0.9";"639"
"372";"marc";"-0.307245362160954";"1.16686464865285";"0.9";"640"
"373";"aimer";"-0.222071694157902";"1.55762323652404";"0.9";"641"
"374";"tuer";"0.0328964535166077";"0.564286550473284";"0.9";"642"
"375";"mort";"0.0359913727663488";"0.533414261504785";"0.9";"643"
"376";"point";"-0.00331130477375608";"0.0569741403564639";"0.9";"644"
"377";"matin";"-0.49960028390153";"-0.264382808605666";"0.9";"646"
"378";"témoignage";"0.0574032570643298";"0.935224210224156";"0.9";"647"
"379";"vous";"-0.440431785107293";"0.0485006151753053";"0.9";"649"
"380";"bout";"-0.17456128236352";"0.954976048157988";"0.9";"650"
"381";"nombre";"-0.00530891701373572";"-0.254285390404973";"0.9";"651"
"382";"espoir";"-0.413572911692396";"0.399185156485401";"0.9";"652"
"383";"000";"0.100381870242967";"0.686513250003098";"0.9";"653"
"384";"près_de";"0.0111283444812351";"0.513777736091519";"0.9";"654"
"385";"08";"0.375273019514328";"0.410185742091246";"0.9";"655"
"386";"17";"-0.0626754174578967";"0.597920698690419";"0.9";"656"
"387";"magazine";"0.0822940938426639";"0.715197655902016";"0.9";"657"
"388";"semaine";"-0.158055914042846";"0.342537357033309";"0.9";"658"
"389";"40";"-0.251854828827327";"0.06682507929761";"0.9";"660"
"390";"12";"0.0573268873433678";"0.992115055184493";"0.9";"662"
"391";"partir";"0.00210546984641402";"0.00993558851747138";"0.9";"663"
"392";"élection";"-0.366846988158105";"0.288357867815645";"0.9";"665"
"393";"présidentiel";"-0.62165727817523";"-0.746796407667187";"0.9";"666"
"394";"candidat";"-0.501439115915153";"-0.00396762354141545";"0.9";"667"
"395";"sans";"-0.130112322687452";"0.463687564997759";"0.9";"668"
"396";"région";"-0.275106868907371";"1.24464564999153";"0.9";"669"
"397";"défense";"-0.30320842752059";"1.39484384431515";"0.9";"671"
"398";"puissant";"0.0899407488189268";"0.157939374033705";"0.9";"673"
"399";"jean";"-0.459140079334891";"-0.352566331300377";"0.9";"677"
"400";"comportement";"-0.682863375638387";"-1.28581111797586";"0.9";"683"
"401";"boucher";"-0.742111310130188";"-1.75146485498399";"0.9";"686"
"402";"claude";"-0.471195810005703";"-0.252004359014413";"0.9";"695"
"403";"00";"0.243550072491656";"-0.0940182635145994";"0.9";"697"
"404";"politique";"-0.340874931843949";"-0.323877589197977";"0.9";"704"
"405";"meilleur";"-0.140714342480854";"-0.406957776182146";"0.9";"706"
"406";"loi";"-0.489305878990506";"0.145849592936554";"0.9";"707"
"407";"marcher";"-0.439894864285235";"0.325766186177948";"0.9";"708"
"408";"chroniqueur";"0.0127994586642001";"-0.0436635503838234";"0.9";"709"
"409";"vincent";"-0.429399972911843";"0.587222924579185";"0.9";"710"
"410";"ex_membre";"5.85461208687454";"-1.48678910758302";"0.9";"748"
"411";"revel";"5.30488513712415";"-1.50884541986643";"0.9";"759"
"412";"fédération";"5.35330699233504";"-1.33056616185665";"0.9";"763"
"413";"iran";"-0.149124870775761";"0.477135256578263";"0.9";"773"
"414";"emploi";"-0.213872889647704";"0.193399777849986";"0.9";"775"
"415";"daam";"-0.451364731149057";"-0.488678136344083";"0.9";"777"
"416";"spécialiste";"-0.283277193817894";"1.02043844473895";"0.9";"778"
"417";"frédéric";"-0.0425188814893841";"0.656334506342261";"0.9";"779"
"418";"république";"-0.43070489535799";"-0.362541151280799";"0.9";"780"
"419";"cas";"-0.397298373922768";"0.490311661989099";"0.9";"781"
"420";"39";"0.0352119711896574";"0.656544525545749";"0.9";"782"
"421";"édition";"-0.395074163917685";"0.728111617749698";"0.9";"783"
"422";"25";"0.0109465592026337";"1.11011458682611";"0.9";"784"
"423";"prochain";"-0.263060543752711";"1.37628506345877";"0.9";"785"
"424";"menace";"-0.00245058562507526";"-0.214556785954476";"0.9";"786"
"425";"travailler";"-0.366578749849857";"0.455922598231939";"0.9";"787"
"426";"14";"-0.399381090114109";"0.436585318210059";"0.9";"788"
"427";"29";"-0.0125705229528351";"0.715562342744678";"0.9";"789"
"428";"question";"-0.324498292181532";"0.682561803043411";"0.9";"791"
"429";"mathieu";"-0.645495861570688";"-1.02142602329533";"0.9";"792"
"430";"sommaire";"0.418620401350118";"0.405734877979778";"0.9";"793"
"431";"hassaine";"-0.814259335586059";"-1.58438360819092";"0.9";"794"
"432";"carbonnier";"-0.582032224528764";"-0.0383870675669707";"0.9";"797"
"433";"bellver";"-0.545477957047523";"0.204964239753466";"0.9";"798"
"434";"chalumeau";"-0.545477957047523";"0.204964239753466";"0.9";"799"
"435";"ambre";"-0.539976625741433";"0.144249311802962";"0.9";"801"
"436";"julien";"-0.501160223359636";"0.383062907181384";"0.9";"802"
"437";"pernin";"-0.742385224364935";"-1.30328847618107";"0.9";"803"
"438";"cabrol";"-0.612322717275366";"-0.24003879025705";"0.9";"804"
"439";"frontière";"-0.694677969620488";"-1.02002560537268";"0.9";"805"
"440";"nathalie";"-0.567984572867352";"-0.0253221689872771";"0.9";"807"
"441";"paul";"-0.355966483127367";"0.516388428242388";"0.9";"810"
"442";"seuil";"-0.629952104588206";"-0.35740222674334";"0.9";"811"
"443";"bristielle";"-0.568516360922255";"0.0515915670725186";"0.9";"812"
"444";"astrobiologiste";"-0.607835236868463";"-0.210164460969631";"0.9";"814"
"445";"animation";"-1.07936769045455";"-2.48783214099559";"0.9";"818"
"446";"voler";"-1.04839447784778";"-2.29076662151028";"0.9";"822"
"447";"entraîner";"-1.04236533099343";"-2.35297506018581";"0.9";"823"
"448";"grandir";"-1.04349128989695";"-2.32209051988629";"0.9";"824"
"449";"manquer";"-1.03113474267353";"-2.27301891410973";"0.9";"825"
"450";"antoine";"0.180072212041904";"0.0477786870646375";"0.9";"826"
"451";"quitter";"-0.872499330725265";"-1.85474095684317";"0.9";"827"
"452";"courir";"-0.762510961019826";"-2.07783527410361";"0.9";"838"
"453";"propre";"-0.971884500559515";"-1.98243508150915";"0.9";"839"
"454";"aujourd_hui";"-0.877554139155326";"-1.5249468646249";"0.9";"842"
"455";"créature";"-0.994802222573825";"-1.84326191701473";"0.9";"843"
"456";"didier";"-0.723451755759812";"-2.21786940941438";"0.9";"844"
"457";"eau";"-0.287812160943409";"1.84150625910966";"0.9";"845"
"458";"glacier";"-0.29819908879207";"1.8511642598623";"0.9";"846"
"459";"vinci";"-0.29819908879207";"1.8511642598623";"0.9";"847"
"460";"crabe";"-0.29819908879207";"1.8511642598623";"0.9";"848"
"461";"éléphant";"-0.293119457636788";"1.79696877768715";"0.9";"849"
"462";"respirer";"-0.2938514438103";"1.8235599723826";"0.9";"851"
"463";"chrono";"-0.30941752823064";"1.69665079791137";"0.9";"852"
"464";"duo";"-0.0742634605715555";"1.70533321952669";"0.9";"853"
"465";"quoi";"-0.303944300717123";"1.73059455667679";"0.9";"854"
"466";"tromper";"-0.125690208582734";"1.53276927185505";"0.9";"855"
"467";"former";"-0.321081926055648";"1.64747233762894";"0.9";"856"
"468";"hors";"-0.132776066820507";"1.52155036504378";"0.9";"857"
"469";"minute";"-0.308573625913376";"1.64349782745055";"0.9";"858"
"470";"pauline";"-0.29819908879207";"1.8511642598623";"0.9";"859"
"471";"claviere";"-0.29819908879207";"1.8511642598623";"0.9";"860"
"472";"mazaurette";"-0.461827947531627";"0.761844204138107";"0.9";"861"
"473";"maïa";"-0.465569979644174";"0.736932518872066";"0.9";"862"
"474";"belhousse";"-0.29819908879207";"1.8511642598623";"0.9";"863"
"475";"yacine";"-0.29819908879207";"1.8511642598623";"0.9";"864"
"476";"depétrini";"-0.29819908879207";"1.8511642598623";"0.9";"866"
"477";"réputation";"-0.283970442602523";"1.88106990072532";"0.9";"867"
"478";"omar";"-0.29819908879207";"1.8511642598623";"0.9";"868"
"479";"giorgio";"-0.469836627263341";"0.92614424452249";"0.9";"870"
"480";"tsoukalos";"-0.479372046067301";"0.874754243670278";"0.9";"871"
"481";"laurie";"-0.29819908879207";"1.8511642598623";"0.9";"872"
"482";"peret";"-0.29819908879207";"1.8511642598623";"0.9";"873"
"483";"chaouch";"-0.29819908879207";"1.8511642598623";"0.9";"874"
"484";"margot";"-0.391073786182328";"1.40515240338938";"0.9";"875"
"485";"théoricien";"-0.592340344915076";"0.123432614238992";"0.9";"876"
"486";"ukrainien";"-0.285730903229104";"1.7181389854324";"0.9";"877"
"487";"italie";"-0.370015741030416";"1.3602673023191";"0.9";"878"
"488";"anne";"-0.30400126342951";"1.21654390558458";"0.9";"881"
"489";"selon";"-0.52805074108142";"0.269966720135074";"0.9";"883"
