"";"X.chaine_6ter";"X.chaine_ARTE";"X.chaine_C8";"X.chaine_Canal";"X.chaine_CanalFamily";"X.chaine_D17";"X.chaine_Direct8";"X.chaine_France2";"X.chaine_France3";"X.chaine_France4";"X.chaine_France5";"X.chaine_FranceO";"X.chaine_Gulli";"X.chaine_LaCinquième";"X.chaine_M6";"X.chaine_MonteCarloTMC";"X.chaine_NRJ12";"X.chaine_NT1";"X.chaine_Numéro23";"X.chaine_RMCDécouverteHD24";"X.chaine_RMCStory";"X.chaine_TF1";"X.chaine_TFX";"X.chaine_W9"
"devenir";0;0;0,32;0,82;0;0;1,93;1,8;0;0,12;0,78;0;3,23;0;0,61;0,23;0;3,65;0;0;0,4;1,88;0;0
"lors";0;0,44;0,32;0,14;0;0;0,96;0,54;0,47;0,06;0,78;0;0;0;0;0,46;1,14;0;0;0;0;0,75;10,2;0
"accidentellement";0;0;0;0,14;0;0;0;0;0,47;0;0;0;0;0;0;0;13,63;0;0;0;0;0;0;0
"maloney";0;0;0;1,92;0;0;0;0;0;0;0;0;0;0;0;0;0;0;0;0;0;0;0;0
"évolution";0;0;0;0;12,35;0;0;0,18;2,8;0;0;0;0;0;0;0;0;0;6,41;0;0,4;0;0;0
"substance";0;0;0;0;0;0;0;0,18;0;0;0;0;0;0;0;0;0,57;0;0;0;1,81;0;0;0
"karim";0;0;4,22;0;0;0;0;0;0;0;0,39;0;0;0;0;0;0;0;0;0;0;0;0;0
"vigi";0;0;4,55;0;0;0;0;0;0;0;0;0;0;0;0;0;0;0;0;0;0;0;0;0
"rythmé";0;0,44;0;0;0;0;0;0;0;5,05;0;0;0;0;0;0;0;0;0;0;0;0;0;0
"unir";0;0,88;0;0,41;0;0;0;0,36;0;0,06;0;0;5,39;0;0,61;0,46;0;0;0;0,99;3,22;0;0;0
"leurs";0;0,88;0,32;2,88;0;0;2,25;2,89;1,87;0,19;1,96;0;3,23;0;1,22;0,69;0;3,65;3,21;1,98;1,81;1,32;0;0
"sortir";0;2,2;0;0,55;0;0;0;0,36;1,4;0,12;0,78;0;0;0;0,61;0;0;0;0;0;0,2;1,32;0;0
"commentaire";0;1,32;1,3;0,69;0;0;0;0;0;0;0;0;0;0;0;2,07;0;0;0;0;0;0;0;0
"machine";0;0;0;0,14;0;0;0;0;0;0;0;0;2,16;0;1,83;0;0;0;0;0,99;0,2;0,38;0;0
"zorbb";0;0;0;0;0;0;0;0;5,13;0;0;0;0;0;0;0;0;0;0;0;0;0;0;0
"réalisateur";0;0,44;0;0,41;0;0;0,32;0,18;0;0;0,39;0;0;0;0;0;0;0;0;0;0;0,56;0;0
"sentir";0;0;0,32;0,41;0;0;0;1,62;0;0;0,39;0;0;0;0;0;0;3,65;0;0;0;0,56;0;0
"peur";4,07;0;0,65;0,55;0;0;0;0,18;0,47;0;0;0;0;0;0;0;0;0;0;0;0,2;0,38;0;0
"député";0;0,44;8,44;0;0;0;0;0,18;0;0;0,39;0;0;0;0;0,69;0;0;0;0;0;0;0;0
"espèce";4,07;0;0;0,27;0;0;0;0;0;0;0;0;0;0;0,61;0,23;0;0;0;1,98;0,2;0,38;0;0
"toute";0;0;0,65;0,41;0;0;0,64;0,54;1,4;0,19;0;0;1,08;0;0;0,23;0,57;0;0;0;0,6;0,38;0;0
"affaire";0;1,76;2,92;0,27;0;0;0;0,36;0;0,06;0;0;0;0;1,22;0,46;0;0;0;0;0;0,56;0;0
"chronique";0;1,76;0;0;0;0;1,28;3,97;0;0;0,39;0;0;0;0;0;0;0;0;0;0;0,56;0;0
"vigier";0;0;4,55;0;0;0;0;0;0;0;0;0;0;0;0;0;0;0;0;0;0;0;0;0
"ambre";0;0;0;0,41;0;0;0;0;0;0,06;0;0;0;0;0;11,05;0;0;0;0;0;0;0;0
"rick";0;0;0;0;0;0;0;0;0;0,81;0;0;0;0;0;0;0;0;0;0;0;0;0;0
"guerre";0;0;0;0,82;0;0;0;0,18;0;0,06;0;0;0;0;0;0,69;0;0;0;0;0;0,38;30,61;0
"souvenir";8,13;0;0;0,27;0;0;0;0,18;0,47;0,12;0,39;0;0;0;0;0;0;0;0;0;0;1,32;0;0
"demander";4,07;0;0;0,41;0;0;0,64;0;0,93;0,12;0,39;0;2,16;0;0;0,23;0;0;0;0;0,2;1,13;0;0
"parler";0;0;0,97;0,14;0;0;1,6;1,99;0,47;0;0;0;0;0;0,61;0,46;0;1,82;0;0;0;0,56;0;0
"fry";0;0;0;0,14;0;0;0;0;0;0;0;0;0;0;0;0;29,53;0;0;0;0;0;0;0
"penser";0;0;0;0;0;0;0,96;0,72;0,47;0,06;1,18;38,46;1,08;0;1,83;0;0,57;0;0;1,98;0,81;0,94;0;0
"suivre";0;0,88;0,32;0,14;0;0;0,64;0,72;0,47;0;0,78;0;0;0;0,61;0,46;0;0;0;0;0,4;0,38;0;0
"superhéros";0;0;0;0,14;0;0;0;0;0;3,43;0;0;0;0;0,61;0;0;0;0;0;0;0;0;0
"évoquer";0;3,08;1,95;0,27;0;0;6,42;0;0;0;0,39;0;0;0;0;0,92;0;0;0;1,98;1,01;0;0;0
"emploi";0;4,39;0,32;0;0;0;0;0;0;0;0;0;0;0;0;0;0;0;0;0;0;0;0;0
"tête";0;0,88;0,32;0,69;0;0;0;0,18;0,47;6,48;0,78;0;1,08;0;0,61;0,46;0;0;0;0;0;0,56;0;0
"empêcher";0;0;0;0,27;0;0;0,32;0;0,47;0;0,78;0;0;0;0;0,23;0;0;0;0;0,2;0,56;0;0
"marcher";0;0,44;0;0;0;0;0,64;0,54;0,47;0;1,18;0;0;0;0;0;0;1,82;0;0;0,2;0;0;0
"possible";0;0;0;0;0;0;0;0,36;0,47;0;0;0;0;0;0;0,23;0;0;0;0,99;2,22;0,75;0;0
"hassaine";0;0;0;0;0;0;0;0;0;0;0;0;0;0;0;2,53;0;0;0;0;0;0;0;0
"théorie";0;0;0;0;12,35;0;0;0;0;0;0;0;0;0;0;0;0;0;19,23;2,97;1,21;0;0;0
"fou";0;0;0;0;0;0;0;0,54;0,47;0;0,78;0;0;0;0,61;0;0;0;0;0;0,2;2,07;0;0
"expérience";0;0,44;0;0;0;0;0,32;0,36;0;0,06;0;0;0;0;0;0;0,57;3,65;0;0,99;0,6;0;0;0
"technologie";0;0,44;0;0,69;0;0;0;0;0;0;0;0;0;0;0;0;0;0;12,82;1,98;1,61;0,38;0;0
"observation";0;0;0;0,14;0;0;0;0;0;0;0;0;0;0;0;0;0;0;0;0;2,01;0;0;0
"sol";0;0;0;0;0;0;0;0,36;0;0;0,78;0;0;0;0;0;0;0;0;0;0,6;0,56;0;0
"son";16,26;1,76;0,97;4,11;0;0;6,74;8,84;13,06;0,31;9,41;0;11,85;22,22;16,47;2,76;2,27;18,25;0;0,99;1,61;12,43;0;0
"ligue";0;0;0;2,06;0;0;0;0;0;0,19;0;0;2,16;0;1,83;0;0;0;0;0;0;0;0;0
"corps";0;0;0;0,14;0;0;0;0,9;0;0,19;0,78;0;0;0;1,22;0;0;0;6,41;0;0;1,88;0;0
"minute";0;0,88;0;0;0;0;0,32;0;0,47;1,62;0,39;0;0;0;1,22;0,23;0;0;0;0;0;0;0;0
"cette";0;2,2;0,65;3,29;0;0;1,6;3,43;0,93;0,06;2,74;0;0;0;0,61;1,15;0;3,65;6,41;1,98;0,81;2,64;0;18,18
"solère";0;0;4,55;0;0;0;0;0;0;0;0;0;0;0;0;0;0;0;0;0;0;0;0;0
"égyptien";0;0;0;0;0;0;0;0,18;0;0;0;0;0;0;0;0;0;0;0;0,99;1,81;0;0;0
"sommaire";0;1,32;0,32;0,14;0;0;0,96;0,18;0;0;0,78;0;0;0;0;0,69;0;0;0;0;0;0,38;0;0
"nadia";0;7,91;0;0;0;0;0;0;0;0;0;0;0;0;0;0;0;0;0;0;0;0;0;0
"daam";0;7,91;0;0;0;0;0;0;0;0;0;0;0;0;0;0;0;0;0;0;0;0;0;0
"reportage";0;0,44;0;0,14;0;0;3,85;2,53;0;0;0,78;0;0;0;0;0,92;0;0;0;0;0;0;0;0
"explorer";0;0;0;0,14;0;0;0;0;0;0,06;0,39;0;0;0;0;0,46;0;0;0;0;1,81;0;0;0
"convaincre";0;0;0;0,27;0;0;0;0;0,47;0;0;0;0;0;2,44;0;0,57;0;0;0;0;1,13;0;0
"si";0;0,44;0;0,96;0;0;0,32;0,9;0,47;0,06;1,96;0;1,08;0;0,61;0,23;0;1,82;6,41;2,97;2,42;1,51;0;0
"sa";16,26;3,08;0;5,21;0;0;1,6;6,32;1,87;0,19;4,31;0;3,23;0;6,1;2,76;3,41;9,12;0;1,98;0,2;10,92;0;18,18
"se";16,26;2,2;0,65;9,46;12,35;0;3,53;5,05;8,86;2,56;5,1;0;10,78;0;7,93;2,99;26,12;3,65;0;3,96;5,04;7,53;10,2;18,18
"extraterrestre";8,13;0,44;0,32;10,56;12,35;0;0,64;1,99;14,93;12,78;1,18;38,46;16,16;0;12,2;1,84;18,17;14,6;32,05;41,54;21,56;3,58;20,41;0
"internet";0;0,88;0;0,41;0;0;1,28;0,36;0;0;0,78;0;1,08;0;1,22;0,69;0;1,82;0;0;0,2;1,13;0;0
"million";0;0;0;0;0;0;0,96;0,18;0,93;0;0,39;0;0;0;0;0,46;0;0;0;0,99;2,42;0;0;0
"city";0;0;0;0,14;0;0;0;0;0;10,16;0;0;0;0;0;0;0;0;0;0;0;0,38;0;0
"2";0;0,44;0,65;0;0;0;8,66;1,08;0;0;1,57;0;0;0;0;1,38;0;0;0;0;0;0;0;0
"plein";0;0;0;0,69;0;0;0;0,72;0,93;5,05;0,39;0;1,08;0;0;0,23;0;3,65;0;0;0;0,75;0;0
"tendance";0;0;0;0,41;0;0;0;0,72;0;0;0;0;1,08;0;0;0;1,7;0;0;0;0;0;0;0
"sophie";0;0;0;0,14;0;0;0;1,8;0;0;0;0;0;0;0;0,69;0;0;0;0;0;0;0;0
"aller";0;1,32;0,32;1,78;0;0;1,93;1,99;1,4;0,25;1,18;38,46;7,54;0;2,44;1,84;1,14;1,82;6,41;0;0;1,69;0;0
"perdre";4,07;0;0;0,41;0;0;0;0,72;0,93;0;0,39;0;1,08;0;1,83;0;0;0;0;0;0;0,75;0;0
"affirmer";0;0;0;0,14;0;0;0,32;0,36;0,47;0;0,39;0;0;0;0,61;0,23;0;1,82;12,82;3,96;0,81;0,38;0;0
"semaine";0;2,64;0,32;0;0;0;0,96;1,26;0,47;0;1,57;0;0;0;1,22;0,23;0;1,82;6,41;0;0;0;0;0
"comédien";0;0;0;0;0;0;0,64;0,72;0;0;0,39;0;0;0;0;1,38;0;0;0;0;0;1,32;0;0
"différent";0;0;0,32;0;12,35;0;0;0,72;0,47;0;1,18;0;0;0;0;0,23;0;0;0;1,98;0,2;0,19;0;0
"extra_terrestre";12,2;1,76;0;1,23;0;0;0;0,18;0,47;0,5;1,18;0;3,23;0;1,83;0;0;0;0;0;0;1,32;0;0
"inattendu";0;0;0;2,06;0;0;0;0;0;0;0;0;0;0;0;0;0;0;0;0;0;0;0;0
"monde";0;1,76;0,65;2,19;0;0;1,28;1,62;1,87;6,61;4,31;0;7,54;0;2,44;0,69;0;5,47;0;6,92;6,65;2,26;0;0
"roger";0;0;0;0;0;0;0;0,18;0;4,93;0;0;0;0;0;0;1,7;0;0;0;0;3,2;0;0
"visiteur";0;0;0;0;0;0;0;0;0;0;0;0;0;0;0;0;0;0;0;0;3,63;1,51;0;0
"naulleau";0;0;3,9;0;0;0;0;0;0;0;0;0;0;0;0;0;0;0;0;0;0;0;0;0
"lilia";0;0;0;0;0;0;0;0;0;0;0;0;0;0;0;2,53;0;0;0;0;0;0;0;0
"désert";0;0;0;0,69;0;0;0;0,54;0,93;0;0,78;0;1,08;0;0,61;0;0;0;0;0;2,82;0;0;0
"humoriste";0;0;0;0,14;0;0;0,32;0,9;0;0;0;0;0;0;0;2,07;0;0;0;0;0;0,19;0;0
"s";4,07;2,2;1,62;4,8;12,35;0;3,85;4,87;6,53;1,06;5,1;0;4,31;0;9,15;2,3;0,57;7,3;0;2,97;1,61;7,91;10,2;36,36
"seulement";0;0;0;0;0;0;0,32;0;0,47;0;0,39;0;0;0;0;0;0;0;0;0;0;1,32;0;0
"ceux";0;0;0;0,14;0;0;0,32;0,36;0;0,12;0,78;0;1,08;0;0;0;0;0;0;0;0,2;0;0;0
"former";0;0;0;0;0;0;0,32;0,18;0;1,62;0;0;0;0;0;0,23;0;0;0;0;0;0,19;20,41;0
"situation";0;0,44;0;0,41;12,35;0;0;0,36;0,93;0,06;0,78;0;2,16;0;0;0;0;0;0;0;0;0,19;0;0
"perquisition";0;0;6,49;0;0;0;0;0;0;0;0;0;0;0;0;0;0;0;0;0;0;0;0;0
"twiste";0;0;0;3,84;0;0;0;0;0;0;0;0;0;0;0;0;0;0;0;0;0;0;0;0
"esprit";0;0,44;0;0,27;0;0;0;0,18;0;0;0;0;0;0;0;0;0;0;0;0,99;0,2;0,75;0;0
"succès";0;0;0;0,41;0;0;1,6;0;0,47;0;0,78;0;0;0;0;0,46;0;0;0;0;0,2;0;0;0
"tomber";8,13;0;0;0,69;0;0;0,32;0,72;1,87;0;1,18;38,46;0;0;0,61;0,23;0,57;3,65;0;0;0,2;0,38;0;0
"vouloir";0;0;0,65;0,55;0;0;2,89;0,54;0,93;0,12;0,39;0;2,16;0;1,83;0,92;1,14;3,65;0;0;0;1,69;0;0
"laisser";0;0;0;2,61;0;0;0,64;0,72;1,4;0;0,39;0;0;0;1,83;0,23;0,57;0;0;1,98;2,01;0,56;0;0
"époque";0;0;0;2,19;0;0;0;0,72;0,47;0;0,39;0;0;0;0;0;0;0;0;0;0,6;0,19;0;0
"intervenir";0;0;0;0,27;0;0;0;0;0;5,05;1,57;0;0;0;0,61;0;0;0;0;0;0;0,19;0;0
"télé";0;0;0;0;0;0;3,85;0;0,47;0;0;0;0;0;0,61;0,23;0;3,65;0;0;0;0,38;0;0
"origine";0;0,44;0;1,37;0;0;0;0;0,47;0,37;0;0;0;0;0,61;0,23;0,57;0;12,82;4,95;2,42;0,19;0;0
"italie";0;0;0;0,14;0;0;0;0;0;0;0;0;1,08;0;0;1,84;0;0;0;0;0,6;0;0;0
"plusieurs";0;0;0,32;0,27;0;0;0,96;0,54;0;0,06;0;0;1,08;0;0;0,23;0,57;3,65;6,41;1,98;0,6;0,56;0;0
"édition";0;6,15;0;1,1;0;0;0;0,54;0;0;0;0;0;0;0;3,45;0;0;0;0;0;0;0;0
"répondre";0;0;0;0,14;0;0;0;0,18;0;1,62;2,74;0;0;0;0,61;0,46;0;0;0;0;0;0;0;0
"présenter";0;1,32;0;2,19;0;0;1,28;2,53;0,47;0;1,18;0;0;0;1,22;1,61;0;0;0;0,99;0,6;1,32;0;0
"chaîne";0;0;0;0;0;0;1,6;0,18;0;0;0;0;0;0;0;1,38;0;0;0;0;0,4;0,19;0;0
"an";0;0,44;0;1,23;0;0;2,25;2,89;6,06;0;4,31;0;0;0;3,66;0,23;0,57;3,65;0;1,98;1,01;1,51;0;0
"au";0;8,79;1,95;6,31;0;71,43;4,17;9,2;3,73;0,25;7,06;0;5,39;0;9,76;3,91;3,41;3,65;6,41;4,95;3,02;6,97;0;54,55
"spatial";0;0,44;0;0,55;0;0;0;0;1,87;0;1,96;0;2,16;0;0;0;0;0;0;0;0,2;0,56;0;0
"écrivain";0;0;3,57;0,96;0;0;0;0,9;0;0;0,39;0;0;0;0;0,69;0;0;0;0;0;0;0;0
"terre";4,07;0;0;5,48;12,35;0;0;0,36;4,2;0,31;1,57;0;8,62;0;2,44;0,69;2,27;1,82;0;8,9;7,86;0,94;10,2;0
"tv";0;0,44;1,3;0,41;0;0;0;0,18;0,47;0;0;0;0;0;0;0,92;0;0;0;0;0;0;0;0
"criminalité";0;0;0;0;0;0;0;0;0;3,43;0;0;0;0;0;0;0;0;0;0;0;0;0;0
"projet";4,07;0,44;0;0,14;0;0;0,96;0;0;0;0;0;1,08;0;0;0,69;0;0;0;0;0,2;0;0;0
"retourner";0;0;0;0,55;0;0;0;0,18;0,47;0;0;0;0;0;0;0,23;0;0;0;0;0,2;0,38;0;0
"sans";0;1,76;0,32;1,78;12,35;0;0,32;0,9;2,33;0;0,78;0;1,08;0;1,22;0;0;3,65;0;0;0,6;0,38;0;0
"animer";0;0;0;0,14;0;0;0;0,9;0;0;0,39;0;0;0;0;0;0;0;0;0;0;0,56;0;0
"christophe";0;0,88;13,96;0,27;0;0;0,64;0,72;0;0;0,39;0;0;0;0;0;0;0;0;0;0;0;0;0
"espace";0;1,32;0;0,55;0;0;0,64;0;6,06;0,06;3,53;38,46;6,47;0;1,83;1,38;0,57;0;0;0;0,4;0;0;0
"vie";0;5,27;0,65;4,11;0;0;2,25;4,15;2,8;0,12;0,39;0;1,08;0;1,22;1,38;0;1,82;6,41;4,95;2,82;1,32;0;0
"mort";0;0,44;0;0,14;0;0;0,64;0,36;0,47;0;0;0;0;0;0,61;0,46;0,57;0;9,62;0;0;0,38;0;0
"teen";0;0;0;0,14;0;0;0;0;0;6,48;0;0;0;0;0;0;0;0;0;0;0;0;0;0
"tester";0;0;0;0,55;0;0;0;0,54;0;0;0;0;0;0;0,61;0,23;0;0;0;0;0;0,19;0;0
"science";0;0,44;0,32;0,69;0;0;0,32;0,18;0;0;0,39;0;0;0;0,61;0,23;0;0;0;0,99;0;0;0;0
"information";0;1,32;0,32;0,96;0;0;0;0,18;0;0;0;0;0;0;0;0,69;0;0;0;0;0,4;0,56;0;0
"notre";0;0;0,32;2,47;0;0;0;1,99;0,47;0;1,57;0;0;0;0,61;0;0;0;3,21;0;3,02;0;0;0
"débat";0;3,08;6,17;0,41;0;0;0;0;0;0;0,39;0;0;0;0;0,92;0;0;0;0;0;0;0;0
"signe";0;0;0;0,14;0;0;0,64;0,18;0,47;0;0;0;0;0;0;0;0;0;0;0;0,2;0,94;0;0
"visuel";0;0,88;8,12;0;0;0;0;0,18;0;0;0;0;0;0;0;0,69;0;0;0;0;0;0;0;0
"boucherie";0;0;3,25;0;0;0;0;0;0;0;0;0;0;0;0;0;0;0;0;0;0;0;0;0
"personne";0;0,44;0,65;1,23;0;0;1,28;1,62;0,47;0;0;0;1,08;0;0,61;0,46;0;0;0;0,99;0,81;0,38;0;0
"recette";0;0;0;0;0;0;1,28;1,44;0;0;0,39;0;0;0;0;0,23;0;0;0;0;0;0;0;0
"comprendre";8,13;0;4,55;1,37;0;0;0;0,9;0;0,12;0,39;0;1,08;0;0,61;0,69;0;1,82;3,21;0;0;1,51;0;0
"jusqu_à";0;0;0;0,27;0;0;0,96;0;0;0,12;0;0;0;0;0;0;0;0;0;0;0,4;0,56;0;0
"jeu";0;0,44;0;0,14;0;0;0,96;0,54;2,8;0;0;0;1,08;22,22;1,22;0;0,57;1,82;0;0;0;0,56;0;0
"avec";8,13;7,47;8,12;6,44;0;0;11,87;10,47;3,73;11,04;5,1;0;5,39;0;7,32;4,83;0,57;9,12;3,21;10,88;3,63;9,23;10,2;0
"contre";4,07;0,44;1,95;1,37;0;0;0,96;0,36;0,93;3,55;0;0;0;0;0,61;0;2,27;0;0;0;0;1,88;10,2;0
"diffusion";0;0;0;0;0;0;1,93;0;0;0;0;0;0;0;0,61;0;0;0;0;0;0;0,75;0;0
"dernier";0;1,32;0,32;1,78;0;0;1,28;0,72;0;0,06;0;0;1,08;0;2,44;0,92;0;1,82;0;0;1,41;1,32;0;18,18
"leçon";0;0;0;0,27;0;0;0;0;0;0,06;0,39;0;0;0;0;1,84;0;3,65;0;0;0;0;0;0
"grandir";0;0;0;0,14;0;0;0;0,72;0;5,05;0;0;0;0;0;0;0;0;0;0;0;0;0;0
"plan";0;0,44;0;0,82;0;0;0;0,18;0;0,06;0,78;0;1,08;0;0,61;0,46;0;0;0;0;0,6;1,51;0;0
"toujours";8,13;0,88;0,32;0,96;0;0;0,96;0,36;1,4;0;0,39;0;1,08;0;0,61;0;0,57;0;3,21;1,98;0,81;1,51;0;0
"ahmed";0;0;0;0;0;0;0;0;0;0;0;0;0;0;0;2,3;0;0;0;0;0;0;0;0
"secte";0;0;0;0;0;0;0;2,71;0;0;0;0;0;0;0;0;0;0;0;0;0;0;0;0
"croire";0;0;0,32;0,27;0;0;0,32;0,72;0;0,12;0,39;0;2,16;0;1,22;0;0,57;0;6,41;1,98;1,01;0,56;0;0
"ses";0;3,08;0,65;3,98;0;0;1,28;5,59;10,26;15,52;2,74;0;3,23;0;6,1;0,69;1,14;7,3;0;0,99;1,41;4,71;10,2;0
"notamment";0;1,32;0;0;0;0;0,32;0,18;0;0;1,18;0;0;0;0;0,46;0;0;0;0,99;0;0;0;0
"europe";0;1,76;1,3;0,27;0;0;0,32;0,18;0;0;0,39;0;0;0;0;0,46;0;0;0;0;0;0;0;0
"incident";0;0;0;0;0;0;0;0;0;4,99;0;0;0;0;0,61;0;0;0;0;0;0,6;0,56;0;0
"recherche";0;9,23;0;1,92;0;0;0,96;0,18;1,4;0,06;0;0;1,08;0;1,83;0,23;0;0;0;1,98;0,2;1,51;0;0
"garçon";0;0;0;0,14;0;0;0,64;0;1,87;0;1,18;0;0;0;2,44;0;0;0;0;0;0;1,51;10,2;0
"environnement";0;0;0;0,14;0;0;0;0,36;0,93;0;0,78;0;0;0;0;0;13,63;0;0;0;0;0;0;0
"robin";0;0;0;0;0;0;0;0;0;9,98;0;0;0;0;0;0;0;0;0;0;0;0,19;0;0
"vol";0;0,44;0;0;0;0;0;0;0;0;0;0;0;0;0,61;0;0;0;0;0;0;1,51;0;0
"belhousse";0;0;0;2,06;0;0;0;0;0;0;0;0;0;0;0;0;0;0;0;0;0;0;0;0
"35";0;0,44;1,3;0,27;0;0;0,96;0;0;0;0;0;0;0;0;1,84;0;0;0;0;0;0;0;0
"consacrer";0;0;0;0,69;0;0;1,6;1,99;0;0;0;0;0;0;0;0,23;0;0;0;0;0;0;0;0
"témoin";0;0;4,22;0;0;0;0;0,36;0;0;0;0;0;0;0;0,23;1,14;0;0;0,99;1,01;0,38;0;0
"mystère";0;0;0;0,27;0;0;0;0,18;0,93;0,06;0;0;0;0;0,61;0;0;0;12,82;0,99;0,2;0,75;0;0
"kelly";0;0;3,9;0;0;0;0;0;0;0;0;0;0;0;0;0;0;0;0;0;0;0;0;0
"hôpital";0;0;0,32;0;0;0;0;0;0;0,12;0;0;0;0;0;0,23;0;0;0;0;0;1,13;0;0
"retrouver";4,07;0,44;0;1,37;0;0;0,32;1,62;1,4;0,19;0,39;0;3,23;0;3,66;0;0,57;3,65;0;1,98;0,2;3,95;0;0
"couple";0;0;0;2,19;0;0;0,32;0;0;0;0,39;0;0;0;0,61;0,23;0;0;0;0;0;0;0;0
"victime";0;0;0;0,27;0;0;0,32;1,44;0;0;0;0;0;0;0,61;0;0;0;0;0;0;0,56;0;0
"d";32,52;9,23;11,36;19,33;24,69;0;18,93;22,92;23,79;28,93;25,87;0;17,24;22,22;17,69;18,87;18,74;21,9;9,62;26,71;28,21;23,73;30,61;54,55
"personnalité";0;0;0,32;0;0;0;0,64;1,08;0,47;0;0,39;0;0;0;0;0;0;0;0;0;0;0;0;0
"alexandre";0;0;4,87;0;0;0;0;0,18;0;0;0;0;0;0;0;0;0;0;0;0;0;0,38;0;0
"frère";0;1,32;0;0;0;0;0,32;0,72;0,47;0;0,78;0;0;0;0;1,15;0;0;0;0;0;0,19;0;0
"t";0;0;0;0,55;0;0;0;0,9;1,4;0;0;0;0;0;0;0,46;0;0;3,21;0,99;1,41;0,94;0;0
"directeur";0;3,51;0;0,14;0;0;0,32;0,18;0;0;2,35;0;0;0;1,22;0,69;0;0;0;0;0;0;0;0
"millénaire";0;0;0;0,14;0;0;0;0;0;0;0;0;0;0;0;0;23,85;0;0;1,98;0;0;0;0
"bientôt";0;0;0;0,41;0;0;0;0;2,33;0;0,39;0;0;0;0;0;0;0;0;0;0;0,38;0;0
"ailleurs";0;0,88;0;1,23;0;0;0,32;0,18;0;0,06;0;0;0;0;0;0;0;0;0;0;0,2;0,56;0;0
"meilleur";0;0;1,95;0,14;0;0;0,32;0,36;0;0,06;0;0;1,08;0;0;0,23;0;0;0;0;0;0,19;10,2;0
"un";36,59;11,42;4,22;22,9;37,04;0;16,05;24,18;22,85;14,09;16,46;38,46;19,4;22,22;32,34;5,75;94,26;16,42;9,62;8,9;16,12;21,47;20,41;18,18
"tard";0;0;0;0,14;0;0;0;0,54;0,47;0;0;0;0;0;0,61;0;0;0;0;0;0;1,13;0;0
"menace";4,07;0,88;0;0,55;0;0;0;0;0;0,06;0;0;0;0;0;0;0;0;0;0;0,4;0,56;0;0
"coda";0;0;0;2,06;24,69;0;0;0;0;0;0;0;0;0;0;0;0;0;0;0;0;0;0;0
"tirailleur";0;0;0;0;0;0;0;0;0;0;0;0;0;0;0;2,3;0;0;0;0;0;0;0;0
"astronaute";0;0,44;0;0;12,35;0;0;0;0,47;0;1,96;0;0;0;0;0,23;0;0;12,82;7,91;4,03;0;0;0
"pouvoir";8,13;1,32;1,3;3,15;0;0;1,93;3,43;2,8;6,8;5,49;0;1,08;0;3,05;1,38;0,57;0;6,41;10,88;12,09;2,26;0;0
"découverte";0;0;0,65;1,23;12,35;0;0;0,18;0,47;0;0,39;0;0;0;0;0,46;0,57;0;0;0;1,81;1,32;0;0
"millier";0;0,44;0;0,14;0;0;0;0;0;0;0,39;0;0;0;0;0;0;0;0;2,97;2,01;0;0;0
"continuer";4,07;0;0;0,14;0;0;0,32;0,54;0;0;0,39;0;1,08;0;0;0,46;0;0;0;0;1,41;0,19;0;0
"garder";0;0,44;0;0;0;0;0,32;0;1,4;0;0;0;0;0;0;0,23;0;0;3,21;0;0,2;0,38;0;0
"apparence";0;0;0;0,27;0;0;0,32;0;0;0,19;0;0;0;0;1,22;0;0;0;0;0;0;0,56;0;0
"les";32,52;21,97;11,69;27,01;24,69;0;26,96;19,31;27,99;22,07;18,82;76,92;37,72;44,44;22,57;13,81;4,54;20,07;60,9;36,6;40,1;25,24;61,22;0
"beaucoup";0;0,44;0,65;0;0;0;1,6;1,08;0,93;0;0;0;0;0;0;0;0;0;0;0;0,6;0;0;0
"marc";0;0,88;0;0,27;0;0;0;0,54;0;0;0,39;0;0;0;0;1,38;0;0;0;0;0;0,19;0;0
"on";0;0,44;0,65;1,92;0;0;1,93;3,79;1,87;0,06;1,96;0;0;0;1,22;0,46;0;5,47;12,82;2,97;1,21;0,56;0;0
"laëtitia";0;0;4,87;0;0;0;0;0;0;0;0;0;0;0;0;0;0;0;0;0;0;0;0;0
"devant";0;0;0;0,41;0;0;0,32;0,18;0;0;0,78;0;0;0;0,61;0;0;0;0;0;0;0,38;0;0
"pour";24,39;9,67;2,27;10,7;12,35;0;9,95;13,72;8,4;7,98;11,76;0;9,7;44,44;11,59;6,44;2,84;9,12;3,21;3,96;4,84;6,21;0;0
"animal";0;0,44;1,3;0,27;0;0;0;0,72;0,47;0;0,78;0;1,08;0;0;0,23;0;1,82;0;0;0,81;0,38;0;0
"pyramide";0;0;0;0;0;0;0;0;0;0;0;0;0;0;0;0;0;0;0;0,99;2,62;0;0;0
"robot";0;0;0;0,41;0;0;0;0,18;0,47;0,06;0,39;0;1,08;0;0,61;0;14,76;0;0;0;0;0,38;0;0
"comme";0;0,88;0,65;1,51;0;0;0,32;1,62;1,87;5,11;2,35;0;0;0;2,44;0,46;0,57;1,82;0;3,96;1,61;0,94;0;0
"temps";4,07;0;0;0,41;0;0;0;0,54;0,47;0,06;0,78;0;1,08;0;0;0,46;0;1,82;0;1,98;1,21;0,75;0;0
"oeil";0;0,44;0;0,14;0;0;0;0,18;0,47;0;0,78;0;0;0;1,22;0;0;0;0;0;0,2;0,75;0;0
"david";0;0,88;0;1,78;0;0;0,32;1,62;1,4;0;0;0;0;0;0;0;0;0;0;0;0,4;0;0;0
"façon";0;0,44;0;0,41;12,35;0;0;0;0;0;0;0;0;0;0;0,69;0;0;0;0;0,4;0;0;0
"envoyer";0;0;0;0,41;0;0;0,32;0,36;0;0,12;1,18;0;0;0;0;0,46;0,57;0;0;0,99;0;0,19;0;0
"voyage";0;3,08;3,57;0;0;0;0;0,18;1,87;0;0,39;0;0;0;0;0,46;0,57;0;0;0;0;0,19;0;0
"06";0;0;0,65;0,27;0;0;0,64;0;0;0;0;0;0;0;0;1,38;0;0;0;0;0;0;0;0
"chien";0;0;0;0,14;0;0;0,32;0,18;4,2;0,06;0,39;0;0;0;0,61;0,23;0;0;0;0;0;0,19;0;0
"face";0;0,44;0;0,55;0;0;0,32;1,26;0;0,12;0,39;0;1,08;0;0,61;0;0;0;0;0;0;0,19;0;0
"rouge";0;0;0;0,14;0;0;0,64;0,36;0;0;0,39;38,46;1,08;0;0,61;0,23;0;0;0;0;0;0;0;0
"montrer";0;0;0,32;0;0;0;0,32;0,72;1,4;0;0,39;0;0;0;0,61;0,23;0;1,82;0;0;0,2;0,19;0;0
"lala";0;0;0;1,92;0;0;0;0;0;0;0;0;0;0;0;0;0;0;0;0;0;0;0;0
"tenter";0;0;0;4,94;0;0;0;0,72;0,93;0,06;0;38,46;2,16;0;1,83;0;23,85;0;0;0;0;1,51;0;0
"attaquer";0;0;0;0,69;0;0;0;0,18;0;0;0;0;3,23;0;0;0;0;0;0;0;0;0;10,2;0
"télévision";0;0;0,32;0,27;0;0;1,28;0,36;0;0;0;0;0;0;0;0,69;0;1,82;0;0;0;0,19;0;0
"quitter";0;0;0,32;0,82;0;0;0,64;1,08;0;5,05;0;0;0;0;0,61;0,69;0,57;0;0;0;0;0,19;0;0
"astrobiologiste";0;3,08;0;0;0;0;0;0;0;0;0;0;0;0;0;1,84;0;0;0;0;0;0;0;0
"inviter";0;3,08;0;1,51;0;0;3,85;1,44;0;0;1,57;0;0;0;0,61;2,53;0;0;0;0;0;0,19;0;0
"ce";0;3,95;1,3;3,7;0;0;2,57;5,41;3,73;0,37;2,74;0;3,23;0;3,05;3,45;0,57;10,95;0;3,96;4,63;4,33;0;0
"seuil";0;3,08;0;0;0;0;0;0;0;0;0;0;0;0;0;1,61;0;0;0;0;0;0;0;0
"après";4,07;0,88;0;1,78;0;0;0,32;0,9;1,87;5,17;1,96;0;1,08;0;1,83;0,69;23,85;0;6,41;0,99;0,6;1,69;0;0
"ados";0;0;0;0,14;0;0;0,32;0;0;5,05;0;0;0;0;0;0;0;0;0;0;0;0;0;0
"éléphant";0;0;0;0;0;0;0;0;0;1,62;0,39;0;0;0;0;0;0;0;0;0;0;0;0;0
"site";0;0,44;0;0,27;0;0;0,64;0,36;0;0;0,39;0;0;0;0;0,92;0;1,82;0;2,97;2,22;1,51;0;0
"paul";0;0;0;0,69;0;0;0;0,36;0;0;0,78;0;1,08;0;0;11,28;0;0;0;0;0,4;0,94;0;0
"politique";0;2,2;1,3;0,14;0;0;0,32;0,54;0;0;2,74;0;0;0;0;2,53;0;0;0;0;0,2;0;0;0
"crise";0;2,64;0;0;0;0;0;0;0;0;1,96;0;0;0;0,61;0;0;0;0;0;0;0,19;0;0
"manège";0;0;0;0;0;0;0,64;1,08;0;0;0;0;0;0;1,83;0;0;0;0;0;0;0;0;0
"imedia";16,26;1,32;0,65;10,83;0;71,43;0,32;2,17;10,26;13,03;4,31;38,46;15,09;0;9,15;1,61;20,44;7,3;22,44;39,56;14,51;3,2;10,2;18,18
"hier";0;0,44;0;0;0;0;1,6;0;0;0;0;0;0;0;0;1,61;0;0;0;0;0;0;0;0
"alliance";0;0,88;4,55;0,14;0;0;0;0;0;0;0;0;0;0;0;0;0;0;0;0;0;0;0;0
"catherine";0;0;0;2,47;0;0;0;0,36;0;0;0;0;0;0;0;0;0;0;0;0;0;0,94;0;0
"lune";0;0;0;0;0;0;0;0,18;1,87;0;1,57;0;1,08;0;0;0;0;0;0;0;0,6;0;0;0
"nommer";0;0;0,32;0,27;0;0;0;0,54;0;0;0,39;0;0;0;0,61;0,23;0;0;0;0;0;0,19;0;0
"milieu";0;0;0;0,14;0;0;0;0,54;0,47;0;0;0;0;0;0,61;0,23;0;0;0;0;0;0,94;0;0
"participer";8,13;0;0;0,27;0;0;0,64;0;0,47;0,06;0;0;0;0;0;0,23;0;0;0;0;0;0,19;20,41;0
"seul";0;0,44;0;0,69;0;0;0,32;0,36;0;0,25;0,78;0;0;0;1,22;0,23;1,7;0;0;0,99;0,6;0,56;0;0
"survivre";0;0;0;2,33;0;0;0;0;0;0;0;0;0;0;0;0;0;0;0;0;0;0;0;0
"tamaran";0;0;0;0;0;0;0;0;0;5,05;0;0;0;0;0;0;0;0;0;0;0;0;0;0
"mauvais";0;0,44;0;0,96;0;0;0;0,54;0,47;0;0,39;0;0;0;0;0;0;1,82;0;0;0;0,38;0;0
"chez";0;3,08;0;1,78;0;0;2,25;0,54;0;0;0;0;1,08;0;0;0;0;1,82;0;0;0;1,13;0;0
"chef";0;1,32;0;0,55;0;0;1,6;0,54;0;0;0,39;0;0;0;0;0;0;0;0;0,99;0,4;0;0;0
"hors";0;0;0;0,14;0;0;0;0;0,47;1,62;0;0;0;0;0,61;0,23;0;0;0;0;0;0,19;0;0
"communauté";0;0;1,95;0,27;0;0;0;0,72;0;0;0;0;0;0;0;0,23;0;0;0;0;0,4;0;0;0
"servir";0;0;0;0,14;0;0;0,32;0,54;0,47;1,68;0;0;0;0;0;0;0;0;0;0,99;1,01;0;0;0
"appeler";0;0,44;0;0,27;0;0;0;0,36;0;0;0,39;0;1,08;0;0;0,23;0;0;0;0;0,6;0,75;0;0
"falloir";0;0;0,97;0;0;0;0,64;1,08;0,47;0;0,39;0;1,08;0;1,83;0;0;1,82;0;0;0;1,51;0;0
"soucoupe";0;0;0;0,27;12,35;0;0;0;1,4;0,06;1,57;0;2,16;0;3,05;0;0;0;0;0;0;0;0;0
"interview";0;0,88;0,65;0,69;0;0;7,38;2,35;0;0;1,18;0;0;0;0;7,83;0;0;0;0;0;1,32;0;0
"nombre";0;0,44;0;0;0;0;0;0,18;0;0;0,39;0;0;0;0;0,23;0;0;6,41;0;0,81;0,38;0;0
"pizza";0;0;0;0,14;0;0;0;0;0;0;0;0;0;0;0;0;23,85;0;0;0;0;0,19;0;0
"rire";0;0;0;0;0;0;0;0,36;0,47;0;0;0;0;0;0,61;0;0;0;0;0;0;1,69;0;0
"l";36,59;42,18;16,23;24,96;86,42;0;18,93;26,53;31,72;20,76;36,85;38,46;22,63;66,67;22,57;23,25;5,11;25,55;22,44;20,77;25,79;23,16;30,61;0
"alexis";0;0;4,22;0;0;0;0;0;0;0;0;0;0;0;0;0;0;0;0;0;0;0;0;0
"survivant";0;0;0;2,19;0;0;0;0;0;0;0;0;0;0;0;0;0;0;0;0;0;0,38;0;0
"enlever";0;0;0;0,69;0;0;0;0;0;0,12;0;0;2,16;0;1,83;0;0;0;0;0;0;0,75;0;0
"responsable";0;0;0,32;0,14;0;0;0;0,72;0;0;0,78;0;0;0;0;0;0;0;0;0;0;0,75;0;0
"prendre";0;0,44;0;2,06;0;0;0,96;1,44;2,33;0,25;1,18;0;0;0;3,05;0,23;24,42;3,65;0;0;0,4;1,51;0;0
"alors";4,07;0;0,32;2,61;0;0;0,32;1,08;3,26;0,19;1,18;0;0;0;3,66;0,46;2,84;1,82;0;0,99;0,2;0,94;10,2;0
"livreur";0;0;0;0,14;0;0;0;0;0;0;0;0;0;0;0;0;23,85;0;0;0;0;0;0;0
"état";0;1,32;0;0;0;0;0;0,36;0;0;0,39;0;0;0;0;0;0;0;0;0;2,82;0,38;0;0
"plaindre";0;0;0,32;0;0;0;0;0,72;0,47;0;0;0;0;0;0;0,46;0;0;0;0;0;0,38;0;0
"grave";0;0,44;0;0,27;0;0;0;0;0;6,48;0,39;0;0;0;0;0;0;0;0;0;0;0;0;0
"avouer";0;0;0;0;0;0;0;0;0,47;0;0;0;2,16;0;0;0;0;1,82;0;0;0;1,13;0;0
"de";65,04;90,51;76,3;64,72;98,77;71,43;71,25;74,72;53,17;34,54;72,13;115,38;58,19;88,89;55,52;56,16;78,36;52,92;76,92;40,55;51,18;61,96;71,43;36,36
"du";8,13;25,92;27,6;9,05;12,35;142,86;14,44;12,45;8,4;0,44;14,11;0;6,47;22,22;12,2;11,97;1,7;10,95;0;7,91;12,49;11,68;0;0
"malgré";8,13;0;0;2,06;0;0;0;0;0;0;0,78;0;0;0;0;0;0;0;0;0;0,2;0,19;0;0
"déage";0;0;0;1,37;0;0;0;0;0;0;0;0;0;0;0;0;0;0;0;0;0;0;0;0
"bien";0;0,88;0,32;2,61;0;0;0,96;1,44;1,87;5,11;1,18;0;0;0;1,83;0;0;1,82;16,03;2,97;1,01;1,69;0;0
"auteur";0;4,83;0;1,1;0;0;0,96;2,17;0,47;0;0,78;0;1,08;0;1,22;3,68;0;0;0;0;0;0;0;0
"bras";0;1,32;0;0;0;0;0;0,54;0;0;0;0;0;0;0;0;0;0;0;0;0;0,75;0;0
"ils";12,2;0,88;0,32;3,57;0;0;1,93;2,71;8,86;13,78;2,74;0;8,62;0;2,44;0,92;2,84;14,6;3,21;10,88;7,05;4,9;0;0
"thierry";0;3,08;4,55;0,14;0;0;0;0;0;0;0,78;0;0;0;0;0,23;0;0;0;0;0;0;0;0
"carbonnier";0;0;0;0;0;0;0;0;0;0;0;0;0;0;0;9,21;0;0;0;0;0;0;0;0
"bunny";0;0;0;2,06;0;0;0;0;0;0,06;0;0;0;0;0;0;0;0;0;0;0;0;0;0
"raid";0;0;4,87;0;0;0;0;0;0;0;0;0;0;0;0;0;0;0;0;0;0;0;0;0
"déclaration";0;1,76;2,27;0;0;0;0;0;0;0;0;0;0;0;0;3,22;0;0;0;0;0;0;0;0
"contact";0;0;0;1,23;0;0;0,32;0,36;0;0;0;0;0;0;0;0;0;0;0;1,98;2,42;0,38;0;0
"the";0;3,51;0;0,69;0;0;0,32;0,18;0;0;0;0;0;0;1,22;0,23;0;0;0;0;0,2;0;0;0
"poser";0;0;0;0,55;0;0;0,64;0,36;0,47;0;1,96;0;1,08;0;1,22;0;0;0;0;0;0,2;0;0;0
"lci";0;0;4,22;0;0;0;0,32;0;0;0;0;0;0;0;0;1,84;0;0;0;0;0;0;0;0
"bord";0;0;0;0,27;0;0;0;0;3,73;0;1,18;0;0;0;0;0;0;1,82;0;0;0;0;0;0
"loin";0;0;0;0,27;0;0;0;0,72;0;0;0;0;0;0;1,22;0,23;0;0;0;0;0;0,56;0;0
"connaître";0;1,32;0;0,41;0;0;0;1,8;0,93;0;0,78;0;2,16;0;0,61;0;0;1,82;0;0;1,01;0,56;0;0
"peupler";0;0;0;0,14;0;0;0;0;0;0;0,39;0;0;0;0;0;13,63;0;0;0;0;0;0;0
"commencer";0;0;0,32;0,69;0;71,43;0,32;0,9;0;0,06;0,39;0;0;0;0,61;0,23;0,57;3,65;0;0,99;0,4;0,38;0;0
"occasion";0;0,44;0,32;0,27;0;0;1,6;0,9;0;0;0,39;0;0;0;0;0;0,57;0;0;0;0,4;0;0;0
"sujet";0;0,44;1,62;0,55;0;0;0;1,08;0,47;0;1,96;0;0;0;0;2,07;0;0;0;0;0;0,56;0;0
"rentrer";0;0;0;0,27;0;0;0,32;0,54;0;0;0,39;0;1,08;0;0,61;0,23;0;0;0;0;0,2;0,19;0;0
"zone";0;0,44;0;0,14;0;0;0;0;0;0;0,78;0;0;0;0;0,92;0;0;0;0;0,4;0,19;0;0
"donner";0;0,88;0;0,55;0;0;0,32;1,26;0;0;0,78;0;5,39;22,22;1,83;0;0;1,82;0;0;0,6;0,94;0;0
"partager";0;0;0;0,96;0;0;0;0;0;0;0,39;0;0;0;0,61;0,23;0;0;0;0,99;0;0,19;0;0
"quelques";0;0;0;0,55;0;0;0,64;1,44;0,47;0;0,78;0;0;0;0,61;0;0;0;0;0;0,6;0,38;0;0
"urgentiste";0;0;3,57;0;0;0;0;0;0;0;0;0;0;0;0;0,23;0;0;0;0;0;0;0;0
"gilet";0;0;6,82;0;0;0;0;0,18;0;0;0;0;0;0;0;0;0;0;0;0;0;0;0;0
"ciel";0;0;0;0,27;0;0;0,64;0,54;0;0,06;0,78;0;1,08;0;0;0;0;0;0;0,99;3,43;0,19;0;0
"finir";0;0;0;0,14;0;0;0,32;0,54;0,47;3,8;0,39;0;0;0;0;0;0;1,82;0;0;0;0,75;0;0
"echoué";0;0;0;2,06;0;0;0;0;0;0;0;0;0;0;0;0;0;0;0;0;0;0;0;0
"cas";0;3,08;0,32;0,41;0;0;0;0,9;0;0;0,39;0;0;0;0;2,07;0;0;0;0,99;0,4;0,19;0;0
"car";0;0;0;0,82;0;0;0,32;0,36;0,93;0,12;0;0;1,08;0;1,22;0;0;0;0;0;0;0,56;0;0
"discussion";0;0;2,92;0;0;0;0;0;0;0;0;0;0;0;0;0,92;0;0;0;0;0;0;0;0
"cours";0;0,44;0;0,82;0;0;0;0,9;0;0,06;0,78;0;0;0;0;0;0;0;0;0;0,6;0,56;0;18,18
"michel";0;0;0;0,14;0;0;0;0,72;0;0;1,96;0;0;0;0;0,92;0;0;0;0;0;0,75;0;0
"cafard";0;0;0;1,92;0;0;0;0;0;0;0;0;0;0;0;0;0;0;0;0;0;0;0;0
"découvrir";0;0,44;0;2,19;0;0;0,32;0,72;3,26;0,06;2,74;0;0;22,22;3,66;0;0;5,47;3,21;0,99;2,22;2,45;0;0
"forme";0;0;0,32;0,96;0;0;0,32;1,08;0,47;0,06;0,39;0;2,16;0;1,22;0;0;0;0;0,99;2,82;0;0;0
"valérie";0;0;0;0;0;0;0;0,18;0;0;0;0;0;0;0;0,92;0;0;0;0;0;1,88;0;0
"nom";0;0,44;0;0;0;0;0,32;0,18;0;0;0,78;0;0;0;0;0,23;0;0;0;0;0,81;0,38;0;0
"non";0;0,44;0,32;1,1;12,35;0;0,64;0,54;0;0;0,39;0;0;0;1,22;0,23;0;0;0;0;2,22;2,45;0;0
"emmener";0;0;0;0;0;0;0;0;0,93;0;0,39;0;0;0;2,44;0;0;0;0;0;0,2;0,38;0;0
"nos";0;0,88;0,32;0,41;0;0;0,32;1,26;1,87;0;1,57;0;0;0;0,61;0;0;0;3,21;0;0,6;0;0;0
"en";24,39;15,82;0,65;15,77;0;0;16,05;21,48;16,32;3,06;22,34;38,46;16,16;44,44;14,64;15,88;26,12;10,95;9,62;3,96;11,28;11,86;0;54,55
"ex";0;0;3,57;0,14;0;0;0;0,18;0;0;0;0;0;0;0;0,23;0;0;0;0;0;0;0;0
"et";12,2;23,73;20,45;33,87;37,04;0;17,33;36,46;32,65;26,87;27,44;0;53,88;22,22;27,46;12,89;19,88;21,9;22,44;15,83;20,15;25,8;30,61;18,18
"album";0;2,64;0;0;0;0;0;0,18;0,93;0;0;0;0;0;3,66;0;0;0;0;0;0;0;0;0
"marine";0;0,88;0;0,41;0;0;0;0;0;0;0;0;0;0;1,22;0,69;0;3,65;0;0;0,4;0;0;0
"message";0;0;0;1,1;0;0;0,64;0;0,47;0;0;0;0;0;0;0;0;0;6,41;0,99;0,4;0,56;0;0
"incroyable";0;0;0;0;0;0;0;0,18;0;0;0,78;0;0;0;1,22;0,23;0;0;0;0,99;2,42;0,19;0;0
"premier";0;2,2;1,3;0,96;0;0;1,6;1,08;2,33;0;2,74;0;2,16;0;1,83;1,84;0,57;1,82;0;0;1,41;1,13;0;0
"presque";0;0;0;0;0;0;1,6;0;0,93;0;0;0;0;0;0;0;0;0;0;0;0,6;0;0;0
"deux";0;2,2;0,97;1,51;0;0;0,64;0,54;1,4;0,19;1,96;0;3,23;22,22;1,22;0,69;0;0;0;0;0,2;1,32;0;0
"ligne";0;0,44;0;0;0;0;0,64;0,18;0;0;0;0;0;0;0;0;0;0;0;0;0,81;0,38;0;0
"étrange";0;0;0;0,96;0;0;0;1,08;1,87;0,12;0;0;0;0;0,61;0;0;1,82;0;1,98;5,64;1,51;0;0
"disparaître";0;0;0;0,27;0;0;0;0;0,47;0;0,39;0;0;0;0;0;1,14;1,82;0;0;0,2;1,69;0;0
"secrétaire";0;0;8,77;0,14;0;0;0;0,18;0;0;0;0;0;0;0;0;0;0;0;0;0;0;0;0
"joli";0;0;0;2,06;0;0;0,32;0,18;0;0;0;0;0;0;0;0;0;0;0;0;0;0;0;0
"leur";4,07;0,88;0;5,35;0;0;2,57;4,51;6,06;15,28;0,78;0;6,47;22,22;6,1;0,69;2,27;9,12;6,41;1,98;2,22;3,01;0;0
"sport";0;0;0;0,41;0;0;0;0,36;0;0;0;0;0;0;0;0,92;0;0;0;0;0;0,75;0;0
"3";0;0,44;0,65;0;0;0;3,21;0,36;0,47;1,62;0,39;0;0;0;0;1,15;0;1,82;0;0;0;0,19;0;0
"vrai";0;0;0;0,14;0;0;1,28;0,54;0,93;0;0;0;0;0;1,22;0,23;0;0;0;0;0,4;0,19;0;0
"près_de";0;0,44;0;0,14;0;0;0,32;0;2,8;0;1,18;0;0;0;0,61;0,46;0;0;0;0,99;0;0,19;0;0
"tropical";0;0;0;0;0;0;0;0;0;4,93;0;0;0;0;0;0;0;0;0;0;0;0;0;0
"maïa";0;0;0;0;0;0;0;0;0;0;0;0;0;0;0;8,52;0;0;0;0;0;0;0;0
"prétexte";0;0;0;0;12,35;0;0;0;0;4,93;0;0;0;0;0;0;0;0;0;0;0;0;0;0
"explication";0;0;0;0,27;0;0;0;0,18;0;0;0;0;0;0;0;0,46;0;0;3,21;0;0,4;0,75;0;0
"soir";0;0,88;0;0,14;0;0;2,89;0,18;0,47;0;0,39;0;0;0;0;0,46;0;0;0;0;0;0,38;0;0
"media";0;1,32;0,65;0;0;0;0,96;0;0;0;0;0;0;0;0;0,46;0;0;0;0;0;0;0;0
"fruit";0;0;0;0;0;0;0,64;0,54;0;0;0,39;0;0;0;0;0;0;0;0;1,98;0;0,56;0;0
"glacier";0;0;0;0;0;0;0;0;0;1,62;0;0;0;0;0;0;0;0;0;0;0;0;0;0
"européen";0;2,2;3,57;0;0;0;0,32;0,18;0;0;3,14;0;0;0;0;0,23;0;0;0;0;0;0;0;0
"ami";0;0;0;0,82;0;0;0,32;0,72;4,2;0,12;2,35;0;4,31;0;2,44;0;0,57;0;0;0;0;0,38;0;0
"certains";0;0;0;0,14;0;0;0,32;0,54;0,47;0;0;0;0;0;0,61;0,69;0;0;0;2,97;1,81;0,19;0;0
"faire";8,13;1,76;1,62;5,62;12,35;0;5,78;5,41;10,26;5,67;7,84;0;2,16;22,22;6,1;1,84;0,57;5,47;0;1,98;4,63;5,46;10,2;0
"héros";0;0,44;0;0,27;0;0;0;0,72;0,47;0,12;0,78;0;0;0;0,61;0;0;0;0;0;0;0;0;0
"vilain";0;0;0;0,14;0;0;0;1,26;0,47;0,06;0;0;0;0;0;0;0;0;0;0;0;0;0;0
"vendre";0;0;0;0;0;0;0;0,18;0,93;0,37;0;0;1,08;0;0;0,23;0;0;0;0;0;0,56;0;0
"intervention";0;0,88;0;0;0;0;0;0;0;0;0,78;0;0;0;0,61;0;0;0;0;0,99;0,81;0;0;0
"loi";0;0;1,3;0,41;0;0;0;0,18;0;0;0,39;0;0;0;0;0,46;0;0;0;0;0;0;0;0
"chambre";0;0;0;0,27;0;0;0;0,18;0;0;0;0;2,16;0;0;0;0;0;0;0;0,2;0,94;0;0
"giorgio";0;0;0;0;0;0;0;0;0;0;0;0;0;0;0;0;0;0;0;0;3,83;0;0;0
"vers";0;0,44;0;0,41;0;0;0;0,18;0;0;1,18;0;0;0;0;0,46;0;0;0;0,99;0,2;0,56;0;0
"aile";0;0;0;0;0;0;0;0;0;5,05;0;0;0;0;0;0;0;0;0;0;0;0;0;0
"médecin";0;0;3,57;0;0;0;0;0,72;0;0;0;0;0;0;0;0,23;0;0;0;0;0;0,56;0;0
"iran";0;7,47;0;0;0;0;0;0;0;0;0,39;0;0;0;0;0;0;0;0;0;0;0;0;0
"aimer";0;0;0;0,27;0;0;0;1,08;0,47;0;0,39;0;3,23;0;0;0,23;0;1,82;0;0;0;0,19;0;0
"vidéo";0;0;0,65;0,14;0;0;0,64;0,36;0;0,06;0,39;0;1,08;0;0;2,07;0,57;0;0;0;0,2;0,19;0;0
"réalité";0;0;0;0,96;0;0;1,28;0,9;1,4;0,19;0;0;3,23;0;0,61;0;0;1,82;0;0;0,81;0,75;0;0
"visage";0;0;0;0,27;0;0;1,28;0,36;0;0;0;0;0;0;0;0,23;0;1,82;0;0;0,6;0,38;0;0
"posséder";0;0,88;0;0;0;0;0;0,36;0;1,43;0;0;0;0;1,22;0;0;0;0;4,95;0,4;0;0;0
"suivant";0;0;0;0,55;0;0;0;0,72;0;0;0,39;0;0;0;0;0,23;0;1,82;0;0;0;0,19;0;0
"fr";0;0;0,97;0,14;0;0;0;0,18;0;0;1,18;0;0;0;0,61;0;0;0;0;0;0;0,19;0;0
"invasion";0;0;0;0,96;0;0;0;0,18;0,47;0,06;0;0;0;0;1,83;0,23;0;0;0;0;0;0;0;0
"documentaire";0;0;0;0,41;0;0;1,6;0,36;0;0;0,39;0;0;0;0;0;0;0;0;0;0;0;0;0
"cet";0;0;0;0;0;0;0;0,72;1,4;0,06;1,18;0;2,16;0;0;0;0;3,65;0;0;1,21;1,13;0;0
"ces";0;0,88;0,32;1,78;0;0;0,32;0,9;1,4;5,11;0,78;0;3,23;0;0,61;0,23;0;0;0;4,95;3,63;0,38;0;0
"base";0;0;0;0,27;0;0;0;0,18;0,93;0;0;0;0;0;0,61;0;0;0;0;2,97;0,4;0,75;0;0
"dire";0;0,88;0;0,41;0;0;1,6;1,08;0,93;0;1,96;0;1,08;0;1,22;0,23;0;1,82;0;0;0;1,32;0;0
"selon";0;0;0;0;0;0;0,96;0,18;0,47;0;0,39;0;0;0;0;0,46;0;0;0;4,95;5,04;0,38;10,2;0
"diffuser";0;0,44;0;0;0;0;2,89;1,08;0;0;0;0;0;0;0;0,23;0;0;0;0;0;2,07;0;0
"tf1";0;0;0,97;0,14;0;0;8,66;0;0;0;1,96;0;0;0;0;0,46;0;0;0;0;0;1,51;0;0
"téléspectateur";0;0,44;0,32;0;0;0;0,96;0,36;0;0;1,18;0;0;0;0;0;0;0;0;0;0;0;0;0
"véritable";4,07;0,44;0;0,55;0;0;0;0;0,47;0,06;0;0;0;0;0,61;0;0;1,82;0;0;0,81;0,75;0;0
"charlotte";0;0;0;1,1;0;0;0;0,18;0;0;0;0;0;0;1,22;0;0;0;0;0;0;0;0;0
"aussi";0;0;0;1,37;0;0;0,96;0,36;1,4;6,67;4,31;0;0;0;2,44;0,92;1,7;3,65;0;0,99;0,4;1,13;0;0
"jour";0;0;0,32;0,82;0;0;2,57;0,54;1,4;0;0,39;0;2,16;0;0,61;0,92;0;3,65;3,21;0;0,6;0;0;0
"justice";0;0;2,27;0;0;0;0;0,18;0;0,06;0;0;0;0;0;0,46;0;0;0;0;0;0;0;0
"international";0;0,88;0;0;0;0;0;0,18;0;0;0;0;0;0;0;1,38;0;0;0;0;0;0,19;10,2;0
"événement";0;0;0;0,82;0;0;0;0;0;0,12;0,78;0;0;0;0;0,23;0;1,82;0;0;0,6;0;0;18,18
"voler";0;0;0;0,27;0;0;0;0;1,4;5,05;0;0;2,16;0;0;0,23;0;0;0;0;0;0;0;0
"culture";0;0;0;0,96;0;0;0;1,26;0,47;0,06;0;0;0;0;0;0,69;0;0;6,41;1,98;1,61;0;0;0
"portrait";0;0,88;0;0;0;0;0,32;1,44;0;0;0;0;0;0;0;0;0;0;0;0;0;0,56;0;0
"effet";4,07;0,44;0;0,27;0;0;0;0;0;0,06;0,39;0;3,23;0;0,61;0,46;0;0;0;0;0,2;0,19;0;0
"sophia";0;0;0;0,96;0;0;0;0;0;0;0;0;0;0;0;0;0;0;0;0;0;0,56;0;0
"créature";0;0;0;0,41;0;0;0;0,18;0;0;0;0;3,23;0;0,61;0;0;1,82;0;3,96;4,03;0,19;0;0
"planète";4,07;0;0;4,8;0;0;0;0,36;2,33;5,17;1,18;0;8,62;0;1,83;0,46;3,98;1,82;0;2,97;0,81;0,38;0;0
"docteur";0;0;0;0,27;0;0;0;0,72;0,47;0,06;0;0;0;0;0;0;0;0;0;0;0;0,56;0;0
"grand";0;1,76;1,3;1,65;0;0;1,6;0,9;3,26;0,12;2,35;0;4,31;0;1,22;2,3;0;0;0;0,99;2,22;1,51;0;0
"000";0;0;0,32;0;0;0;0;0,54;2,8;0;0;0;0;0;0;0,23;0;0;0;0;0,6;0;0;0
"coup";0;0;0;0,14;0;0;0,64;0;0,47;0;0;0;0;0;1,83;0;0;3,65;0;0;0;0,38;0;0
"autres";0;0;0,32;1,37;0;0;0;1,44;0;5,11;2,35;0;0;0;0,61;0;0,57;0;6,41;2,97;2,01;0,94;0;0
"pierre";0;0;0;0,82;0;0;0,96;0,18;0;0;2,35;0;0;0;0;0,46;0;0;0;0;0,2;0,56;0;0
"jouer";0;0,44;0;0,27;0;0;0;0,36;0;0;0,39;0;0;0;1,22;0,23;0,57;0;0;0;0;0,75;0;0
"jamais";0;0;0,32;0;0;0;0,64;0,72;0;0;0,39;0;0;0;0;0;0;0;0;0;1,21;0,38;0;0
"être";24,39;18,45;13,96;21,94;24,69;0;20,54;25,27;27,05;19,7;25,87;38,46;24,78;22,22;32,34;16,8;32,37;31,02;35,26;35,61;36,87;25,24;20,41;36,36
"hapsatou";0;0;3,57;0;0;0;0;0;0;0;0;0;0;0;0;0;0;0;0;0;0;0;0;0
"pauline";0;0;0;2,61;0;0;0;0;0;0;0;0;0;0;0;0;0;0;0;0;0;0;0;0
"cryogénisé";0;0;0;0,14;0;0;0;0;0;0;0;0;0;0;0;0;23,85;0;0;0;0;0;0;0
"rester";0;0,44;0;0,55;0;0;1,28;0;0,47;0,06;0,39;0;0;0;1,83;0;0;1,82;0;0;2,01;1,13;0;0
"visite";0;0,44;0;0,14;0;0;0;0,18;0;0;0;0;1,08;0;0;0,23;0,57;1,82;0;2,97;1,41;0,38;0;0
"structure";0;0;0;0;0;0;0;0,36;0;0;0;0;0;0;0;0;0;0;0;0;2,42;0;0;0
"peut_être";0;0;0;0;0;0;0;0,36;0,93;0;0;0;0;0;0,61;0;0;0;0;2,97;0,81;0,56;0;0
"utiliser";8,13;0,44;0;0,27;0;0;0;0,9;0,93;0,06;0;0;0;0;0;0,46;0;0;0;0,99;1,01;0;0;0
"rencontre";0;0;0;0,41;0;0;0;0,72;0;0;1,18;0;0;0;0;0,92;0;1,82;0;2,97;1,01;0,75;0;0
"supervilains";0;0;0;1,92;0;0;0;0;0;0;0;0;0;0;0;0;0;0;0;0;0;0;0;0
"suite";0;0,44;2,92;0;12,35;0;0;0,54;0,47;0;0;0;0;0;0;0,23;0;0;0;0;0,2;0,19;0;0
"scientologie";0;0;0;0;0;0;0;2,89;0;0;0;0;0;0;0;0;0;0;0;0;0;0;0;0
"apprendre";0;0;0;0;0;0;0,32;0,36;0;0,06;0,39;0;1,08;0;0;0;0;0;0;0,99;0;0,75;0;0
"avoir";12,2;9,67;9,09;12,07;0;0;25,67;20,21;20,06;35,79;16,46;0;10,78;0;15,25;16,8;27,83;21,9;19,23;42,53;31,03;13,37;20,41;18,18
"michael";0;0;0;0,82;0;0;0,32;0,18;0;0;0;0;0;0;0;0,46;0;0;0;0;0;0,19;0;0
"élection";0;3,08;0,32;0;0;0;0,32;0;0;0;0;0;0;0;0;1,15;0;0;0;0;0;0;0;0
"jump";0;0;0;0;0;0;0;0;0;5,11;0;0;0;0;0;0;0;0;0;0;0;0;0;0
"cela";0;0,88;0;0;0;0;0,64;0,54;0;0;0,39;0;0;0;0,61;0;0;0;0;0,99;0,4;0,19;0;0
"gens";0;0;3,57;0,27;0;0;0;0,18;0;0;0;0;0;0;0;0,23;0;0;0;0,99;0,2;0;0;0
"danger";0;0;0;0,82;0;0;0;0;0;5,05;0;0;0;0;0,61;0;0;0;0;0;0;1,13;0;0
"français";0;3,95;3,9;0,55;0;0;0,32;0,9;0;0;2,35;0;0;0;1,22;2,76;0;0;0;0;0;0,19;0;0
"gitan";0;0;4,55;0;0;0;0;0;0;0;0;0;0;0;0;0;0;0;0;0;0;0;0;0
"volant";0;0;0;0,55;12,35;0;0;0;1,87;0,06;1,57;0;2,16;0;2,44;0,23;0;0;0;1,98;0,81;0,38;0;0
"entrer";0;0;0;0,14;0;0;0,32;0,18;0;0;0;0;3,23;0;0;0,46;0;0;3,21;0;1,01;0,38;0;0
"heure";0;0;0;0,69;0;0;0,32;0,18;0;0;3,53;0;0;0;0,61;0;0;0;0;0;0;0;0;0
"également";0;0,44;0,32;0,41;0;0;0,32;0,18;0;0;0,78;0;0;0;1,22;0,69;0;0;0;0;0,4;0,56;0;0
"rencontrer";0;0;0;0,96;0;0;0;0,54;0,93;0,06;0;0;2,16;0;0,61;0;0;0;0;0;1,01;0,75;0;0
"représentant";0;0;0;0;0;0;0;0;0;0;0;0;0;0;0;0;0;0;0;0;2,01;0,19;0;0
"avocat";0;0,44;5,19;0;0;0;0;0,54;0;0;0,39;0;0;0;0;0,92;0;0;0;0;0;0;0;0
"cause";0;0,44;0;0,14;0;0;0,64;0,18;0,47;0,12;0;0;0;0;0,61;0,23;0;0;0;0,99;0;0;0;0
"université";0;0,44;0;1,23;0;0;0;0,36;0;0;0;0;0;22,22;0,61;0,23;0;0;0;0;0;0;0;0
"lancer";0;0;0,32;0,41;0;0;1,6;0,18;0;0,06;1,18;0;0;22,22;1,22;0,23;0,57;0;0;0;0;0,38;0;0
"ovni";0;0,88;0,32;1,78;0;0;0,64;1,44;2,8;0,12;3,53;0;0;22,22;2,44;0,69;0;1,82;0;0;3,22;0,56;0;0
"adopter";0;0;0;0;0;0;0;0,36;0,47;5,05;0;0;0;0;0;0,23;0;0;0;0;0;0,19;0;0
"sy";0;0;3,57;0;0;0;0;0;0;0;0;0;0;0;0;2,99;0;0;0;0;0;0;0;0
"liste";0;0;0;0;0;0;0;0,18;0;0;0,39;0;0;0;0;0,23;0;0;0;0,99;0;1,32;0;0
"âge";0;0;0;0;0;0;0;0;0,47;0;0,39;0;0;0;0,61;0;0;1,82;0;0;1,41;0,56;0;0
"jaune";0;0;6,82;0;0;0;0,32;0;0;0;0;0;1,08;0;0;0;0;0;0;0;0;0;0;0
"maintenant";0;0;0;0,55;0;0;0,32;0,36;0;0;0;0;0;0;0;0;0;0;0;0;0,4;0,75;0;0
"laurent";0;0;0;0;0;0;1,93;0,9;0;0;0;0;0;0;0;0;0;0;0;0;0;0;0;0
"réaliser";4,07;0;0;0,14;0;0;1,28;1,26;0;0,06;0;0;0;0;0;0,46;0,57;0;0;0;0,2;0,75;0;0
"courir";0;0;0;0;0;0;0;1,62;0,47;5,05;0;0;0;0;0;0;0;0;0;0;0;0,56;0;0
"rubrique";0;0,88;0,65;0;0;0;0;0;0;0;0,39;0;0;0;0;0;0;0;0;0;0;1,32;0;0
"trouver";0;0,44;0;0,82;0;0;0;1,08;1,4;0,06;2,35;0;3,23;0;0,61;0;1,7;0;0;0,99;2,42;2,64;0;0
"mohammed";0;0;3,57;0;0;0;0;0;0;0;0;0;0;0;0;0;0;0;0;0;0;0;0;0
"j";0;0;0;0;0;0;0;1,44;1,87;0;0,39;0;0;0;0,61;0;0;0;0;0;0;0;0;0
"média";0;0;0,97;0;0;0;0;0,36;0,47;0;0;0;0;0;0;1,61;0;0;0;0;0;0;0;0
"preuve";0;0;0;0,14;0;0;0;0;0;0;0;0;0;0;0,61;0;0;0;0;3,96;5,44;0;0;0
"macron";0;1,76;0,32;0;0;0;0;0;0;0;1,18;0;0;0;0;1,61;0;0;0;0;0;0;0;0
"luc";0;0,44;7,47;0,14;0;0;0,32;0,18;0;0;0,39;0;0;0;0;0,46;0;0;0;0;0;0;0;0
"lui";4,07;0,44;0;4,66;12,35;0;0,96;2,35;2,8;0,25;2,74;0;3,23;0;0,61;0,46;0,57;5,47;0;0;2,42;7,91;0;0
"ukrainien";0;0,44;0;0;0;0;0;0;0;0;0;0;0;0;0;2,3;0;0;0;0;0;0;0;0
"police";0;0;9,42;0,55;0;0;0,32;0,18;0;0;0;0;0;0;0;0;0;0;0;0;0;0,19;0;0
"animateur";0;0;0,32;0;0;0;2,89;0,18;0;0;0;0;0;0;1,22;0;0;0;0;0;0;0,56;0;0
"paranormal";0;0;0;0;0;0;0,64;0,54;0,47;0;0;0;0;0;0,61;0,23;0;0;0;0;0,4;0;0;0
"vinci";0;0;0;0;0;0;0;0;0;1,62;0;0;0;0;0;0;0;0;0;0;0;0;0;0
"carrière";0;0;0;0,27;0;0;0,96;0,54;0,93;0;0;0;0;0;0;0;0;0;0;0;0;0;0;0
"examiner";0;0;0;0;0;0;0;0;0;0;0;0;0;0;0;0;0;0;0;0;3,02;0,19;0;0
"46";0;0,44;0,97;0,41;0;0;1,6;0;0;0;0;0;0;0;0;0,46;0;0;0;0;0;0;0;0
"femme";0;1,76;0;0,82;0;0;0,96;1,99;1,87;0;0;0;0;0;2,44;0,69;0;3,65;0;0;0;2,45;0;0
"région";0;0,44;0;0,14;0;0;0,32;0,54;0;0;0;0;1,08;0;0;0,46;0;0;0;0;0,2;0;0;0
"moins";0;0;0;0;0;0;0,32;0,36;0,47;0;0,39;0;0;0;0;0;0;0;0;0;1,01;0,19;0;0
"persuader";0;0;0;0,14;0;0;0;0,36;0,93;0,19;0;0;1,08;0;4,27;0;0,57;0;0;0,99;0;1,32;0;0
"yacine";0;0;0;2,06;0;0;0;0;0;0;0;0;0;0;0;0;0;0;0;0;0;0;0;0
"général";4,07;0;8,77;0,41;0;0;0;0,54;0;0;0;0;0;0;0;0;0;0;0;0;0;1,51;0;0
"eau";0;0;0;0;0;0;0,32;0,36;0;3,24;0,39;0;0;0;0;0;0;0;0;0;0;0,38;0;0
"étude";0;0;0;0,69;0;0;0;0,36;0;0;0;0;0;0;1,22;0,23;0;0;0;0;0;0;0;0
"laporte";0;0;3,9;0;0;0;0;0;0;0;0;0;0;0;0;0;0;0;0;0;0;0;0;0
"inconnu";0;0,44;0;0,41;0;0;0,32;0;0;0;0;0;0;0;0;0;0;0;0;0,99;0,2;0,75;0;0
"chercher";0;0;0;1,1;0;0;1,28;0,36;0,47;0,25;0;0;3,23;0;0;0;0;0;0;0,99;0;0,94;0;0
"eric";0;0,88;7,79;0,27;0;0;0,64;0,72;0;0;0;0;0;0;0;2,99;0;0;0;0;0;0;0;0
"pernin";0;4,39;0;0;0;0;0;0;0;0;0;0;0;0;0;0;0;0;0;0;0;0;0;0
"arrêter";0;0;0;0,27;0;0;0,96;0,18;0,47;0;0,78;0;1,08;0;0,61;0;0;0;0;0;0;0,19;0;0
"star";0;0;0;0,27;0;0;2,89;0,72;0,47;0,12;0;0;0;0;0;0,46;0;3,65;0;0;0;0,94;0;0
"fois";0;1,32;0,32;0,41;0;0;0,64;0,36;0,93;3,43;1,18;0;0;0;1,83;0,23;0,57;0;0;0;0,4;0,38;0;0
"parole";0;0,44;4,87;0;0;0;0;0,18;0;0;0,39;0;0;0;0;2,07;0;0;0;0;0;0,19;0;0
"aider";8,13;0;0;0,41;0;0;0;0,18;0;0,06;0,78;0;3,23;0;0,61;0,46;0;0;0;0;0;0;0;0
"aux";4,07;13,62;0,32;3,15;0;0;1,6;5,96;0,93;0,12;3,14;0;10,78;0;4,27;5,06;0,57;9,12;0;4,95;5,04;2,82;0;0
"siècle";0;0;0;0,27;0;0;0;0;0;0;0;0;0;0;0;0;0;0;0;2,97;1,21;0,19;0;0
"voix";0;0,88;0;0;12,35;0;0;0;0,47;0;0,39;0;0;0;1,22;1,15;0;0;0;0;0;0,56;0;0
"réputation";0;0;0;2,33;0;0;0,32;0;0;0;0;0;0;0;1,22;0;0;0;0;0;0;0;0;0
"voir";4,07;3,08;0,32;1,1;0;0;0,96;0,9;1,4;0,06;0;0;5,39;22,22;2,44;0,46;0,57;1,82;12,82;0,99;0,4;1,32;0;0
"légende";0;0,44;0;0,14;0;0;0;0;0;0,12;0,78;0;0;0;0;0;0;0;0;2,97;0,81;0,94;0;0
"force";0;0,44;0,65;0,82;0;0;0;0,36;0;0,06;0,39;0;0;0;0,61;0,23;0;0;0;1,98;0;0,19;10,2;0
"histoire";0;1,76;0;0,41;24,69;0;0;1,08;1,4;0;1,57;0;0;0;1,22;1,15;1,14;0;0;3,96;3,22;0,38;0;0
"new";0;0;0;0,41;0;0;1,28;0,18;0;0;0;0;1,08;0;0;1,15;0;0;0;0;0;0;0;0
"propre";0;0;0;0;0;0;0;0,54;0,93;5,05;0,78;0;0;0;0;0;0;1,82;0;0,99;0,4;0,38;0;0
"aujourd_hui";0;0;0;0,14;0;0;0,32;1,44;0,47;5,05;1,96;0;1,08;0;1,22;0,23;0;1,82;9,62;0,99;1,41;0;0;0
"omar";0;0;0;0;0;0;0;0;0;0;0;0;0;0;0;2,99;0;0;0;0;0;0;0;0
"arme";0;0;0;0,41;0;0;0,32;0;0;0,12;0;0;0;0;0;0;0;0;0;1,98;0,2;0,19;0;0
"dettinger";0;0;13,96;0;0;0;0;0;0;0;0;0;0;0;0;0;0;0;0;0;0;0;0;0
"quotidien";0;2,2;0,65;0,55;0;0;0;1,62;0,47;0;0,39;0;1,08;0;0,61;0,23;0;0;0;0;0;0;0;0
"géant";0;0;0;0,27;0;0;0;0;0,47;0,06;1,18;0;0;0;0;0;0;0;0;0;1,81;0,56;0;0
"quoi";0;0;0;0;0;0;0;0,18;0;1,62;0,39;0;0;0;0;0;0;1,82;0;0;0,2;0,19;0;0
"suggérer";0;0,44;0;0;0;0;0;0;0;0;0;0;0;0;0;0;0;0;0;1,98;2,01;0;0;0
"afin";4,07;0,44;0;0,82;0;0;0;0;1,4;0;0,78;0;0;0;1,83;0,23;0;0;0;0;0,2;0,38;10,2;0
"famille";0;0,44;0;1,1;0;0;0,64;2,35;0,47;0,19;0,39;0;0;0;0,61;0;0;0;0;0;0;1,32;0;0
"vivre";0;0;0;0,55;0;0;0,64;3,25;0;0;0,39;0;0;0;0,61;0,46;0,57;3,65;0;0,99;0,81;1,13;0;0
"comportement";0;0;4,55;0,14;0;0;0;0;0;0;0;0;1,08;0;0,61;0;0;0;0;0;0;0;0;0
"aide";0;0;0;0,69;0;0;0,32;0,36;0,47;0,06;0;0;1,08;0;1,83;0;0;1,82;0;0,99;0;0,19;0;0
"créer";4,07;0,88;0;0,82;0;0;0,32;0,72;0;0;0,39;0;5,39;0;1,22;0,23;0;1,82;0;0;0;0;0;0
"acteur";0;0;0;0,41;0;0;0;0,18;0;0;0;0;0;0;0;5,98;0;0;0;0;0;1,32;0;0
"surprise";0;0;0,32;0,14;0;0;0;0,18;0,47;0,12;0;0;0;0;0,61;0,23;0;0;0;0;0;0,38;0;0
"sauver";0;0;0;0,96;0;0;0;0,18;0,93;6,55;0,39;38,46;2,16;0;1,83;0;0,57;0;0;0;0;0,19;0;0
"entraîner";0;0;0;0,27;0;0;0,32;0;0;5,05;0;0;0;0;0;0;0;1,82;0;0;0;0;0;0
"attaque";0;0;0;1,51;0;0;0;0;0;0,06;0,39;0;0;0;0,61;0,23;0,57;0;0;0;0;1,32;10,2;0
"école";0;0;0;0,96;0;0;0;0,72;0,47;0,06;0,39;0;0;0;0,61;0,23;0;1,82;0;0;0;1,51;0;0
"chroniqueur";0;7,91;2,92;2,88;0;0;0;4,69;0;0;0,78;0;0;0;0;11,05;0;0;0;0;0;0;0;0
"syndicat";0;0;4,55;0;0;0;0;0;0;0;0;0;0;0;0;0;0;0;0;0;0;0;0;0
"avion";0;0,88;0;0;0;0;0;0;0;0;0;0;0;0;0;0,69;0;0;0;0;0,2;0,94;0;0
"terrestre";0;0;0;0,55;0;0;0;0,18;0,47;0;0;0;0;0;1,22;0,23;0;0;0;0;0;1,13;0;0
"don";0;0;0,32;0,14;0;0;0,32;0;0;0;0;0;0;0;0,61;0;1,14;0;0;1,98;0;0,38;0;0
"doo";0;0;0;0;0;0;0;0;4,66;0,06;0;0;0;0;0;0;0;0;0;0;0;0;0;0
"christopher";0;0;0,32;0;0;0;0;0;0;0;0;0;0;0;0;0;0;0;0;0;0;2,45;0;0
"traverser";0;0;0;2,06;0;0;0;0,18;0;0;0;0;0;0;0;0;0;0;0;0;0;0;0;0
"julien";0;0;0;0,55;0;0;0,32;0,18;0;0;0;0;0;0;0;11,05;0;0;0;0;0;0;0;0
"cabrol";0;4,83;0;0;0;0;0;0;0;0;0,39;0;0;0;0;2,53;0;0;0;0;0;0;0;0
"02";0;0,88;0,65;0;0;0;1,93;0;0;0;0;0;0;0;0;2,76;0;0;0;0;0;0;0;0
"03";0;0,44;0,65;0;0;0;0,96;0;0;0;0;0;0;0;0;1,84;0;0;0;0;0;0;0;0
"00";0;0,44;5,84;0,14;0;0;1,93;0;0;0;0;0;0;0;0;1,84;0;0;0;0;0;0;0;0
"01";0;0;1,95;0;0;0;1,93;0;0;0;0;0;0;0;0;3,22;0;0;0;0;0;0;0;0
"07";0;0;1,95;0;0;0;1,93;0;0;0;0;0;0;0;0;1,61;0;0;0;0;0;0;0;0
"04";0;0,88;1,3;0;0;0;0,32;0;0;0;0;0;0;0;0;2,3;0;0;0;0;0;0;0;0
"05";0;0,44;2,6;0;0;0;0,64;0;0;0;0;0;0;0;0;1,61;0;0;0;0;0;0;0;0
"08";0;0,44;1,3;0;0;0;0,96;1,08;0;0;0;0;0;0;0;0,69;0;0;0;0;0;0;0;0
"09";0;0,44;1,3;0,27;0;0;1,6;0;0;0;0;0;0;0;0;1,84;0;0;0;0;0;0;0;0
"sorte";0;0;0;0,41;12,35;0;0,32;0,36;0;0,06;0,39;0;0;0;0;0;0;0;0;0;0;0,75;0;0
"confronter";0;0;0;0,14;0;0;0;0,18;1,4;0;0,39;0;0;0;0,61;0,23;0;0;0;0;0;0,38;0;0
"une";16,26;7,03;2,6;16,45;12,35;71,43;9,95;17,33;16,32;25,5;10,19;0;8,62;22,22;24,41;8,29;9,09;23,72;3,21;12,86;16,52;22,98;20,41;54,55
"scientifique";0;0;0;0,82;0;0;1,28;0,54;0,47;0,44;0,78;0;0;0;0;0,23;0;0;6,41;2,97;1,61;0,19;0;0
"mathieu";0;4,39;0;0;0;0;0;0;0;0,12;0;0;0;0;0;0;0;0;0;0;0;0;0;0
"il";0;5,71;3,57;8,36;12,35;0;10,91;7,76;13,53;10,66;7,84;38,46;12,93;44,44;15,25;7,13;27,26;20,07;3,21;7,91;10,88;13,37;10,2;18,18
"amour";0;0;0;0,14;0;0;0,96;0,54;0,93;0;0,39;0;0;0;0,61;0;0,57;3,65;0;0;0;0;0;0
"théoricien";0;0;0;0;0;0;0;0;0;0;0;0;0;0;0;0;0;0;0;5,93;4,43;0;0;0
"quand";0;0;0;1,23;0;0;0;1,26;1,87;0,06;1,18;0;0;0;3,05;0;0;3,65;0;0;0;0,56;0;0
"livre";0;2,2;0,32;1,1;0;0;0,64;0,9;0,47;0;0,39;0;0;0;0;1,84;0;0;0;0;0,6;0;0;0
"elle";20,33;3,51;0;3,15;0;0;11,23;11,91;3,73;0,44;4,31;0;5,39;0;3,66;3,68;0;12,77;6,41;1,98;2,01;11,3;0;0
"vieux";0;0;0;0,14;0;0;0;0;0,47;0,06;0,39;0;0;0;0,61;0;0;0;0;1,98;0;1,51;0;0
"kid";0;0;0;0;0;0;0;0,18;0,47;0;0;0;0;0;4,88;0;0;0;0;0;0;0,56;0;0
"neptuna";0;0;0;0;0;0;0;0;0;0;3,92;0;0;0;0;0;0;0;0;0;0;0;0;0
"nicolas";0;0;0;0,14;0;0;0,64;0,72;0;0;0;0;0;0;0;0,46;0;0;0;0;0;0,19;0;0
"royal";0;0,44;0;0,14;0;0;0,32;0;0;0;0,39;0;0;0;0;0,46;0;0;0;0;0;0,94;0;0
"musique";0;0,88;0;0,41;0;0;0,96;0;0,47;0;0,39;0;2,16;0;0;0,23;0;0;0;0;0;0,19;0;0
"revel";0;0;3,9;0;0;0;0;0;0;0;0;0;0;0;0;0;0;0;0;0;0;0;0;0
"super";0;0;0;0,41;0;0;0;0,18;0;6,86;1,57;0;0;0;0;0;0;0;0;0;0;0,19;0;0
"magazine";0;0;0,32;0,14;0;0;0,64;1,08;0;0;1,18;0;0;0;0;0,23;0;0;0;0;0;0,19;0;0
"maître";0;2,64;0;0;0;0;0;0,54;2,33;0;0;0;1,08;0;0;0;0;0;0;0;0;0;0;0
"lieu";4,07;0;0;0,27;12,35;0;0;0,18;0,47;0;0;0;3,23;0;0,61;0;0;0;0;0,99;0,2;0,94;0;0
"batman";0;0;0;0;0;0;0;0;0;6,55;0;0;0;0;0;0;0;0;0;0;0;0;0;0
"très";0;1,32;0;1,1;0;0;0,64;2,35;3,26;1,62;2,35;0;4,31;22,22;1,83;0,46;0;1,82;0;0;0,4;0,19;10,2;0
"mystérieux";0;0;0;0,41;0;0;0;0,18;0,93;0,06;0;0;0;0;0;0,23;0,57;0;0;2,97;2,22;1,13;0;0
"petit";0;0;0;2,06;0;0;0,64;2,53;4,66;9,98;6,66;0;1,08;0;2,44;2,3;0;0;0;0;0;3,01;0;0
"décider";4,07;0;0;1,1;0;0;0;0,54;0,47;0,06;0,78;0;2,16;22,22;2,44;0,23;1,7;0;0;0;0;1,51;0;0
"corbière";0;0;4,22;0;0;0;0;0;0;0;0;0;0;0;0;0;0;0;0;0;0;0;0;0
"dieu";0;0;0;0;0;0;1,28;0;0;0;0;0;0;0;0;0;0;0;0;2,97;2,01;0,38;0;0
"chrono";0;0;0;0;0;0;0;0;0;1,62;0;0;0;0;0;0;0;0;0;0;0;0,38;0;0
"mazaurette";0;0;0;0;0;0;0;0;0;0;0;0;0;0;0;9,44;0;0;0;0;0;0;0;0
"laure";0;0;0;0;0;0;0,32;0,18;0;0;0;0;0;0;0;0;0;0;0;0;0;9,79;0;0
"ville";0;0,44;0;1,37;0;0;0,32;0,36;1,87;0,19;0,39;0;1,08;0;0,61;0,23;0,57;0;0;0,99;0,4;0,19;0;0
"etats";0;0,44;0;0,41;0;0;0;0,36;0;0;0;0;3,23;0;0;0,46;0;0;0;0,99;0,4;0;0;0
"accompagner";0;0,44;0;0,27;0;0;0;0,54;0,93;0;0,39;0;0;0;0,61;0;0;0;0;0;0;0,94;0;0
"voiture";0;0;0;0,55;0;0;0;0;0;0;0,39;0;0;0;0;0,23;0;0;0;0;0;1,32;0;0
"boy";0;0;0;0;0;0;0;0;0;3,43;0;0;4,31;0;0;0;0;0;0;0;0;0;0;0
"père";0;0;0;0,41;0;0;0,64;0,72;0,93;0;0,78;0;0;0;0;0;1,7;0;0;0;0;3,2;0;0
"bon";0;0;0;0;0;71,43;0;1,44;0;0;0,78;0;1,08;0;1,22;0,46;0;1,82;0;0;0;0;0;0
"margot";0;0;0;1,51;0;0;0;0;0;0,06;0;0;0;0;0;0;0;0;0;0;0;0;0;0
"univers";0;1,32;0;0;0;0;0,32;0,18;0,93;5,11;0,78;0;0;0;0,61;0;0;0;0;0;1,21;0;0;0
"france";0;6,15;4,87;0,55;0;0;9,95;1,62;1,4;0;3,92;0;1,08;0;0,61;3,91;0;0;0;0;0;0,38;0;0
"équipe";4,07;0;0,32;0,69;0;0;0;0,18;0,93;0;0,39;0;1,08;0;0,61;2,07;1,7;0;0;0;0,2;0,38;0;0
"vous";0;0,44;4,87;0,41;0;0;0,32;5,05;0;0;1,18;0;0;0;0,61;0,23;0;3,65;0;0;0;0,19;0;0
"militaire";8,13;0,44;0;0,82;0;0;0;0,18;0;0;0,39;0;0;0;0;0;0;0;0;1,98;0,2;1,88;10,2;0
"sous";12,2;0,44;0;0,27;0;0;0,64;0,72;0;0,06;0;0;0;0;0;0;0,57;0;3,21;0;2,01;1,32;0;0
"agent";0;0;0;0,14;0;0;0,96;0,18;0;0;0;0;0;0;2,44;0;1,7;0;0;0;0;0,19;0;0
"mal";0;0,44;0;0,27;0;0;0,32;0,9;0;0;0;0;0;0;0,61;0,23;0;0;0;0;0;0,38;0;0
"avant";0;0,44;0,32;0,27;0;0;0,32;1,26;0,93;0;0,78;0;1,08;0;0,61;0;0;3,65;0;0;0;0,56;0;0
"nous";0;1,32;0,65;1,23;0;0;0,32;3,97;2,33;0,12;1,96;0;0;0;3,05;0,23;0;1,82;25,64;0;4,03;2,64;0;0
"spécialiste";0;5,71;0;0,27;0;0;0;0,9;0;0;0,39;0;0;0;0,61;3,45;0;1,82;0;1,98;0;0;0;0
"mais";0;0;0,32;4,25;0;0;0,32;3,07;3,73;10,72;4,7;0;6,47;0;4,27;0,69;0,57;9,12;0;0,99;2,62;6,4;0;0
"main";0;0,44;0;0,14;0;0;0;0,18;1,87;0;0;0;0;0;0;0,23;0;1,82;0;0;0;0,75;0;0
"nouveau";4,07;1,76;0,65;2,06;0;0;1,28;1,26;1,87;0,31;1,96;0;5,39;0;3,05;2,53;23,85;1,82;0;0,99;2,22;0,94;20,41;0
"ancien";0;0,44;11,36;0;12,35;0;1,93;1,08;0;1,43;1,18;0;2,16;0;0,61;1,38;0;0;12,82;9,89;12,69;0,38;0;0
"agir";0;0;0;0,27;0;0;0,64;0;0;0,19;1,18;0;0;0;2,44;0,46;0;1,82;0;1,98;0,81;1,32;0;18,18
"homme";0;0,44;0,65;3,02;0;0;1,93;0,9;0,93;0;3,53;0;0;22,22;3,05;0,92;0;0;0;6,92;3,43;3,2;10,2;0
"ministre";0;1,32;2,27;0;0;0;0;0,36;0;0;0,78;0;0;0;0;2,76;0;0;0;0;0,4;0;0;0
"chanson";0;0;0;0;0;0;1,93;0,9;1,4;0,12;0;0;0;0;1,83;0,23;0;0;0;0;0;0;0;0
"11";0;0,44;0,97;0,14;0;0;1,6;0;0,47;0;0;0;0;0;0;2,53;0;0;0;0;0,2;0,38;0;0
"10";0;1,32;0,97;0;0;0;1,93;0;0,47;0;0;0;0;0;0;1,15;0;0;0;0;0;0,19;0;18,18
"13";0;1,32;0,65;0;0;0;0,96;0,36;0;0;1,18;0;0;0;0;1,38;0;0;0;0;0;0,19;0;0
"12";0;0,44;0,97;0;0;0;2,57;1,44;0;0;0;0;0;0;0;2,3;0;0;0;0;0;0,75;0;0
"15";0;0,44;0,97;0,14;0;0;0,96;0,18;0;0;1,96;0;0;0;0;2,76;0;0;0;0;0;0;0;0
"14";0;1,76;0,32;0,14;0;0;1,6;0,18;0;0;0;0;0;0;0;0,69;0;0;0;0;0;0;0;0
"17";0;0,44;0,97;0,14;0;0;0,96;1,26;0;0;0;0;0;0;0;0,92;0;0;0;0;0;0,19;0;18,18
"16";0;0,88;1,3;0,27;0;0;0,64;0,36;0;0;0,39;0;0;0;0;1,38;0;0;0;0;0;0;0;0
"19";0;3,08;0;4,39;0;0;31,45;0;0;0;0,78;0;0;0;0;18,87;0;0;0;0;0;0;0;0
"18";0;0;0;0;0;0;14,76;0,18;0;0;0,78;0;0;0;0;1,15;0;0;0;0;0;0,19;0;0
"spectacle";0;0,44;0;0;0;0;0,64;0,9;0;0;0,39;0;0;0;0;0,46;0;0;0;0;0;0,19;0;0
"trace";0;1,76;0;2,33;0;0;0;0;0;0;0;0;0;0;0;0;0;0;0;0;0,81;0,38;0;0
"extraire";0;0;1,95;1,51;0;0;8,99;0,36;0;0;5,1;0;0;0;2,44;11,97;0;0;0;0;0;6,03;0;0
"fille";0;0,44;0;0,41;0;0;0,96;2,89;0,93;10,04;1,18;0;0;0;0;0,23;1,7;3,65;0;0;0;1,51;0;0
"show";0;0;0;1,92;0;0;0,32;0,18;0;0;0;0;0;0;0,61;0;0;0;0;0;0;0;0;0
"aventure";0;0;0;0;0;0;0;0,54;0;10,1;1,57;0;0;0;1,83;0;0;0;0;0;0;0,75;0;0
"étranger";0;0,44;0;0;0;0;0;0,18;0;0;0;0;1,08;0;0,61;0,92;0;0;0;0;0;0,56;0;0
"débarquer";0;0;0;0,41;0;0;0,32;0,18;3,26;0,06;0;0;0;0;0,61;0,23;0;0;0;0;0;0,56;0;0
"43";0;0,88;0,32;0,27;0;0;2,57;0;0;0;0;0;0;0;0;1,38;0;0;0;0;0;0;0;0
"parent";0;0;0;0,69;0;0;0,96;3,07;0,93;5,05;0,78;0;0;0;0,61;0,23;0;0;0;0;0;0,19;0;0
"jt";0;0;2,27;0;0;0;2,25;0;0;0;2,35;0;0;0;0;0;0;0;0;0;0;0;0;0
"je";0;0;0;0;0;0;0,32;0,9;1,87;0;3,14;0;0;0;0;0;0;0;0;0;0;0,19;0;0
"lopez";0;0;4,55;0;0;0;0;0;0;0;0,78;0;0;0;0;0;0;0;0;0;0;0;0;0
"rugby";0;0;3,57;0,27;0;0;0;0;0;0;0;0;0;0;0;0;0;0;0;0;0;0;0;0
"tour";0;0,88;0;0,14;0;0;0;0,18;0,47;0,06;0;0;0;0;1,22;0,23;0;0;0;0;0,4;0,75;0;0
"tous";0;0,88;0,97;1,37;0;0;0,64;2,35;5,6;5,24;1,57;38,46;2,16;0;0,61;1,38;0;3,65;0;0;0,6;1,13;0;0
"capable";0;0;0;0,14;0;0;0;0;0,47;0,12;0;0;0;0;1,22;0;0;1,82;0;0;1,01;0;0;0
"côté";8,13;1,76;0,32;1,51;0;0;0;0,54;1,87;5,11;0,39;0;1,08;0;0,61;0;0,57;0;0;0;0,4;0,94;0;0
"ex_membre";0;0;3,57;0;0;0;0;0;0;0;0;0;0;0;0;0;0;0;0;0;0;0;0;0
"lorsque";0;0;0;0,14;0;0;0;0,18;1,87;5,17;0;0;1,08;0;0,61;0;0;0;0;0;0,4;0,75;0;0
"dessin";0;0;0;0;0;0;0;0,18;0;0;0;0;0;0;0;0;0;0;0;0;0,6;1,13;0;0
"mars";0;0;0,32;0,55;0;0;0;0;0;0,06;0,39;0;0;0;0;0,46;0;0;0;0,99;0;0,38;0;0
"quatre";0;0;0;2,33;0;0;0;0,18;0;0,06;0;0;0;0;1,22;0,23;0;1,82;0;1,98;0,2;0;0;0
"par";4,07;4,39;1,62;6,44;24,69;0;1,93;10,83;4,66;5,61;7,84;0;14,01;44,44;10,98;4,14;3,98;9,12;0;6,92;7,25;8,29;10,2;18,18
"pas";4,07;0,44;4,55;2,06;0;0;3,21;4,87;3,73;10,47;5,49;38,46;3,23;0;4,88;2,07;0;1,82;0;1,98;2,82;3,2;0;0
"tout";0;1,32;0,32;2,19;0;0;1,6;5,59;3,26;0,12;3,14;0;4,31;0;6,71;0,92;1,7;0;0;1,98;2,01;2,64;0;0
"autour";0;2,64;1,95;0,82;0;0;1,28;0,54;0;0;0,39;0;0;0;0;0;0;0;0;0;0,4;0,19;0;0
"entourer";0;0;0,32;0;0;0;0;1,08;0;0;1,18;0;0;0;0;0;0;0;0;0;0;0;0;0
"starfire";0;0;0;0;0;0;0;0;0;8,54;0;0;0;0;0;0;0;0;0;0;0;0;0;0
"new_yorkais";0;0;0;0,14;0;0;0;0;0;0;0;0;0;0;0;0;23,85;0;0;0;0;0;0;0
"4";0;0;0;0,14;0;0;0,96;0,36;0;0,25;0;0;0;0;0;0,46;0;0;0;0;0;0,19;0;0
"mot";0;0,44;0;0,14;0;0;0;0,18;0,47;0;1,96;0;0;0;1,22;0;0;0;0;0;0,2;0,38;0;0
"mon";0;0,88;0;0;0;0;1,28;0,36;0,93;0;2,35;0;0;0;1,22;0;0;0;0;0;0;0;0;0
"luthor";0;0;0;0;0;0;0;0;0;0,69;0;0;0;0;0;0;0;0;0;0;0;0;0;0
"christine";0;0;3,9;0;0;0;0;0;0;0;0;0;0;0;0;0;0;0;0;0;0;0;0;0
"journée";0;0;0;0;0;71,43;0,32;0,72;0;0;0;0;0;0;0;0,46;0;0;0;0;0;0,19;0;0
"titan";0;0;0;0;0;0;0;0;0;6,8;0;0;0;0;0;0;0;0;0;0;0;0;0;0
"soudain";0;0;0;0,14;0;0;0;0;1,4;0;0,39;0;0;0;0;0;0;0;0;0;0;1,13;0;0
"gorg";0;0;0;1,92;0;0;0;0;0;0;0;0;0;0;0;0;0;0;0;0;0;0;0;0
"venir";0;0,44;0;2,88;0;0;0,64;0,9;4,2;0,31;0,78;0;5,39;0;1,83;1,61;0;5,47;12,82;2,97;1,21;2,45;0;0
"fils";4,07;0;0;0,55;0;0;1,28;0;0;0;3,53;0;0;0;1,22;0,23;1,7;0;0;0;0;1,51;0;0
"citation";0;2,2;8,44;0,14;0;0;2,57;0;0;0;0;0;0;0;0;0,92;0;0;0;0;0;0;0;0
"pourquoi";0;0;0,32;0,14;0;0;0;0,72;0;0,06;0;0;0;0;0;0,23;0;0;3,21;0;0,81;0,38;0;0
"eliot";0;0;0;0;0;0;0;0;0;0;0;0;0;0;0;0;0;0;0;0;0;4,14;0;0
"film";0;0;0;1,51;0;0;0;1,44;0,47;0;0;0;0;0;1,83;2,53;0;0;0;0;0,2;2,45;0;0
"important";0;0,44;0;0,41;0;0;0,32;0,18;0;0;0,39;0;0;0;0;0;0;0;0;0;1,01;0,38;0;0
"emily";0;0;0;2,06;0;0;0;0;0;0;0;0;0;0;0;0,23;0;0;0;0;0;0;0;0
"revenir";0;0;0,32;0,14;0;0;0,96;1,08;0,47;0;0;0;0;0;1,22;1,15;0;0;0;0;2,01;1,32;0;0
"poilu";0;0;0;1,92;0;0;0;0;0;0;0;0;0;0;0;0;0;0;0;0;0;0,19;0;0
"révéler";0;0;0,32;0,14;0;0;0;0,18;0;0;0;0;0;0;0;0;0;1,82;3,21;0;2,01;0,38;0;0
"public";0;1,76;0;0,14;0;0;1,93;1,08;0,47;0;0,78;0;0;0;0;0;0;0;0;0;0,2;0;0;0
"à";48,78;30,32;1,95;20,84;37,04;0;13,16;28,15;29,85;14,96;18,42;0;25,86;44,44;25,63;14,5;9,65;36,5;16,03;9,89;14,31;20,53;61,22;0
"agathe";0;0;3,9;0;0;0;0;0;0;0;0;0;0;0;0;0;0;0;0;0;0;0;0;0
"des";12,2;13,18;25;21,39;49,38;0;15,73;17,14;15,86;12,59;21,17;0;18,32;22,22;9,15;11,74;3,98;10,95;57,69;83,09;50,37;20,72;40,82;18,18
"csa";0;0;3,9;0;0;0;0,32;0;0;0;0;0;0;0;0;0,23;0;0;0;0;0;0;0;0
"civilisation";0;0;0;0,27;0;0;0;0;0,47;0;0;0;0;0;0;0;1,14;0;0;2,97;1,61;0;0;0
"delage";0;0;4,22;0;0;0;0;0;0;0;0;0;0;0;0;0;0;0;0;0;0;0;0;0
"trois";0;0;0;0,41;0;0;0;0,36;1,4;0;1,57;0;1,08;0;0,61;0;0;0;0;0;0;0,38;0;0
"théâtre";0;0;0,32;0,14;0;0;0,96;0,9;0;0;0;0;0;0;0;0,23;0;1,82;0;0;0,4;0,19;0;18,18
"24";0;2,2;0,97;0,14;0;0;1,93;0;0;0;0;0;0;0;0;1,38;0;0;0;0;0;0;0;0
"25";0;2,2;0,32;0,27;0;0;0,96;0,36;0;0;0,39;0;0;0;0;1,38;0;0;0;0;0;0;0;0
"26";0;2,2;0,97;0;0;0;2,25;0;0;0;0;0;0;0;1,83;1,38;0;0;0;0;0;0;0;0
"27";0;0,44;0,65;0,69;0;0;1,6;0;0;0;0,39;0;0;0;0;1,61;0;0;0;0;0;0,19;0;0
"22";0;1,76;6,49;0,27;0;0;0,96;0,18;0;0;0;0;0;0;0;1,38;0;0;0;0;0;0;0;0
"23";0;0,44;6,49;0,27;0;0;1,28;0,18;0;0;0,78;0;0;0;0;2,3;0;0;0;0;0;0;0;0
"28";0;2,2;0,97;0,27;0;0;1,6;0;0;0;0,39;0;0;0;0;1,61;0;0;0;0;0;0;0;0
"29";0;1,76;0,32;0,14;0;0;1,6;0;0;0;0,39;0;0;0;0;1,15;0;0;0;0;0;0,19;0;0
"etienne";0;0;0;0,14;0;0;0;0;0;0;0;0;0;0;0;9,21;0;0;0;0;0;0;0;0
"robbie";0;0;0;0,14;0;0;0;0,18;0;0;0;0;5,39;0;5,49;0;0;0;0;0;0;0;0;0
"porte";4,07;0,88;4,87;0,27;0;0;0,32;0,72;0;0;1,18;0;0;0;0;1,84;0;0;0;0;0,4;1,32;0;0
"président";0;0,88;3,9;0;0;0;0,64;0,54;0;0;1,18;0;0;0;0;2,76;0,57;0;0;0;0,2;0,19;0;0
"troisième";0;0,88;4,87;0;0;0;0;0;0;0;0;0;0;0;0;0;0;0;0;0;0;0,56;0;0
"dont";0;0,44;0,32;0,41;0;0;0,32;1,08;1,87;0,06;0,78;0;0;0;0,61;0;0;0;0;0;0,2;1,32;0;0
"donc";0;0;0;0,82;0;0;0,32;0,54;0;0,06;0;0;1,08;0;0;0;0;0;0;0;0;0,56;0;0
"cirque";0;0;0,32;0;0;0;0;0,36;0;5,05;0;0;0;0;0;0;0;0;0;0;0;0;0;0
"pari";0;1,76;0,32;0,14;0;0;1,93;1,44;0;0;0;0;0;0;0;0,92;0;1,82;0;0;0;0,38;0;18,18
"part";0;0,44;0,32;0,27;0;0;0;0,18;0,93;0,06;0,39;0;0;0;0,61;0,23;0;0;3,21;0;0;0,94;0;0
"john";0;0,44;0;1,23;0;0;0;0;0;0;0;0;0;0;0;0,23;0;1,82;0;0;0;0,19;0;0
"gasnier";0;0;0;0;0;0;0;0;0;0;0;0;0;0;0;11,05;0;0;0;0;0;0;0;0
"recevoir";0;0;0,32;0,27;0;0;0;1,08;0,47;0;2,74;0;0;0;0;0,23;0;1,82;0;0,99;0,4;0,56;0;0
"relation";0;0,44;0;0,14;0;0;0;0,36;0,47;0;0;0;0;0;1,22;0,23;0;0;0;0;0;0,38;0;0
"témoignage";0;0;0,65;0,14;0;0;0,32;1,26;0;0;0,78;0;0;0;0;0,46;0;1,82;0;0;0;0,19;0;0
"express";0;0;0;0;0;0;0;0;0;0;0;0;0;0;0;1,15;2,84;0;0;0;0;0;0;0
"expert";0;0;0;0,14;0;0;0;1,44;0;0;0;0;0;0;0;0;0;0;0;0;0,2;0,19;0;0
"point";0;3,51;0,65;0,27;0;0;0;0,72;0;0;0;0;0;0;0;1,15;0;0;9,62;0;0,4;1,13;0;0
"léo";0;0;0;0;0;0;0;0;0;1,62;0;0;1,08;0;0;0;0;0;0;0;0;0;0;0
"secret";0;0,44;0;0,82;0;0;0,64;0,36;0;0;0;0;0;0;1,83;0;0,57;0;3,21;2,97;1,61;0,94;0;0
"cyborg";0;0;0;0;0;0;0;0;0;3,43;0;0;0;0;0;0;0;0;0;0;0;0;0;0
"puissant";0;0;0;0,27;0;0;0;0;0;0,12;0,78;0;0;0;0;0;0;0;0;1,98;0,81;0;0;0
"mener";0;0;0;0,41;0;0;0,32;0,72;0,47;0,06;0;0;0;0;0;0;0;0;0;0;0,6;0,75;0;0
"puis";0;0;0,32;0,41;0;0;0,32;0,72;0;0,06;0;0;0;0;0;0;0;0;0;0;0;0,94;0;0
"moment";0;0;0,32;0,14;0;0;0,32;0,9;0,93;0;0,78;0;0;0;0;0,69;0;1,82;0;0,99;0;0,56;0;0
"travers";0;0;0;0,55;0;0;0;0;0;0,06;1,96;0;2,16;0;0;0,23;0;1,82;0;0;0,2;0,19;0;0
"entre";0;0,88;0;0,96;0;0;0,64;0,36;0,93;0,06;1,18;0;0;0;1,83;1,84;0;1,82;0;0;0,4;1,32;0;0
"salvatore";0;0;0;0;0;0;0;0,18;4,66;0;0;0;0;0;0;0;0;0;0;0;0;0;0;0
"y";0;1,76;0,97;1,1;0;0;2,57;1,26;4,2;0;1,96;0;4,31;0;1,22;2,3;0;0;3,21;2,97;2,01;1,88;0;0
"délirant";0;0;0;1,92;0;0;0;0,18;0;0;0;0;0;0;0,61;0;0;0;0;0;0;0;0;0
"source";16,26;3,51;1,3;12,2;0;71,43;1,6;2,71;10,26;13,03;5,88;38,46;16,16;0;10,98;2,76;20,44;9,12;22,44;39,56;14,91;3,77;10,2;18,18
"ça";0;0;0;0,41;0;0;0,32;0,72;0,93;0;0,78;0;2,16;0;0,61;0;0;0;0;0;0;0;0;0
"peu";4,07;0;0,32;0,82;0;0;1,28;0,72;0,47;0,06;0,39;0;0;0;0;0,46;0;0;0;0;0;0,38;0;0
"depuis";4,07;0;0;0,69;0;0;0,64;0,72;0,47;0;2,74;0;0;0;1,22;0,92;0,57;5,47;3,21;1,98;2,82;0,56;0;0
"jimmy";0;0;3,57;0;0;0;0;0;0;0;0;0;0;0;0;0;0;0;0;0;0;0;0;0
"aliens";4,07;0;0;1,65;0;0;0;0;0,47;0;0;38,46;1,08;0;0;0;1,14;0;0;1,98;0,81;0,19;10,2;0
"dewalle";0;0;4,87;0;0;0;0;0;0;0;0;0;0;0;0;0;0;0;0;0;0;0;0;0
"avenir";0;0;0;0,82;0;0;0;0,72;0;0;0;0;0;0;0;0;0;0;0;0;0,6;0;0;0
"conseil";4,07;0;0;0,14;0;0;0,32;0,54;0;0,06;1,18;0;0;0;0,61;0,46;0;0;0;0;0;0;0;0
"travailler";0;0,88;0;0,27;0;0;0,64;0,54;0;0;0;0;0;0;0;0,92;0;0;0;0;0;0,19;0;0
"lointain";0;0;0;0,27;0;0;0;0;0;5,05;0;0;0;0;0;0;0;0;0;0;1,61;0,38;0;0
"elles";0;0,44;0;0,55;0;0;0,64;1,26;0;0;0;0;2,16;0;0;0;0;0;0;4,95;2,62;0,19;0;0
"armée";0;0,88;0;0,41;0;0;0;0;0;0;0;0;0;0;0,61;0,23;0;0;0;0;0,4;0,38;10,2;0
"invité";0;5,71;2,92;1,1;0;0;2,25;1,08;0;0;2,35;0;0;0;0;4,83;0;0;0;0;0;0,56;0;0
"brainiac";0;0;0;0;0;0;0;0;0;0,87;0;0;0;0;0;0;0;0;0;0;0;0;0;0
"ennemi";0;0;0;1,23;0;0;0;0,18;0;0;0;0;0;0;0,61;0;0;0;0;0;0;0,38;0;0
"objet";0;0;0;0,14;0;0;0;0;0,47;0;0;0;1,08;0;0,61;0,46;0;1,82;0;0;1,81;0,56;0;0
"lorenzo";0;0;0;0;0;0;0;0;0;0;0;0;0;0;0;0;0;0;0;0;0;2,07;0;0
"crop";0;0;0;0;0;0;0;0;0;0;0;0;0;0;0;0;0;0;0;0;0;1,88;0;0
"39";0;2,2;0,32;0,14;0;0;1,28;0;0;0;0;0;0;0;0;1,38;0;0;0;0;0;0;0;0
"38";0;0,44;0,65;0,27;0;0;0,64;0;0;0;0;0;0;0;0;1,84;0;0;0;0;0;0;0;0
"33";0;1,32;0,32;0,14;0;0;2,57;0;0;0;0;0;0;0;0;2,07;0;0;0;0;0;0;0;0
"32";0;1,76;0;0,14;0;0;2,25;0;0;0;0;0;0;0;0;1,38;0;0;0;0;0;0,19;0;0
"31";0;1,32;0,65;0,27;0;0;1,93;0;0;0;0,39;0;0;0;0;1,61;0;0;0;0;0;0;0;0
"30";0;1,76;0,97;0,14;0;0;1,28;0;0;0;1,57;0;0;0;0;2,99;0;0;0;0;0;0;0;0
"37";0;1,32;0;0;0;0;1,93;0;0;0;0;0;0;0;0;0,92;0;0;0;0;0;0;0;0
"36";0;0,44;0,32;0,14;0;0;1,93;0;0;0;0;0;0;0;0;1,38;0;0;0;0;0;0;0;0
"34";0;0,44;0,32;0,27;0;0;1,28;0;0;0;0;0;0;0;0;1,38;0;0;0;0;0;0;0;0
"composer";0;0,44;0;0,27;0;0;0;0,36;0;0,37;0;0;0;0;0;0;0;0;0;0;0;0;0;0
"train";0;0;0;0,55;0;0;0,64;0;0,47;0,06;1,18;0;1,08;0;0;0;0;0;0;0;0;0,19;0;0
"souvent";0;0;0,32;0,14;12,35;0;0,64;0,72;0,47;0;0;0;0;0;2,44;0,23;0;0;0;0;0,81;0;0;0
"terrien";0;0;0;0,41;0;0;0;0;0,47;5,11;0,78;0;0;0;0;0;1,14;0;0;0;0;0,56;20,41;0
"laurie";0;0;0;1,37;0;0;0;0;0;0;0;0;0;0;0;0;0;0;0;0;0;0;0;0
"extrait";0;0;0,32;0,41;0;0;0;0,36;0;0;0;0;0;0;0;2,76;0;0;0;0;0;3,01;0;0
"le";24,39;23,73;15,91;22,49;0;0;24,39;27,25;38,25;9,23;38,42;0;29,09;44,44;25,63;20,02;9,65;7,3;22,44;17,8;23,98;31,45;40,82;90,91
"la";24,39;52,28;22,08;28,79;12,35;71,43;27,6;30,86;35,91;21,14;31,36;0;35,56;0;30,51;30,61;11,36;32,85;44,87;31,65;24,58;33,9;40,82;18,18
"eux";0;0;0;0,27;0;0;0,32;0,54;0,93;0,12;0,39;0;0;0;0,61;0;0;0;0;0,99;0,6;0,56;0;0
"oggy";0;0;0;1,92;0;0;0;0;0;0;0;0;0;0;0;0;0;0;0;0;0;0;0;0
"image";0;0;0;1,1;12,35;0;1,28;0,9;1,4;0;0,78;0;1,08;0;0;0,23;0;1,82;0;0;1,21;0,19;0;0
"tuer";0;0;0;0,41;0;0;0,32;0,18;0;0,12;0;0;1,08;0;0,61;0;1,14;1,82;0;0;0;0,75;0;18,18
"identifier";0;0;0;0,69;0;0;0;0;0;0;0;0;0;0;1,83;0,23;0;0;0;0;2,22;0,94;0;0
"lfi";0;0;4,22;0;0;0;0;0;0;0;0;0;0;0;0;0,46;0;0;0;0;0;0;0;0
"expliquer";0;0;0;0,27;0;0;0;0,36;0,47;0,19;0,39;0;0;0;1,22;0,92;0;0;0;0;0,2;0,38;0;18,18
"réseau";0;0;0;0,69;0;0;0;0,18;0;0;0,39;0;0;0;0;0,46;0;0;0;0;0,2;0;0;0
"là";0;0;0;0,69;0;0;0;0;0,93;0,06;1,57;0;3,23;22,22;1,83;0,23;0;1,82;0;0;0,6;0,56;0;0
"que";8,13;2,64;1,62;6,99;0;0;2,89;6,5;12,13;3,74;7,84;38,46;11,85;0;12,81;1,61;1,14;7,3;16,03;13,85;13,5;7,16;10,2;0
"qui";24,39;5,27;2,27;12,75;12,35;71,43;8,34;10,29;9,79;22,26;8,62;0;11,85;0;15,86;6,21;1,14;14,6;12,82;4,95;12,49;9,04;0;36,36
"parvenir";0;0,44;0;0,82;0;0;0;0,18;0,47;0;0,39;0;0;0;0;0;1,14;0;0;0;0,2;0,56;0;0
"publier";0;0;0;0,14;0;0;1,28;0,54;0;0;0;0;0;0;0;0;0;0;0;0;0,6;0;0;0
"auproux";0;0;3,9;0;0;0;0;0;0;0;0;0;0;0;0;0;0;0;0;0;0;0;0;0
"seines";0;0;4,55;0;0;0;0;0;0;0;0;0;0;0;0;0;0;0;0;0;0;0;0;0
"tromper";0;0;0,32;0,14;0;0;0;0;0;1,62;0;0;0;0;0,61;0;0;0;0;0;0;0;0;0
"mélenchon";0;0,44;7,47;0;0;0;0,32;0;0;0;0;0;0;0;0;0,46;0;0;0;0;0;0;0;0
"bernard";0;0;3,9;0;0;0;0;0,18;0;0;0,39;0;0;0;0;0;0;0;0;0;0;0;0;0
"beau";0;0;0;0,14;0;0;1,28;0,9;1,4;0;0;0;0;0;0,61;0,23;0;1,82;0;0;0;0,56;0;0
"sembler";8,13;0;0;0,96;0;0;0;0,18;0,47;0;0;0;0;0;1,22;0,23;0;0;0;0,99;0,81;1,32;0;0
"crabe";0;0;0;0;0;0;0;0;0;1,62;0;0;0;0;0;0;0;0;0;0;0;0;0;0
"cacher";0;0;0;0,69;0;0;0,64;0,36;0,47;0;0,39;0;0;0;1,83;0;0;0;0;1,98;1,21;1,88;0;0
"fatou";0;0;0;0;0;0;0;0;0;4,93;0;0;0;0;0;0;0;0;0;0;0;0;0;0
"bruno";0;0,44;4,87;0,14;0;0;0;0,18;0;0;0;0;0;0;0;0,69;0;0;0;0;0;0;0;0
"françois";0;2,64;0,32;0,27;0;0;0,32;0,18;0;0;1,18;0;0;0;0;1,15;0;0;0;0;0;2,82;0;0
"comment";0;1,76;0;0,41;0;0;0,96;1,62;0;3,24;1,96;0;0;0;0;1,15;0;5,47;0;0;0;0,19;0;18,18
"concours";0;0,44;0;0;0;0;0,64;0,18;0;0,12;0,39;0;0;0;0;0,23;0,57;3,65;0;0;0;0;0;0
"colocataire";0;0;0;0;0;0;0;0;0;3,43;0;0;0;0;0;0;0;0;0;0;0;0;0;18,18
"parisien";0;0;0,32;0,27;0;0;0,32;0,54;0;0;0;0;0;0;0;0,46;0;0;0;0;0;0,19;0;0
"raven";0;0;0;0;0;0;0;0;0;8,48;0;0;0;0;0;0;0;0;0;0;0;0;0;0
"provoquer";0;0,44;0;0,27;12,35;0;0;0,36;0;4,99;0;0;1,08;0;0;0,23;0;0;0;0;0;0;0;0
"système";0;0;0;0,27;0;0;0;0,54;0;0;0;0;0;0;0;0,23;0;0;0;0;2,22;0;0;0
"brigitte";0;0;4,55;0;0;0;0;0;0;0;0;0;0;0;0;0;0;0;0;0;0;0;0;0
"adolescent";0;0;0;0,14;0;0;0;0,18;0;1,43;0;0;0;0;0,61;0;0;0;0;0;0;0,19;0;0
"toutes";0;0,88;0,32;2,33;0;0;0;0,54;0,47;1,68;0,39;0;0;0;1,22;0;0;1,82;0;0;0,6;0,19;0;0
"oise";0;0;4,87;0;0;0;0;0;0;0;0;0;0;0;0;0;0;0;0;0;0;0;0;0
"monter";0;1,32;0;0;0;0;0,32;0,18;0;0;0,39;0;0;0;0,61;0;0;0;0;0,99;0;0,75;0;0
"48";0;0;1,95;0;0;0;1,93;0;0;0;0;0;0;0;0;1,61;0;0;0;0;0;0;0;0
"49";0;0,44;0,97;0,41;0;0;1,93;0;0;0;0;0;0;0;0;0,69;0;0;0;0;0;0;0;0
"47";0;0,44;1,3;0,14;0;0;2,57;0;0;0;0;0;0;0;0;2,07;0;0;0;0;0;0;0;0
"44";0;1,76;3,25;0;0;0;1,28;0;0;0;0,39;0;0;0;0;1,61;0;0;0;0;0;0;0;0
"45";0;0,88;2,27;0,14;0;0;1,6;0;1,4;0;0;0;0;0;0;1,38;0;0;0;0;0;0;0;0
"42";0;1,32;0,32;0,27;0;0;2,57;0;0;0;0;0;0;0;0;1,15;0;0;0;0;0;0;0;0
"40";0;2,64;1,95;0,27;0;0;1,28;0,72;2,8;0;0;0;0;0;0;0,92;0;0;0;0;0;0;0;0
"41";0;0,88;0,65;0,27;0;0;2,25;0;0;0;0;0;0;0;0;0;0;0;0;0;0;0;0;0
"membre";0;0;9,09;0,55;0;0;0;0,72;0;0,06;1,18;0;0;0;0;0;1,14;0;0;0;0;0;0;0
"inédit";0;0;0;2,19;0;0;0;0;0,47;0;0,39;0;0;0;0;0;0;0;0;0;0;0,19;0;0
"direct";0;0;0;0,41;0;0;1,93;0;0;0;1,18;0;0;0;0;0,69;0;0;0;0;0,2;0,56;0;0
"air";0;0,44;0;0,14;0;0;0,32;0;0;0;1,18;0;0;0;0;0;0;0;0;0;0,2;0,56;0;0
"philippe";0;0,44;0,65;0,27;0;0;0,64;1,26;0;0;0,39;0;0;0;0;0,23;0;0;0;0;0;0,38;0;0
"même";4,07;0,88;0;0,55;0;0;1,28;1,08;1,4;0,19;1,18;0;6,47;0;1,83;0;0,57;1,82;9,62;1,98;1,81;1,51;0;0
"changer";0;0;0;0,55;0;0;1,6;0,18;0;0,06;0;0;0;0;0;0;0;0;0;0,99;0,4;0,19;0;0
"pendant";0;0;0,32;0,27;0;0;0,64;0,36;1,87;0,06;0,39;0;3,23;0;0,61;0,23;0;3,65;0;2,97;0,2;0,56;0;0
"actualité";0;1,76;0,65;0,41;0;0;0,64;1,26;0,47;0;1,57;0;1,08;0;0;2,07;0;0;0;0;0;0;0;0
"m6";0;0;0,65;0;0;0;4,17;0;0;0;0;0;0;0;3,05;0;0;0;0;0;0;0;0;0
"assez";0;0;0;2,19;0;0;0;0;0;0;0;0;0;0;0;0,23;0;0;0;0;0;0;0;0
"mois";0;0,44;0;0,55;0;0;0,64;0,36;0;0;2,74;0;0;0;0;0,23;0;0;0;0;0;0;0;0
"me";0;0;4,55;0,27;0;0;0,32;0,18;0,47;0;1,18;0;0;0;0;0;0;0;0;0;0;0;0;0
"ma";0;0,44;0;0;0;0;0,96;0,54;1,4;0;0;0;0;0;0;0;0;0;0;0;0;0;0;0
"naître";0;0;0;0,55;0;0;0;0,9;0;5,05;0,39;0;0;0;0;0;0;0;0;0;0;0;0;0
"mi";0;0;3,57;0;0;0;0;0;0;0;0;0;0;0;0;0;0;0;0;0;0;0;0;0
"enquête";0;1,32;0;0,55;0;0;1,6;0,36;0,47;0,06;2,74;0;0;0;0,61;0,23;0;3,65;0;0;0,81;0,94;0;0
"entretien";0;0,44;0;0;0;0;2,57;0,54;0;0;0,78;0;0;0;0;0;0;0;0;0;0;0;0;0
"laquelle";0;0;0;0,41;0;0;0,32;0,18;0;0;0,39;0;0;0;0;0,23;0;0;0;0;0,2;0,75;0;0
"nouvelle";0;0;0,32;0,55;0;0;1,93;0,54;0,47;0,25;0;0;0;0;0,61;0,23;0;0;0;0;0,2;0,56;0;0
"vite";0;0;0;0,27;0;0;0;0,18;0;0;0,78;0;4,31;0;0;0;0;3,65;0;0;0;0,19;0;0
"mettre";4,07;1,32;0;1,37;0;0;1,28;0,9;2,8;0;1,18;0;2,16;0;0,61;0,23;0;0;0;0;0,4;0,94;0;0
"autre";0;0;0;0,69;0;0;0,64;0,36;0,47;0;0,39;0;1,08;0;0,61;0;0,57;3,65;0;0;0,81;1,32;10,2;0
"jeune";0;1,76;0;1,37;0;0;1,93;3,25;1,4;1,56;0,78;0;1,08;0;1,83;0,69;0;10,95;0;0;0;1,88;20,41;0
"construire";0;0;0;0,55;0;0;0;0,36;0;0;0;0;1,08;0;0;0;0;0;0;0,99;1,81;0;0;0
"réal";0;0;0;0;0;0;0;0;0;0;0;0;0;0;0;0;0;0;0;0;0;2,07;0;0
"émission";0;1,76;0;1,23;0;71,43;9,95;1,99;0;0,06;1,18;0;0;0;1,22;2,76;0;1,82;0;0;0,2;4,71;0;0
"coeur";0;0,44;0;0,41;0;0;0;0,72;0;0,06;0,39;0;3,23;0;0,61;0,46;0;1,82;0;0;0;0;0;0
"claude";0;1,32;4,22;0,14;0;0;0,32;0,9;0;0,06;0,39;0;0;0;0;0;0;0;0;0;0;0,38;0;0
"présidentiel";0;1,32;0,32;0;0;0;0;0;0;0;0,78;0;0;0;0;1,84;0;0;0;0;0;0;0;0
"photo";0;0,44;0;0;0;0;0,96;0;0;0;0;0;0;0;0;0,23;0;1,82;0;0;0,4;0,75;0;0
"boulot";0;0;0;0;0;0;0,32;0;0;3,49;0;0;0;0;0;0;0;0;0;0;0;0;0;0
"transformer";0;0;0;0,69;0;0;0,32;0,18;1,4;0;0;0;1,08;0;0,61;0,23;0;1,82;0;0;0;0,19;0;0
"frontière";0;3,08;0;0;0;0;0,32;0;0;0;0,39;0;0;0;0;0,69;0;0;0;0;0;0,19;0;0
"candidat";0;1,32;0;0;0;0;0,64;0;0;0,06;0,39;0;0;0;0;2,07;0;0;0;0;0;0;0;0
"alien";4,07;0;0;0,14;0;0;0;0;0;0;0;0;1,08;0;1,83;0;0;0;0;0;1,61;0;0;0
"jean";0;5,71;11,69;1,51;0;0;0,96;1,44;0;0;2,35;0;0;0;0;1,15;0;0;0;0;0;1,13;0;0
"proposer";0;0;0;0,82;0;0;0;1,62;0,47;0,06;0;0;0;0;0,61;0,46;0;0;0;0;0;0,56;0;0
"fête";0;0;0;0,14;0;0;0,32;1,26;0;0;0;0;0;0;0;0,23;0;0;0;0;0;0;0;0
"vérité";0;0,44;0;0,14;0;0;0;0;0;0;0;0;0;0;0;0;0;1,82;3,21;0,99;0,4;0,75;0;0
"manquer";0;0;0;0,14;0;0;0;0,72;0;5,05;0;0;0;0;0;0;0;0;0;0;0;0,19;0;0
"enfin";0;0;0;0,69;0;0;0;0,36;0,47;0,19;0;0;1,08;0;0;0,23;0,57;0;0;0;0;0,19;0;0
"2999";0;0;0;0,14;0;0;0;0;0;0;0;0;0;0;0;0;23,85;0;0;0;0;0;0;0
"bande";0;0;0,32;0,14;0;0;0,32;1,44;0,47;0;0,39;0;0;0;0,61;0,23;0;0;0;0;0;0,38;0;0
"59";0;0;0,97;0;0;0;2,57;0;0;0;0;0;0;0;0;2,3;0;0;0;0;0;0;0;0
"58";0;0;0,97;0;0;0;1,6;0;0;0;0;0;0;0;0;1,38;0;0;0;0;0;0;0;0
"55";0;0,44;1,3;0,14;0;0;1,6;0;0;0;0;0;0;0;0,61;2,76;0;0;0;0;0;0;0;0
"54";0;0;2,27;0;0;0;3,53;0;0;0;0;0;0;0;0;1,84;0;0;0;0;0;0;0;0
"56";0;0;1,95;0;0;0;1,93;0;0;0;0;0;0;0;0;1,38;0;0;0;0;0;0;0;0
"51";0;1,32;0,32;0;0;0;2,89;0;0;0;0;0;0;0;0;1,15;0;0;0;0;0,4;0;0;0
"50";0;0,44;2,27;0,27;0;0;3,21;0,72;0;0;0;0;0;0;0;1,61;0;0;0;0;0,2;0,19;0;0
"53";0;0;0,97;0,14;0;0;1,28;0;0;0;0;0;0;0;0;1,61;0;0;0;0;0;0;0;0
"52";0;0;0,32;0,41;0;0;2,57;0;0;0;0;0;0;0;0;2,07;0;0;0;0;0;0;0;0
"57";0;0,88;1,3;0,14;0;0;1,28;0;0;0;0;0;0;0;0;1,38;0;0;0;0;0;0;0;0
"humanité";0;0;0;3,15;12,35;0;0;0;0;0;0,78;0;0;0;0;0;0;0;6,41;1,98;3,83;0;0;0
"gouvernement";4,07;0,88;0,32;0,41;0;0;0,32;0;0;0;0;0;0;0;0;0,92;0,57;0;0;2,97;1,81;0;0;0
"plus";8,13;1,76;0,97;4,8;0;0;2,89;3,43;2,8;0,31;3,92;0;3,23;0;5,49;2,3;0;3,65;6,41;1,98;11,28;3,2;10,2;0
"entrepreneur";0;0;3,57;0;0;0;0;0;0;0;0;0;0;0;0;0;0;0;0;0;0;0;0;0
"exister";0;0,44;0,32;0,27;0;0;0,32;0;0;0;0;0;0;0;1,22;0,69;0;0;0;1,98;1,21;0;0;0
"hugues";0;0;4,55;0;0;0;0;0;0;0;0;0;0;0;0;0;0;0;0;0;0;0;0;0
"voisin";0;0;0;0,14;0;0;0;0;0;0,06;0;0;0;0;0;0;0;1,82;0;0;0;1,69;0;0
"peret";0;0;0;1,37;0;0;0;0;0;0;0;0;0;0;0;0;0;0;0;0;0;0;0;0
"ne";8,13;0,44;5,52;3,98;0;0;4,81;4,87;4,66;10,54;5,1;38,46;2,16;0;12,81;2,99;0;9,12;0;0,99;4,63;6,4;0;0
"actuel";0;0,44;0;0,41;0;0;0;0;0;0;0,39;0;0;0;0;0,23;0;0;0;0,99;1,61;0;0;0
"retour";0;1,76;1,3;0,69;0;0;4,81;0,36;0,47;0;2,35;0;0;0;0;2,53;0,57;1,82;0;0;0;0,19;0;0
"valentin";0;0;0;0;0;0;0;0,54;0;0;0,78;0;0;0;0;3,22;0;0;0;0;0;0;0;0
"cnews";0;0;5,19;0;0;0;0;0;0;0;0;0;0;0;0;1,84;0;0;0;0;0;0;0;0
"groupe";0;0,44;0;1,37;0;0;0;1,26;0;0;0;0;1,08;0;0;0,46;0;0;0;0;0,2;0,19;0;0
"entier";0;0;0;0;0;0;0;0;0,47;0;0;0;3,23;0;0;0;0;0;0;3,96;2,82;0,19;0;0
"langlois";0;0;4,55;0;0;0;0;0;0;0;0;0;0;0;0;0;0;0;0;0;0;0;0;0
"bill";0;0;0;2,61;0;0;0;0;0;0;0;0;0;0;0;0;0;0;0;0;0;0;0;0
"frédéric";0;4,39;0;0,14;0;0;0;0,72;0;0;0;0;0;0;0;2,07;0;0;0;0;0;0,19;0;0
"boucher";0;0;3,25;0;0;0;0;0;0;0;0;0;0;0;0;0;0;0;0;0;0;0;0;0
"figure";0;0;0;0,14;0;0;0;0;0;5,05;0;0;0;0;0;0,23;0;0;0;1,98;0,2;0;0;0
"haut";0;0;4,55;0,14;0;0;0,32;0;0;0,06;1,18;0;0;0;0;0,46;0;1,82;0;0;0;0;0;0
"antoine";0;0;0;0,41;0;0;0;0,36;0;0;0;0;0;0;0;4,83;0;0;0;0;0;0,19;0;0
"1";0;0;1,62;0,14;0;0;4,81;1,26;0,47;0;0,39;0;0;0;0;0,69;0;0;0;0;0;0;0;0
"rapport";0;0;0;0,14;0;0;0,32;0,36;0;0;0;0;0;0;0;0,69;0;0;0;0;0,81;0;0;0
"réponse";0;0;0;0,27;0;0;0;0,18;0;0;1,96;0;0;0;0;0,69;0;0;0;0;0,4;0,38;0;0
"oeuf";0;0;0;0,27;0;0;0;0,54;0;0;0;0;0;0;0;0;0;0;0;0;1,01;0;0;0
"apporter";0;0,88;0;0,14;0;0;0;0;0,47;0;0;0;0;0;0,61;0;0;1,82;0;0,99;0,81;0;0;0
"place";0;0,44;0;0,41;0;0;0,32;0;0,93;0;0;0;0;0;0;0,23;0;1,82;0;0;0,2;0,38;0;0
"gotham";0;0;0;0;0;0;0;0;0;5,05;0;0;0;0;0;0;0;0;0;0;0;0;0;0
"animation";0;0;0;0;0;0;0;0;0;5,05;0;0;0;0;0,61;0;0;0;0;0;0;0;0;0
"république";0;2,2;0;0;0;0;0;0,18;0;0;0,39;0;0;0;0;0,69;0;0;0;0;0;0;0;0
"chanteur";0;0;0;0,14;0;0;1,28;0,18;0;0;0;0;0;0;2,44;0,92;0;0;0;0;0;0,19;0;18,18
"espoir";0;0;0;0,27;0;0;0;0;3,26;0;0;0;0;0;0;0;0;0;0;0;0;0,38;0;0
"trop";0;0;0;0;0;0;0;0,18;2,33;0,12;1,18;0;1,08;0;0;0;0,57;0;0;0;0;0,75;0;0
"chaque";0;0,88;0;0;12,35;0;0,32;0,54;0,47;0,06;0;0;0;0;0;0,69;0;0;0;0,99;0;0,56;0;0
"20";0;23,73;7,47;0;0;0;1,6;0,18;0;0;1,96;0;0;0;1,83;20,71;0;0;0;0;0;0,75;0;0
"21";0;0,44;6,49;0,27;0;0;1,28;0,18;0;0;0,39;0;0;0;0;10,36;0;0;0;0;0;0;0;0
"didier";0;0;0,32;1,78;0;0;0;0,54;0;0;0,39;0;0;0;0;0;0;0;0;0;0;0,19;0;0
"concernant";0;0,44;0,32;0,14;0;0;0;0,18;0;0;0;0;0;0;0;0,46;0;0;0;0;0,6;0,19;0;0
"parfois";0;0;0,32;0,27;0;0;0;0,36;0;0,06;0,78;0;0;0;0,61;0;0;0;0;0;0;0,38;0;0
"devoir";0;0,44;1,95;2,33;0;0;0;1,26;0,93;0,19;1,57;0;5,39;0;1,83;0,23;0,57;3,65;0;1,98;0,6;2,26;0;0
"récupérer";0;0;0;0,14;0;0;0;0,18;0,47;0;1,18;0;0;0;0;0;0;0;0;0;0;0,94;0;0
"départ";0;0;0;0,27;0;0;0,64;0;0;0;0,39;0;0;0;0;0,23;23,85;0;0;0;0;0,56;0;0
"curieux";0;0;0;0,14;0;0;0;0,9;0;1,62;0,78;0;0;0;0;0;0;0;0;0;0;0,19;0;0
"patrick";0;0;0;0,14;0;0;0,32;0,36;0;0;0,78;0;2,16;0;0;0;0;0;0;0;0;1,32;0;0
"où";0;0;0;1,1;0;0;0;0,72;2,33;0,19;1,18;0;5,39;0;0,61;0,23;0,57;5,47;0;1,98;0,81;1,69;0;0
"réussir";0;0;0;0,14;0;0;0,32;0,72;0;0;0,39;0;1,08;0;0;0;0;0;0;0;0;0,38;0;0
"décontraction";0;0;0;0;0;0;0;0;0;5,05;0;0;0;0;0;0;0;0;0;0;0;0;0;0
"bellver";0;0;0;0;0;0;0;0;0;0;0;0;0;0;0;11,05;0;0;0;0;0;0;0;0
"ou";0;2,2;1,3;1,92;12,35;0;0,96;3,07;0,93;0,06;5,1;0;0;0;3,05;0,46;0;3,65;6,41;1,98;2,22;2,07;0;18,18
"celui";0;0;0;0,14;0;0;0;0,72;0,47;0;0;0;1,08;0;0,61;0;0;1,82;0;0;0;0,75;0;0
"lemercier";0;0;0;0;0;0;0;0,18;0;0;0;0;0;0;0;0;0;0;0;0;0;1,88;0;0
"alain";0;0;0;0;0;0;0;0,72;1,4;0;1,18;0;0;0;0;0;0;0;0;0;0;0,19;0;0
"samedi";0;1,32;0,32;0,14;0;0;0,32;0;0;0;0,78;0;0;0;0;0;0;0;0;0;0;0,56;0;0
"phénomène";0;0;0,32;1,51;0;0;0;0,18;0,47;0;0,39;0;0;0;1,22;0,23;0;0;0;0;2,62;1,13;0;0
"5";0;0,44;0;0;0;0;0,32;1,08;0;0;1,57;0;0;0;0,61;0;0;1,82;0;0;0,2;0;0;0
"catastrophe";0;0;0;0,55;0;0;0;0;0;0,06;1,57;0;1,08;0;0,61;0;0;0;0;0;0,2;0,19;0;0
"endroit";8,13;0;0;0,14;0;0;0;0,18;0;0;0;0;0;0;0,61;0;0;0;0;0;0,81;0,94;0;0
"péril";0;0;0;0;0;0;0;0;0;6,48;0;0;0;0;0;0;0;0;0;0;0;0;0;0
"lisa";0;0;0;0,27;0;0;0;1,26;0;0;0;0;0;0;0;0;0;0;0;0;0;0,19;0;0
"programme";0;0,44;0,32;0,27;0;0;1,28;0,54;0;0;0,39;0;0;0;0,61;0,23;0,57;0;0;0;0;0;0;0
"île";0;0;0;0,41;0;0;0;0,54;0;4,93;0;0;0;0;0;0;0;0;0;0,99;0,4;0;0;0
"sur";16,26;9,67;9,74;15,63;12,35;0;25,67;9,93;12,59;10,41;15,68;0;4,31;0;10,37;22,09;3,41;10,95;3,21;10,88;15,51;12,62;0;18,18
"grâce";4,07;0,44;0;0,69;0;0;0;1,26;0,47;5,05;0,39;0;0;0;0;0;0,57;0;0;0;0;0,38;10,2;0
"prochain";0;1,32;0;0,14;0;0;0,96;0;0;0;0,39;0;0;0;0;0;0;0;0;0;0,2;0,56;0;0
"enfant";8,13;0;0;0,55;0;0;1,6;3,25;0,93;0;2,74;0;3,23;0;1,22;0;0;0;0;0,99;0;1,88;10,2;0
"vaisseau";0;0;0;1,23;0;0;0;0;4,66;0,12;0,78;0;3,23;0;1,22;0;0;0;0;2,97;0,81;0,94;0;0
"profiter";0;0;0;0,55;0;0;0;0;2,33;0;0;0;1,08;0;0;0;0;0;0;0;0;0;0;0
"différents";0;0,44;0,32;0,41;0;0;0,32;0,54;0,93;0;0;0;0;0;0,61;0;0;0;0;1,98;0;0,19;0;0
"emmanuel";0;0,88;0,32;0;0;0;0,32;0,18;0;0;1,18;0;0;0;0;1,84;0;0;0;0;0;0;0;0
"mission";0;0;0;0,69;0;0;0;0,54;0,47;0;1,18;0;0;0;1,83;0;0,57;0;0;0;0,4;0;0;0
"style";0;0,88;0;0,14;0;0;0,64;0,18;0;0,06;0;0;2,16;0;0;0;0;0;0;0;0;0,19;0;0
"manière";0;0;0,32;2,19;0;0;0;0,18;0;0;0;0;0;0;0;0,23;0;0;0;0;0;0,38;0;0
"bout";0;2,2;0;0;0;0;0;0,54;0;0;0;0;0;0;0;0;0;0;6,41;0;0;0,19;0;0
"organiser";0;0;0;0,82;0;0;0;0,54;0;0,06;0;0;0;0;0;0;0;0;0;0;0;0;0;0
"beast";0;0;0;0;0;0;0;0;0;3,43;0;0;0;0;0;0;0;0;0;0;0;0;0;0
"affrontement";0;0;4,22;0;0;0;0;0;0;0;0;0;0;0;0;0;0;0;0;0;0;0;0;0
"marionnette";0;0;0;1,92;0;0;0;0;0;0;0;0;0;0;0;0;0;0;0;0;0;0;0;0
"blanc";0;0;0;0,14;0;0;1,93;0;0;0;0,39;0;1,08;0;0;0,92;0;0;0;0;0,6;0,38;0;0
"passer";0;0,88;0;2,47;12,35;0;0,32;0,72;0,93;0;1,18;0;0;0;1,22;1,84;0,57;1,82;0;0,99;4,43;1,51;0;0
"scooby";0;0;0;0;0;0;0;0;4,66;0,12;0;0;0;0;0;0;0;0;0;0;0;0;0;0
"professeur";0;0;0;0,14;0;0;0;0,9;0;0;0;0;2,16;0;1,22;0,23;0;7,3;0;0;0;1,88;0;0
"dans";12,2;8,35;1,62;7,68;37,04;0;10,91;11,91;22,85;7,54;13,72;0;5,39;22,22;14,03;8,52;18,17;9,12;12,82;11,87;18,54;9,79;10,2;18,18
"nathalie";0;4,83;0;0;0;0;0;0,36;0;0;0,39;0;0;0;0;2,76;0;0;0;0;0;0;0;0
"respirer";0;0;0;0;0;0;0;0,18;0;1,62;0;0;0;0;0;0;0;0;0;0;0;0;0;0
"chaouch";0;0;0;0;0;0;0;0;0;0;0;0;0;0;0;2,3;0;0;0;0;0;0;0;0
"ainsi";0;0,88;0;0,14;0;0;0,32;0,36;0,47;0;0,78;0;1,08;0;0;0;1,14;0;0;0;0,6;0,19;0;0
"maison";0;0;0;0,69;0;0;0,32;0,36;0;0,06;0,78;0;1,08;0;0,61;0,23;0;0;0;0;0,4;3,01;0;0
"tourner";0;0;0;0,27;0;0;0,32;0,36;0;0;0,39;0;0;0;0;0,69;0;0;0;0;0;0,19;0;0
"vincent";0;0,44;1,95;0,27;0;0;0;0;0;0;0,39;0;0;0;0;1,15;0;3,65;0;0;0;0,19;0;0
"intelligence";0;0;0;0,27;0;0;0,96;0;0,47;0,37;0;0;0;0;0;0;0;0;0;1,98;0,6;0;0;0
"matin";0;0;0;0;0;0;0;1,44;0;0,12;0,39;0;0;0;0;0,69;0;0;0;0;0;0,19;0;0
"raconter";0;0;0;0,69;0;0;0;0,72;0,93;0,06;0;0;0;0;0,61;0,46;0;0;0;0,99;0,6;0,19;0;0
"année";0;0;2,6;0,55;0;0;0,96;1,99;1,4;0;0,39;0;0;0;0;0,23;0;0;0;2,97;3,83;0,19;0;18,18
"publicité";0;0;0;0,14;0;0;0,96;0;0;0;0,39;0;0;0;0;0;0;0;0;0;0;0,94;0;0
"c";4,07;2,64;0,32;4,52;0;0;2,25;2,35;5,13;0,06;6,27;0;3,23;0;3,66;2,76;0;1,82;0;0;0,81;2,64;0;18,18
"duo";0;0;0;0,14;0;0;0;0;0;1,62;0;0;0;0;0,61;0;0;0;0;0;0;0;0;0
"détruire";4,07;0;0;1,1;0;0;0;0,18;0;0;0;0;2,16;0;0;0,23;0,57;0;0;0;0;0,19;0;0
"bristielle";0;0;0;0;0;0;0;0;0;0;0;0;0;0;0;4,83;0;0;0;0;0;0;0;0
"arriver";0;0;0;0,55;0;0;0;0,54;1,87;0,19;0,78;0;1,08;0;1,22;0,23;0,57;0;0;0;0,2;0,38;0;0
"propos";0;0,88;0,32;0;0;0;0,64;0,54;0;0;0;0;0;0;0;0,46;0;0;0;0;0;0,56;0;0
"prince";0;0;0;0;0;0;0;0;0;5,11;0;0;0;0;0;0;0;0;0;0;0;0,19;0;0
"humour";0;0,88;0,65;0,14;0;0;0,96;0,54;0;10,1;0;0;0;0;0,61;0,92;0;0;0;0;0;0;0;0
"extra";0;0;0;0,41;0;0;0;0,18;0,47;0;0;0;0;0;1,22;0;0;0;0;0;0;1,13;0;0
"plateau";0;1,32;0,65;0,41;0;0;6,42;1,99;0;0;0,39;0;0;0;1,22;0,46;0;0;0;0;0;0,56;0;0
"monstre";0;0;0;0;0;0;0;0;0,93;0;0;0;0;0;0;0;0,57;0;0;0;0;1,51;0;0
"rien";4,07;0,44;0;0,55;0;0;0,32;0,54;0,47;0,06;0;0;0;0;0,61;0;0;0;0;0;0;0,75;0;0
"réveiller";0;0;0;0,27;0;0;0;0;0;0;0,39;0;0;0;0;0;23,85;0;0;0;0;0,75;0;0
"anne";0;0,44;0,32;0,27;0;0;0;0,72;0;0;0,78;0;0;0;0;3,68;0;0;0;0;0;0,38;0;0
"savoir";0;0;0;1,23;0;0;0;0,9;0,93;0,06;0,78;0;1,08;0;1,83;0,23;0;5,47;12,82;0,99;0,81;1,32;0;0
"question";0;2,64;0,97;0,41;0;0;1,6;0,18;0;1,62;5,1;0;0;0;0;0,69;0;0;0;0;1,41;0;0;0
"long";0;0;0;0,27;0;0;0;0,36;0;0;0;0;0;0;0;0;0;1,82;0;1,98;0,81;0;0;0
"présentation";0;1,32;0,32;0,27;0;0;0,32;0,72;0;0;0,78;0;0;0;0;0,69;0;0;0;0;0;0,75;0;0
"compagnie";0;0;0;0,41;0;0;0;0,18;0;0;1,18;38,46;0;0;0,61;0;0;0;0;0;0;0,38;0;0
"nasa";0;0;0;0,14;0;0;0;0;0;0;0,39;0;0;0;0;2,07;0,57;0;0;0,99;0,2;0;0;0
"antique";0;0;0;0;0;0;0;0;0;0;0;0;0;0;0;0;0;0;0;2,97;2,22;0;0;0
"chose";0;0;0,32;1,51;0;0;1,28;0,36;0;0,06;0;0;0;0;0;0;0;0;0;0;0;1,13;0;0
"depétrini";0;0;0;0;0;0;0;0;0;0;0;0;0;0;0;3,22;0;0;0;0;0;0;0;0
"olivier";0;1,32;0,32;0,69;0;0;0,64;0,9;0;0;0,39;0;0;0;0;0,23;0;0;0;0;0;0,38;0;0
"lrem";0;0;5,19;0;0;0;0;0;0;0;0;0;0;0;0;0,23;0;0;0;0;0;0;0;0
"claviere";0;0;0;2,61;0;0;0;0;0;0;0;0;0;0;0;0;0;0;0;0;0;0;0;0
"au_dessus";0;0;0;0,27;0;0;0;0,18;0,47;0,06;0,78;0;0;0;0;0,46;0;0;0;0;0,2;0,19;0;0
"journaliste";0;13,18;7,14;0,96;0;0;3,21;1,44;0;0;1,18;0;0;0;0;0,69;0;0;0;0;0,2;0,38;0;0
"patron";0;0,44;3,57;0,14;0;0;0;0;0;0;0;0;0;0;1,22;0,23;0;0;0;0;0;0;0;0
"fédération";0;0,44;3,57;0;0;0;0;0;0;0;0;0;0;0;0;0;0;0;0;0;0;0;0;0
"watrin";0;0;0;0;0;0;0;0;0;0;0;0;0;0;0;2,53;0;0;0;0;0;0;0;0
"nuit";0;0;0;0,41;0;0;0,32;0,54;0;0,06;0,39;0;0;0;0,61;0,46;0;0;0;0,99;0,2;0,56;0;0
"g";0;0;0;0;0;0;0,32;1,08;0;0;0;0;9,7;0;0;0;0;0;0;0;0;0;0;0
"permettre";0;0,88;0,65;0,27;0;71,43;0;0,54;0,47;0,06;0,78;0;0;0;0;0;0;0;6,41;1,98;0,81;0,38;0;0
"tsoukalos";0;0;0;0;0;0;0;0;0;0;0;0;0;0;0;0;0;0;0;0;3,63;0;0;0
"polémiste";0;0;3,57;0;0;0;0;0;0;0;0;0;0;0;0;0,69;0;0;0;0;0;0;0;0
"nombreux";0;0,88;0,65;0,27;12,35;0;0;0,9;0;4,99;0,39;0;0;0;0;0,23;0;1,82;3,21;1,98;1,61;0;0;0
"encore";4,07;1,32;0;0,41;0;0;0,64;0,18;0,47;0,06;1,18;0;0;0;0,61;0;0;0;3,21;0;1,61;0,38;0;0
"chalumeau";0;0;0;0;0;0;0;0;0;0;0;0;0;0;0;11,05;0;0;0;0;0;0;0;0
"centre";0;3,95;0;0,14;0;0;0;0,18;0,47;0,06;0;0;0;0;1,22;0;0;0;0;0;0,6;0,38;0;0
"lutte";0;0,44;0,32;0,41;0;0;0;0,18;0;3,43;0;0;0;0;0;0;0;0;0;0;0;0;10,2;0
"défense";0;0;0;0,55;0;0;0;0;0;0;0;0;0;0;0;0,46;0;0;0;0;0,81;0,19;0;0
"xavier";0;1,32;0;0;0;0;0;0,36;0;0;0;0;0;0;0;0,92;0;0;0;0;0;5,65;0;0
"durant";0;0;0,32;0,41;0;0;0,32;0;0;0;0;0;0;0;0;0,23;23,85;0;0;0;0;0,19;0;0
"rendre";8,13;0;0,32;0,14;0;0;0;0,9;0,93;0,12;0;0;5,39;0;0,61;0,46;0,57;1,82;0;0;1,41;2,64;0;0
"qu";12,2;0,88;0,32;6,31;0;0;1,93;4,69;4,66;3,8;4,31;0;4,31;0;9,15;0,69;1,7;14,6;0;0,99;4,23;10,36;0;0
"partie";4,07;0,44;0,32;1,1;0;0;0;1,44;0,47;0;0,39;0;0;0;0;0,92;0;0;0;0;1,41;1,69;10,2;0
"partir";0;1,76;0,65;0,69;0;0;0,96;0,54;0,93;0,12;1,96;0;1,08;0;0,61;1,38;0;0;0;1,98;0,2;0,75;0;0
"chemin";0;0;0;0,41;0;0;0;0,36;0,93;0,25;0;0;0;0;0;0;0;0;0;0;0;0,19;0;0
"joe";0;0;4,55;0,27;0;0;0;0;0;0;0;0;0;0;0;0,23;0;0;0;0;0;0;0;0
"certaines";0;0;0,32;0,27;0;0;0,64;0;0;0;0;0;0;0;0;0,23;0;0;6,41;0;2,22;0,19;0;0
"pomart";0;0;4,87;0;0;0;0;0;0;0;0;0;0;0;0;0;0;0;0;0;0;0;0;0
"disciple";0;0;0;0;0;0;0;0;0;1,43;0;0;0;0;0;0;0;0;0;0;0;0;0;0
"préparer";0;0;0;0,96;0;0;0;0,36;0,93;0;0,78;0;0;0;0;0;0,57;1,82;0;0;0,2;0;10,2;0
"mère";0;0;0;0,14;0;0;0;1,08;0;0;0,39;0;0;0;0;0,46;0;0;0;0;0;3,77;0;0
"janvier";0;0,44;0;0;0;0;0,96;0;0;0;1,18;0;0;0;0;0,46;0;0;0;0;0;0,19;0;0
"américain";0;1,32;0;1,78;0;0;0,64;0,54;0,47;0;0,78;0;0;22,22;0;2,07;0;0;0;2,97;1,41;0;0;0
"soirée";0;0;0;0,41;0;0;0,64;0,36;0;0,06;0;0;0;0;0;0,23;0;0;0;0;0;0,19;0;0
"conquérant";0;0;0;0;0;0;0;0;0;5,05;0;0;0;0;0;0;0;0;0;0;0;0;0;0
"série";0;0,44;0;3,02;0;0;0,96;0,18;0;5,05;0;0;0;0;0,61;0,46;0;1,82;0;0;0,2;0,19;0;0
"val";0;0;4,87;0;0;0;0;0;0;0;0;0;0;0;0;0;0;0;0;0;0;0;0;0
"humain";0;0;0;1,65;0;0;0;0,18;0,47;0,06;0;0;4,31;0;2,44;0,23;0;0;0;3,96;2,82;1,32;0;0
"marier";0;0,88;0;0;0;0;0,64;0,36;0;0;0,78;0;2,16;0;0;0,46;0;0;0;0;0;0,56;0;0
"michaël";0;0;0;0,14;0;0;0;0;0;0;0;0;0;0;0;1,61;0;0;0;0;0;0,38;0;0
"atterrir";0;0;0;0,55;0;0;0;0,18;2,33;0;0;0;0;0;0;0;0;0;0;0,99;0;0;0;0
"fantôme";0;0;0;0;0;0;0;0;0;0;0;0;0;0;0;0,23;0;0;0;0;0,4;1,88;0;0
