"";"";"";"";"perquisition";""
"1";"perquisition";"0.732497978216551";"-0.382137236927776";"2.32100415893347";"8"
"2";"jaune";"4.70361580963779";"4.40404930149748";"2.16662409544742";"13"
"3";"prétexte";"-1.56784466717216";"1.23259754278281";"1.83704252246833";"21"
"4";"provoquer";"-1.45570068248574";"1.07593976842586";"1.82968868765977";"23"
"5";"incident";"-1.52765712546776";"1.19487265474362";"1.8022199517572";"24"
"6";"syndicat";"0.73249797821655";"-0.382137236927775";"1.75046193206045";"27"
"7";"belhousse";"-1.30097942272568";"0.740291903044695";"1.74424722068302";"28"
"8";"yacine";"-1.30097942272568";"0.740291903044695";"1.74424722068302";"29"
"9";"claviere";"-1.30097942272568";"0.740291903044695";"1.74424722068302";"30"
"10";"île";"-1.46711042071241";"1.11367434336447";"1.74407418927576";"31"
"11";"laëtitia";"4.70361580963778";"4.40404930149748";"1.66751500120504";"37"
"12";"raid";"4.70361580963778";"4.40404930149748";"1.66751500120504";"38"
"13";"oise";"4.70361580963778";"4.40404930149748";"1.66751500120504";"40"
"14";"pomart";"4.70361580963778";"4.40404930149748";"1.66751500120504";"41"
"15";"alexis";"0.73249797821655";"-0.382137236927775";"1.65542443162273";"43"
"16";"corbière";"0.73249797821655";"-0.382137236927775";"1.65542443162273";"44"
"17";"delage";"0.73249797821655";"-0.382137236927775";"1.65542443162273";"45"
"18";"handicapé";"-0.221773115085785";"-0.361231910968852";"1.65179077207026";"47"
"19";"nombreux";"-1.35800007625103";"0.986954205013678";"1.64422064800262";"48"
"20";"city";"-1.57473081275832";"1.2187660371894";"1.61322639717712";"49"
"21";"alliance";"0.651433842904417";"-0.402718361943846";"1.603428493741";"53"
"22";"comportement";"0.57627201122";"-0.369308598474249";"1.603428493741";"54"
"23";"vigi";"4.70361580963778";"4.40404930149747";"1.58436620037449";"55"
"24";"vigier";"4.70361580963778";"4.40404930149748";"1.58436620037449";"56"
"25";"solère";"4.70361580963779";"4.40404930149748";"1.58436620037449";"57"
"26";"brigitte";"4.70361580963778";"4.40404930149748";"1.58436620037449";"58"
"27";"gitan";"4.70361580963778";"4.40404930149748";"1.58436620037449";"59"
"28";"seines";"4.70361580963778";"4.40404930149748";"1.58436620037449";"60"
"29";"hugues";"4.70361580963778";"4.40404930149748";"1.58436620037449";"61"
"30";"langlois";"4.70361580963778";"4.40404930149748";"1.58436620037449";"62"
"31";"alexandre";"4.50679788399586";"3.90757447021642";"1.58283775627702";"63"
"32";"val";"4.40113094032247";"4.10229619618255";"1.58283775627702";"64"
"33";"teen";"-1.60421480314082";"1.25407215300302";"1.53410057656537";"69"
"34";"péril";"-1.60421480314082";"1.25407215300302";"1.53410057656537";"70"
"35";"sauver";"-1.51520314681691";"1.1362273580841";"1.52159184774884";"71"
"36";"lfi";"0.842102114369938";"-0.803125338537336";"1.51256537600343";"72"
"37";"robin";"-1.57933090304908";"1.22299848529313";"1.50923452141367";"75"
"38";"grave";"-1.55748054751368";"1.2213479652044";"1.50923452141367";"76"
"39";"batman";"-1.53970264202003";"1.169586522492";"1.50923452141367";"77"
"40";"secte";"-0.115891787358712";"-0.373611498705995";"1.50698511311928";"78"
"41";"affrontement";"4.70361580963778";"4.40404930149748";"1.50123181882788";"81"
"42";"débat";"0.716581529691983";"-0.680094174776012";"1.43900539899189";"84"
"43";"lopez";"4.126161945398";"3.78519485917825";"1.43870980367115";"85"
"44";"déguiser";"-0.0722918715518332";"-0.579813117282";"1.40243809492421";"87"
"45";"super";"-1.50670752457302";"1.11750605937492";"1.39396676561042";"89"
"46";"margot";"-1.30097942272568";"0.740291903044696";"1.39121989202016";"90"
"47";"me";"3.90565792124838";"3.44374628211473";"1.38652641509823";"91"
"48";"lrem";"4.00318796120518";"3.44413484691364";"1.38652641509823";"92"
"49";"humour";"-1.01584197411458";"1.04287964950877";"1.37558217858901";"94"
"50";"boucherie";"0.73249797821655";"-0.382137236927775";"1.37042007493908";"95"
"51";"hapsatou";"4.70361580963779";"4.40404930149748";"1.33499189430253";"100"
"52";"mohammed";"4.70361580963779";"4.40404930149748";"1.33499189430253";"101"
"53";"rugby";"4.70361580963779";"4.40404930149748";"1.33499189430253";"102"
"54";"ex_membre";"4.70361580963779";"4.40404930149748";"1.33499189430253";"103"
"55";"entrepreneur";"4.70361580963779";"4.40404930149748";"1.33499189430253";"104"
"56";"fédération";"4.70361580963779";"4.40404930149748";"1.33499189430253";"105"
"57";"apparition";"0.795514354752753";"-1.56874319570905";"1.30501420299468";"109"
"58";"déage";"-1.30097942272568";"0.740291903044696";"1.30299550324331";"111"
"59";"laurie";"-1.30097942272568";"0.740291903044696";"1.30299550324331";"112"
"60";"peret";"-1.30097942272568";"0.740291903044696";"1.30299550324331";"113"
"61";"boucher";"0.639511651029506";"-0.371684274260995";"1.29673753401406";"115"
"62";"karim";"4.0203655068641";"3.76955362991669";"1.28107098201503";"116"
"63";"naulleau";"4.37268932368601";"4.00520042329537";"1.2592762343422";"118"
"64";"kelly";"4.37268932368601";"4.00520042329537";"1.2592762343422";"119"
"65";"urgentiste";"4.48699186742706";"3.57115890834788";"1.2592762343422";"120"
"66";"laporte";"4.37268932368601";"4.00520042329537";"1.2592762343422";"121"
"67";"revel";"4.37268932368601";"4.00520042329537";"1.2592762343422";"122"
"68";"agathe";"4.37268932368601";"4.00520042329537";"1.2592762343422";"123"
"69";"jimmy";"4.29364555080577";"4.0276022337886";"1.2592762343422";"124"
"70";"auproux";"4.37268932368601";"4.00520042329537";"1.2592762343422";"125"
"71";"mi";"4.3175362682783";"3.98821706208081";"1.2592762343422";"126"
"72";"millénaire";"-1.10715465340196";"0.597937482999913";"1.20380524903133";"133"
"73";"christine";"4.04986696971831";"3.63731670488159";"1.20275264130383";"134"
"74";"fry";"-1.11102447375924";"0.603323926273624";"1.18822521273594";"137"
"75";"antoine";"1.63604257774783";"-4.15085950915364";"1.18013599444652";"138"
"76";"en";"-0.0501997161735595";"-0.48464003678331";"1.17334451171155";"139"
"77";"zorbb";"-0.355898907777189";"-0.233447238260972";"1.17250819324312";"140"
"78";"patron";"3.60592879463461";"3.40102253895753";"1.15660372305911";"141"
"79";"consacrer";"0.532453208561038";"-0.17839532523725";"1.11236535993623";"148"
"80";"ou";"-0.296857809387049";"0.00179290175093229";"1.11125507507297";"149"
"81";"comprendre";"-0.0870238634964568";"-0.155174782109282";"1.10534316865824";"151"
"82";"vous";"0.357236790266162";"-0.24595675205496";"1.09859494377509";"153"
"83";"pizza";"-1.1172190280824";"0.611455671149134";"1.09237302275569";"156"
"84";"livreur";"-1.1172190280824";"0.611455671149134";"1.09237302275569";"157"
"85";"cryogénisé";"-1.1172190280824";"0.611455671149134";"1.09237302275569";"158"
"86";"new_yorkais";"-1.1172190280824";"0.611455671149134";"1.09237302275569";"159"
"87";"2999";"-1.1172190280824";"0.611455671149134";"1.09237302275569";"160"
"88";"figure";"-1.46335734170661";"1.07101217613406";"1.09176020318831";"161"
"89";"jump";"-1.61305945763986";"1.26709916794436";"1.09045525799189";"162"
"90";"corps";"-0.0580467616913105";"0.0824488333721245";"1.08454335157716";"164"
"91";"claude";"0.389423854982352";"-0.731343423480827";"1.08167391407343";"165"
"92";"réveiller";"-1.0968679846052";"0.589349135191907";"1.07817002807641";"166"
"93";"départ";"-0.986261349001494";"0.381386898758124";"1.06445007940906";"170"
"94";"mazaurette";"1.54983828884687";"-3.83525986724285";"1.06202043006544";"173"
"95";"tamaran";"-1.60589149508825";"1.25589598528066";"1.03822861156715";"176"
"96";"aile";"-1.60589149508825";"1.25589598528066";"1.03822861156715";"177"
"97";"starfire";"-1.60589149508825";"1.25589598528066";"1.03822861156715";"178"
"98";"raven";"-1.60589149508825";"1.25589598528066";"1.03822861156715";"179"
"99";"gotham";"-1.60589149508825";"1.25589598528066";"1.03822861156715";"180"
"100";"animation";"-1.60589149508825";"1.25589598528066";"1.03822861156715";"181"
"101";"prince";"-1.60589149508825";"1.25589598528066";"1.03822861156715";"182"
"102";"conquérant";"-1.60589149508825";"1.25589598528066";"1.03822861156715";"183"
"103";"durant";"-0.897209197887239";"0.556024559601409";"1.02588570451591";"184"
"104";"dieu";"-0.896954722957188";"0.350194762680812";"1.02564057668896";"185"
"105";"voler";"-1.42883561956176";"1.01624341154514";"1.0251863692449";"186"
"106";"fantôme";"-0.200752943861757";"-0.306828832071614";"1.01814975868298";"188"
"107";"spécialiste";"1.10176159359501";"-2.23915535637079";"1.01786137300422";"189"
"108";"courir";"-1.15878110641453";"0.668649171061286";"1.01438632557507";"190"
"109";"rythmé";"-1.51928447755845";"1.19522808816182";"1.01382397350148";"191"
"110";"ados";"-1.59459845537112";"1.23679953779043";"1.01382397350148";"192"
"111";"entraîner";"-1.55321367960308";"1.19169507033006";"1.01382397350148";"193"
"112";"ambre";"1.73367299451968";"-3.86683990826404";"0.997328312675992";"201"
"113";"bellver";"1.73367299451968";"-3.86683990826404";"0.997328312675992";"202"
"114";"chalumeau";"1.73367299451968";"-3.86683990826404";"0.997328312675992";"203"
"115";"sentir";"-0.500251281462398";"0.0314671578363387";"0.994783309060872";"204"
"116";"vivre";"-0.539422416478627";"-0.0961238623578483";"0.975670548200576";"207"
"117";"danger";"-1.44893999888574";"1.08258885045914";"0.969585610378589";"210"
"118";"adopter";"-1.32306318964947";"0.8643824289705";"0.969585610378589";"211"
"119";"cirque";"-1.50313840254315";"1.17112365957071";"0.969585610378589";"212"
"120";"portrait";"-0.126274407118078";"-0.478171824347241";"0.96236154912547";"213"
"121";"disciple";"-1.60231941224373";"1.25201042955873";"0.959679562312935";"214"
"122";"intervenir";"-1.41829648327399";"1.04645053002697";"0.949427451432762";"218"
"123";"mauvais";"-0.876693686790442";"0.401355142157101";"0.939139292342742";"220"
"124";"adolescent";"-1.55601240181961";"1.20986306645099";"0.935945420950396";"221"
"125";"grandir";"-1.45494250161214";"1.06435229772914";"0.930401206276096";"223"
"126";"manquer";"-1.45957291463716";"1.07326661268925";"0.930401206276096";"224"
"127";"diffuser";"0.185792114345317";"-0.837797966935958";"0.927063142044366";"225"
"128";"parler";"0.340270256043929";"-0.271748935898381";"0.91973093616171";"226"
"129";"reportage";"0.196438813945753";"-0.989750425362639";"0.919579533680357";"227"
"130";"objet";"-0.377144231237342";"-0.195709094106264";"0.915123974943404";"229"
"131";"tenter";"-0.808981666454342";"0.620451823653454";"0.910423288379499";"231"
"132";"lorsque";"-1.35595590686453";"0.943881041927172";"0.907041966295954";"234"
"133";"américain";"0.0446857406410252";"-1.04387150282183";"0.903898562397391";"236"
"134";"rick";"-1.70592464868248";"1.42880590927164";"0.901641944461038";"237"
"135";"heure";"1.2841348163717";"-1.12735086334902";"0.901367978066209";"238"
"136";"03";"1.67740715521438";"-2.65865423710959";"0.897085450736516";"240"
"137";"théoricien";"-0.969347757819008";"0.40078879867025";"0.892795713764854";"241"
"138";"personne";"-0.464846165832591";"-0.0297258031031183";"0.889262989199956";"242"
"139";"pour";"-0.120316379054245";"-0.104048980273038";"0.882911294625109";"244"
"140";"terrien";"-1.29570592541098";"0.903333334690493";"0.879111813307351";"246"
"141";"naître";"-1.38641867357432";"0.978656313205724";"0.879111813307351";"247"
"142";"parent";"-1.02534791231127";"0.508377685006701";"0.875975619050758";"250"
"143";"expert";"-0.340800502153525";"-0.188641694592321";"0.874310191755877";"251"
"144";"partir";"0.268703949751851";"-1.06248731944159";"0.872125670239216";"252"
"145";"vie";"0.162694639854983";"-0.121407198041767";"0.868117109304352";"253"
"146";"posséder";"-1.28753444273246";"0.945127639702953";"0.863675969851337";"255"
"147";"la";"0.12809578103811";"-0.258848608430389";"0.860734435927912";"256"
"148";"jeu";"-0.671088751105886";"0.202408331297217";"0.859890907817518";"257"
"149";"vaisseau";"-0.623931041073007";"0.156306205904419";"0.85644469895625";"260"
"150";"sur";"0.0709412938591108";"-0.341002976017675";"0.855622799771763";"261"
"151";"accidentellement";"-1.08119364780947";"0.57702197585088";"0.851917043799605";"262"
"152";"peupler";"-1.07317865520864";"0.570731092324012";"0.851917043799605";"263"
"153";"prendre";"-0.8664210922447";"0.35390267385111";"0.851808899170067";"264"
"154";"monde";"-0.816959426871021";"0.533186026858041";"0.850439067195923";"265"
"155";"lointain";"-1.2610827681032";"0.899021801663927";"0.84896830023421";"269"
"156";"propre";"-1.104017266371";"0.89136009589404";"0.848788059184981";"270"
"157";"public";"0.214370703262822";"-0.816857792564891";"0.846819826927395";"272"
"158";"jerry";"-1.55765340904658";"1.25071971278047";"0.841304450820972";"274"
"159";"chien";"-1.27794645598776";"0.672855898424563";"0.841304450820972";"275"
"160";"expliquer";"0.603194123073229";"-0.00238887532263874";"0.839235283575818";"276"
"161";"toulouse";"-0.730774793943181";"0.310519927156463";"0.83780777446592";"277"
"162";"côté";"-0.854100579932465";"0.879738543013677";"0.837800564823951";"278"
"163";"phénomène";"-0.195144565270251";"0.101081489226487";"0.837317518812016";"279"
"164";"plein";"-1.12939129644534";"0.658831088769554";"0.834923917678248";"280"
"165";"grâce";"-1.03864062307993";"0.920261487853502";"0.834923917678248";"281"
"166";"désert";"-0.859456504969352";"0.423463238055013";"0.833856890666809";"282"
"167";"bande";"0.370423496471284";"-0.439455114642897";"0.831585853446518";"283"
"168";"he";"-0.162173992007116";"-0.42229182501338";"0.830050199707083";"284"
"169";"recherche";"0.116259453733855";"-0.82783917126139";"0.829502266917425";"285"
"170";"convaincre";"-0.745611088021493";"0.177232035878602";"0.826351653376893";"287"
"171";"politique";"0.834484573266293";"-1.50982059197071";"0.824253647563862";"288"
"172";"mythe";"-0.801374734331145";"0.262196823538398";"0.819495283864203";"290"
"173";"giorgio";"-0.904502227871203";"0.393440135477904";"0.816460024595179";"292"
"174";"terre";"-0.724830026339364";"0.319279291147202";"0.815710221830384";"294"
"175";"semaine";"0.0261363131407527";"-0.228406889707891";"0.815522771139185";"295"
"176";"environnement";"-0.922586083375854";"0.477978976096637";"0.811557468056136";"296"
"177";"quitter";"-0.951302226895059";"0.677780137188285";"0.808651982342557";"299"
"178";"série";"-1.00720835505239";"0.419610757013686";"0.808651982342557";"300"
"179";"comédien";"1.10453168583248";"-2.28523004176484";"0.806099769085467";"301"
"180";"meilleur";"0.307064028543664";"-0.413941872128501";"0.805119257777659";"302"
"181";"devenir";"-0.443191226289248";"-0.0840025116186788";"0.802545415594662";"304"
"182";"après";"-0.857127329688675";"0.500824363399018";"0.800029250547418";"306"
"183";"nous";"0.108748804995744";"0.349578343118499";"0.791673275505138";"307"
"184";"on";"-0.162416737591927";"0.092095733771765";"0.791673275505138";"308"
"185";"examiner";"-1.09954657819182";"0.589988599996035";"0.78937339971697";"309"
"186";"emmanuel";"0.922977410927732";"-2.28585593780203";"0.784881792770171";"311"
"187";"vincent";"0.766121759556137";"-1.31024280526835";"0.784737599930788";"312"
"188";"commenter";"0.450610682852769";"-1.6372113151146";"0.780772296847739";"313"
"189";"qu";"-0.46949640096812";"0.0726435785413894";"0.777527957961608";"314"
"190";"magazine";"0.587168771291974";"-0.381197886142395";"0.775905788518542";"315"
"191";"preuve";"-0.684110239683826";"0.4215373880497";"0.774326876927292";"318"
"192";"présenter";"0.216469572860598";"-0.569962197697303";"0.773944765902925";"319"
"193";"porter";"0.0185028775493862";"-0.405258938707104";"0.770318315992428";"320"
"194";"raconter";"-0.171951504350174";"-0.0950581534347974";"0.769409901104311";"322"
"195";"que";"-0.467515372903618";"0.105518161665733";"0.768869177956623";"323"
"196";"autre";"-0.478600511749666";"-0.0630068183349067";"0.766338593625441";"324"
"197";"09";"1.42382832451572";"-2.29054016115528";"0.761536972073967";"326"
"198";"école";"-0.301102541014105";"0.229234193836583";"0.760888104296741";"327"
"199";"tsoukalos";"-0.90526509621002";"0.398225896460473";"0.758263794619959";"328"
"200";"39";"1.79882337008837";"-2.55068568536845";"0.758105182496637";"329"
"201";"moyen";"1.18460613931652";"-1.49269237550926";"0.758105182496637";"330"
"202";"chercheur";"0.679121754985533";"-1.9405522693471";"0.758105182496637";"331"
"203";"comme";"-0.612228122997537";"0.678936463205493";"0.757766329324086";"333"
"204";"plateau";"0.419325718373258";"-0.334004322510782";"0.756533480547356";"335"
"205";"cette";"0.0712028667466198";"-0.125144686505399";"0.754327330104787";"337"
"206";"créature";"-0.996305961868452";"0.508172772480953";"0.754183137265403";"338"
"207";"représentant";"-1.08517052635464";"0.589386451714249";"0.748819163640334";"340"
"208";"enfant";"-0.436784583516335";"0.117415249298688";"0.748732647936703";"341"
"209";"décrire";"0.0979007528314657";"-0.859738607616816";"0.748509149035659";"342"
"210";"université";"-0.626969717882614";"0.0500461058351435";"0.745942516494631";"343"
"211";"système";"-0.608039066129801";"-0.0803433110363498";"0.743282158608004";"345"
"212";"professeur";"-0.346204973880901";"-0.303232712735411";"0.742597242620932";"346"
"213";"théorie";"-0.88930176022627";"0.349231972219053";"0.74041272110427";"347"
"214";"nouveau";"-0.391790884407239";"-0.308317352278474";"0.73979269189492";"348"
"215";"famille";"-0.411870296368527";"-0.214264075108877";"0.739338484450862";"349"
"216";"visiteur";"-0.6230840897802";"0.154653976786169";"0.737233268995862";"350"
"217";"voix";"1.00493440033425";"-1.32366871382783";"0.734529653257419";"355"
"218";"son";"0.172811010302017";"0.108834880921396";"0.73408265545533";"356"
"219";"avec";"-0.135316729960386";"-0.24350537163532";"0.731220427593566";"358"
"220";"vidéo";"0.623101164583058";"-2.1245825629861";"0.729735241347915";"360"
"221";"pierre";"0.15980819715456";"-0.911716957530844";"0.729526161730808";"361"
"222";"sophie";"0.315095955365861";"-0.696142070366735";"0.727521881263376";"362"
"223";"ces";"-0.420710387797947";"0.0526920673741801";"0.723412385340944";"366"
"224";"jacques";"-0.208658540445697";"-0.396018186784408";"0.723260982859591";"367"
"225";"million";"-0.355310138047572";"-0.465600132012535";"0.721501830219111";"368"
"226";"chose";"-0.186150266086453";"0.518922845185956";"0.719886870418015";"370"
"227";"jeune";"-0.703416577811829";"0.330502381305832";"0.716044131248442";"372"
"228";"association";"-0.140312693499082";"-0.398339824556791";"0.715820632347398";"373"
"229";"archive";"0.0277907006348549";"-0.881015056354205";"0.715568294878476";"374"
"230";"xavier";"0.612176731538826";"-1.78314059957005";"0.715121297076387";"375"
"231";"nucléaire";"0.184068411088475";"-1.08852747688695";"0.713801932596027";"376"
"232";"plus";"-0.320442320512257";"-0.0988655066129621";"0.713664949398613";"378"
"233";"40";"0.165861788400778";"-0.919137071310854";"0.709007520686523";"381"
"234";"lors";"0.171632867764047";"-0.466046770896073";"0.708892166415016";"382"
"235";"retrouver";"-0.412436949098444";"0.467306457684285";"0.708668667513971";"383"
"236";"évoquer";"0.688143284461856";"6.26350536842063e-05";"0.707738623699947";"384"
"237";"33";"1.29694710036998";"-2.71885134085541";"0.707500705514964";"385"
"238";"rouge";"0.570651553136357";"-0.473205383520316";"0.705287345430426";"387"
"239";"davant";"-0.172266154601028";"-0.372676462480722";"0.704840347628337";"388"
"240";"structure";"-0.868585662031067";"0.281910514576778";"0.704047287011727";"389"
"241";"astronaute";"-0.656793044122555";"0.318850923274501";"0.70401844844385";"390"
"242";"aujourd_hui";"-0.92236953682869";"0.599174247531427";"0.703794949542806";"391"
"243";"antique";"-1.06845692445502";"0.543849527399059";"0.703088404629826";"392"
"244";"cela";"-0.473542208208767";"-0.199017778350973";"0.701985329408542";"393"
"245";"présidentiel";"1.0611039872792";"-2.21121819184458";"0.701185059149963";"395"
"246";"espace";"-0.0830060349763718";"-0.690289394809826";"0.700226176768062";"396"
"247";"technologie";"-0.873203185440992";"0.392372228550709";"0.699339390805853";"397"
"248";"secret";"-0.775884930812808";"0.210934342429917";"0.699339390805853";"398"
"249";"réseau";"-0.676516259530682";"-0.133419523577263";"0.696909741462239";"399"
"250";"aussi";"-0.739749946840248";"0.525182149056438";"0.696030165141999";"400"
"251";"françois";"0.475841890181663";"-1.26825055447458";"0.695359668438865";"401"
"252";"plusieurs";"-0.411647915406201";"-0.141053151837167";"0.688669120691466";"403"
"253";"quand";"-0.575084941415375";"-0.0695541762182466";"0.688654701407528";"404"
"254";"avenir";"-0.972011633653689";"0.406340426759465";"0.688467250716329";"405"
"255";"bien";"-1.08498283863179";"0.647170846003866";"0.68837352537073";"406"
"256";"contre";"0.150290456240807";"0.112519806042729";"0.688085139691963";"407"
"257";"afin";"-0.0014016103605719";"-1.00102365790644";"0.686160165286192";"408"
"258";"véritable";"-0.986280704818433";"0.578399759797989";"0.685525716792904";"409"
"259";"étude";"-0.454059405729539";"-0.213513960121653";"0.685439201089274";"410"
"260";"j";"0.520982898315387";"-0.377397389223762";"0.685143605768538";"411"
"261";"mystère";"0.0830137316630579";"0.47752310990001";"0.68450915727525";"412"
"262";"cours";"-0.276094572035696";"-0.382917914651373";"0.68275000463477";"413"
"263";"travailler";"0.725702662820854";"-1.76998450815959";"0.68239673217828";"414"
"264";"comment";"0.170894525920996";"-0.338507295267283";"0.680745724167338";"415"
"265";"émission";"0.658266644650592";"-1.20817575731582";"0.680601531327954";"416"
"266";"montrer";"0.197391256070849";"-0.54971428065575";"0.680457338488571";"417"
"267";"internet";"-0.0872375408373514";"-0.819946020702879";"0.680442919204632";"418"
"268";"ligne";"-0.212614652918063";"-0.380788595686371";"0.679635439304084";"419"
"269";"pouvoir";"-0.725999676995677";"0.456889488997104";"0.679015410094735";"421"
"270";"légende";"-0.565022368367762";"0.143599027562233";"0.678842378687474";"422"
"271";"groupe";"-0.537419498692527";"-0.275920000132671";"0.677869077021635";"423"
"272";"au";"0.279135435453394";"-0.206313158015373";"0.675561991591498";"424"
"273";"débarquer";"-0.92034250307841";"0.365498640370317";"0.673528872556189";"425"
"274";"face";"-0.749162180009467";"0.338627086107905";"0.672966520482593";"426"
"275";"expérience";"-0.420554254369635";"-0.20955195569673";"0.671077594286668";"428"
"276";"état";"-0.672414004573892";"0.00779216163101773";"0.670846885743654";"429"
"277";"témoignage";"0.312517810646924";"-0.201840822361413";"0.670774789323962";"430"
"278";"pari";"0.746107605098126";"-0.546746597158002";"0.669967309423414";"431"
"279";"observation";"-1.14119161815651";"0.632025462154155";"0.669866374435846";"432"
"280";"victime";"-0.389358059724472";"-0.100834748589326";"0.669765439448277";"433"
"281";"selon";"-0.507748946116712";"-0.0228914523142202";"0.669621246608893";"434"
"282";"chanson";"0.879909009006797";"-0.43957949843303";"0.667674643277215";"435"
"283";"persuader";"-0.805574124697133";"0.307180440602174";"0.666960888722266";"436"
"284";"autres";"-0.896727612576884";"0.779156279505159";"0.666773438031067";"437"
"285";"tous";"-0.188676785532487";"0.119855742483458";"0.666759018747129";"438"
"286";"et";"-0.189439710473115";"0.157888192106347";"0.666095731685964";"439"
"287";"science";"-0.200364386626583";"0.391143231805849";"0.664235644057916";"441"
"288";"culture";"-0.224288229131436";"-0.114613420919336";"0.663269552034046";"443"
"289";"avoir";"-0.346949652144081";"0.0508378232331474";"0.663046053133001";"444"
"290";"s";"-0.159660219826326";"-0.112239977870525";"0.662296250368207";"445"
"291";"guerre";"0.337496874870232";"-0.615465533214569";"0.662260202158361";"446"
"292";"quelques";"0.0152358106707842";"-0.19438831253312";"0.660054051715792";"448"
"293";"connaître";"-0.0688746667810457";"-0.129829397011853";"0.657328807051442";"451"
"294";"candidat";"0.936362332772125";"-2.12712557126212";"0.657011582804798";"452"
"295";"dans";"-0.342158897880931";"-0.192456731832721";"0.656665519990277";"453"
"296";"par";"-0.164894957033997";"-0.140824597785008";"0.656535746434832";"454"
"297";"étrange";"-0.62887355343204";"0.237234694849811";"0.655987813645174";"456"
"298";"cacher";"-0.567171988582456";"-0.138183608326483";"0.655980604003205";"457"
"299";"théâtre";"0.40972842182198";"-0.918759985099082";"0.655605702620808";"458"
"300";"les";"-0.267215040132414";"0.0325846285749601";"0.654581933461184";"459"
"301";"bord";"-0.303078439060058";"-0.123411118701778";"0.654286338140448";"460"
"302";"rendre";"-0.120965776062233";"0.28866903128162";"0.652757894042982";"462"
"303";"être";"-0.269102660428336";"0.0589107009297511";"0.651150143883855";"464"
"304";"différents";"0.0876106439183353";"0.0808407526132829";"0.651034789612348";"465"
"305";"mais";"-0.810528825319159";"0.462453222171052";"0.648374431725721";"466"
"306";"recevoir";"0.372554703949567";"0.4584678759986";"0.648302335306029";"467"
"307";"souvent";"-0.205302551616911";"-0.292808417542588";"0.6479346435656";"468"
"308";"explorer";"-0.311645901697245";"-0.521517435673913";"0.647747192874402";"469"
"309";"siècle";"-0.771086149621128";"0.145735156012859";"0.647538113257296";"470"
"310";"commencer";"0.163754139829906";"0.38747499175888";"0.646918084047946";"471"
"311";"maison";"0.414326155264866";"0.407236776819854";"0.646737842998717";"472"
"312";"ami";"-0.580407027414264";"0.208258253418723";"0.646672956220994";"473"
"313";"premier";"0.72370922440737";"-0.374515451631394";"0.645454526728203";"474"
"314";"mort";"-0.0962175244933788";"-0.763198460234629";"0.64433703222298";"475"
"315";"spatial";"-0.14627875171692";"0.216438198317767";"0.644034227260274";"476"
"316";"découvrir";"-0.510816007990211";"0.431735233451873";"0.643024877384589";"477"
"317";"enquête";"0.0138169264767031";"-0.342796277191628";"0.642866265261267";"478"
"318";"aller";"-0.0884968688156144";"-0.705315414104025";"0.642527412088716";"479"
"319";"donner";"-0.425230907868745";"0.183407484355255";"0.641734351472106";"481"
"320";"voir";"-0.350085376790729";"-0.0932546914996943";"0.641287353670017";"482"
"321";"fois";"0.641293038126452";"-0.354771434118446";"0.640883613719743";"483"
"322";"humain";"-0.540728513798883";"-0.0145322398971318";"0.64073221123839";"485"
"323";"décider";"-0.613176192986607";"0.000109251638760001";"0.640523131621284";"486"
"324";"encore";"-0.110703206048506";"0.155999346879238";"0.639189347856985";"487"
"325";"inviter";"0.530932203171278";"-1.49319850814453";"0.639124461079263";"488"
"326";"beaucoup";"0.117647524435352";"-0.113693857634886";"0.638634205425359";"489"
"327";"très";"0.0592185185869405";"-0.447987095689016";"0.637271583093184";"491"
"328";"annonce";"0.773269215072784";"-1.95774849903092";"0.636745279229433";"492"
"329";"yves";"0.173868165303759";"-0.905049283102264";"0.636673182809742";"494"
"330";"ce";"0.0900947581803109";"-0.12393092915878";"0.635324979761505";"495"
"331";"entier";"-0.618434861441138";"0.188015034898288";"0.635137529070306";"496"
"332";"volant";"-0.720500447070298";"0.0322823787745644";"0.634589596280649";"497"
"333";"croire";"-0.514782751122521";"0.402983360466455";"0.634185856330375";"498"
"334";"marier";"0.0834531817383987";"-0.932296216927261";"0.633911889935546";"499"
"335";"femme";"0.199546507824108";"-1.18736232191996";"0.633760487454193";"500"
"336";"alain";"0.124472033449608";"-0.875401119220482";"0.633515359627241";"501"
"337";"information";"-0.221076429373006";"-0.489099715248883";"0.633400005355734";"502"
"338";"penser";"-0.665660632570306";"0.0782677853752744";"0.632181575862943";"504"
"339";"toujours";"-0.255132846993341";"0.169430000742829";"0.630869421024552";"505"
"340";"unir";"-0.719176875658695";"0.0394647444583471";"0.630328697876863";"508"
"341";"affirmer";"-0.711549243390674";"0.136035065675448";"0.629276090149363";"510"
"342";"chez";"-0.132331535866263";"-0.233814475745544";"0.628764205569551";"513"
"343";"élection";"1.35494495707643";"-2.70657826704796";"0.628309998125493";"515"
"344";"agir";"-0.511381121716969";"-0.177419676871249";"0.628281159557616";"518"
"345";"elles";"-0.697144443616221";"0.102692089250657";"0.628165805286109";"519"
"346";"livre";"0.2933898090856";"-1.21363013449754";"0.627221342188147";"521"
"347";"000";"-0.343270929514326";"0.34551787921995";"0.626348975509876";"522"
"348";"image";"0.0527104308451197";"-0.391803482347931";"0.626118266966862";"523"
"349";"seul";"-0.260157577842818";"0.130525451887871";"0.625779413794311";"524"
"350";"gouvernement";"-0.251613699089867";"-0.604652867536099";"0.625779413794311";"525"
"351";"rappeler";"-0.440514430304525";"-0.0150852309341107";"0.624683548214996";"526"
"352";"savoir";"-0.527811162636773";"0.0880293751780641";"0.624157244351246";"527"
"353";"homme";"-0.00482946782875675";"0.158743726741226";"0.623508376574019";"528"
"354";"identifier";"-0.878258522738297";"0.262819469806519";"0.623212781253283";"529"
"355";"forme";"-0.657395379331329";"0.129596652454853";"0.623083007697838";"530"
"356";"mettre";"-0.289185332052398";"0.514750313333033";"0.622549494192118";"531"
"357";"puis";"-0.216868301013094";"-0.343870185881973";"0.621842949279139";"532"
"358";"évolution";"-0.902672599851176";"0.430564155820103";"0.621085936872375";"533"
"359";"écrire";"0.208857500419233";"-0.0766436638220966";"0.621085936872375";"534"
"360";"entrer";"-0.584632479158433";"-0.160447170491955";"0.619427719219464";"535"
"361";"base";"-0.593099050810419";"0.236113594983163";"0.61779113049246";"537"
"362";"rien";"-0.347552207461802";"-0.311637265503943";"0.61779113049246";"538"
"363";"27";"0.8765255354169";"-1.45409025383693";"0.617091795221449";"539"
"364";"leurs";"-0.495033377915512";"-0.207739723335409";"0.616594329925576";"540"
"365";"olivier";"0.385512674232568";"-0.674787015344965";"0.616543862431792";"541"
"366";"peu";"0.0400770656505968";"-0.89333440878259";"0.615959881432288";"542"
"367";"astrophysicien";"-0.638168595174461";"0.127020994506195";"0.615657076469583";"543"
"368";"dont";"0.0254039724920655";"0.092872771722695";"0.615361481148846";"544"
"369";"avant";"-0.0095162740997718";"-0.764859170717802";"0.615246126877339";"545"
"370";"humanité";"-1.1204645695788";"0.649501118859318";"0.614417018050884";"546"
"371";"proposer";"0.0959332032920306";"-0.861854190825983";"0.613631167076243";"547"
"372";"ne";"-0.375638739943693";"0.203024715888949";"0.611504322695335";"549"
"373";"sport";"0.565464756649543";"-1.68310062683913";"0.611403387707766";"550"
"374";"clair";"-0.182708943378924";"-0.457474305814233";"0.611403387707766";"551"
"375";"christian";"0.529994012167818";"-1.4339477998799";"0.611403387707766";"552"
"376";"galley";"0.678891813393067";"-0.287010690074177";"0.611078953819153";"553"
"377";"rapport";"-0.112759279130027";"-0.814954010937065";"0.609622606141379";"555"
"378";"mère";"-0.0758072357518582";"0.498004697521777";"0.608901641944461";"556"
"379";"présentation";"0.812936878583452";"-1.33741666276676";"0.60794275956256";"558"
"380";"site";"-0.198833569120061";"-0.507170937830503";"0.607344359279118";"560"
"381";"soucoupe";"-0.610159704140648";"-0.0390925272791492";"0.606724330069769";"561"
"382";"incroyable";"-0.842538311026636";"0.306045605798768";"0.606443154032971";"562"
"383";"lui";"-0.365056663038647";"0.0654851831613838";"0.606104300860419";"563"
"384";"réaliser";"-0.150246836631478";"0.0394496264890685";"0.60319881514684";"564"
"385";"4";"-0.36135645099854";"-0.507889771801853";"0.60301857409761";"565"
"386";"alors";"-0.0301967303586708";"0.0322206150896733";"0.602996945171703";"566"
"387";"message";"0.0086359818879628";"0.39293571464905";"0.602751817344751";"567"
"388";"garçon";"0.190178991701446";"0.0725661551028809";"0.602095739925555";"568"
"389";"marine";"-0.154317506359178";"-0.689435751985047";"0.601187325037439";"569"
"390";"point";"0.835772792336685";"-1.11462263571915";"0.600545666902182";"571"
"391";"nuit";"-0.245796347603622";"-0.671369234917125";"0.599608413446188";"573"
"392";"sujet";"0.912619901399615";"-0.600648773312257";"0.598159275410383";"574"
"393";"histoire";"-0.200976833262143";"-0.348105855446444";"0.597849260805708";"575"
"394";"substance";"-1.13280879728483";"0.620327716434411";"0.595405192178156";"577"
"395";"capable";"-0.780256525402511";"0.102253073273081";"0.595405192178156";"578"
"396";"trouver";"-0.51373645713506";"0.185852468673435";"0.595102387215451";"579"
"397";"damien";"0.408394164564307";"-0.239226656308476";"0.593422540636632";"580"
"398";"servir";"-0.893235731642246";"0.384784331989441";"0.591439889095108";"581"
"399";"moins";"-0.329300328597742";"-0.400912319741947";"0.591439889095108";"582"
"400";"scientifique";"-0.438956600505297";"0.432396617487561";"0.590870327379542";"584"
"401";"aimer";"-0.283916387637632";"-0.616242041644358";"0.590077266762933";"585"
"402";"faire";"-0.117148281113351";"0.083970131737379";"0.587604359567504";"588"
"403";"pyramide";"-1.04961408952071";"0.508766833026428";"0.587078055703754";"589"
"404";"trois";"-0.25902164867028";"-0.270998861064016";"0.586191269741545";"590"
"405";"25";"1.40251151052623";"-1.73741926752708";"0.585982190124438";"591"
"406";"différent";"0.698031665995261";"-0.0195618426626203";"0.58456189065651";"592"
"407";"question";"0.414501066365074";"-0.954382812618409";"0.582153870238804";"596"
"408";"commentaire";"1.01752465611909";"-2.39642254393261";"0.581360809622194";"597"
"409";"ciel";"-0.683531805002532";"0.178595874742368";"0.581050795017519";"598"
"410";"géant";"-0.916002239493912";"0.380726208213587";"0.579298852019009";"601"
"411";"part";"0.0895656617507604";"0.0133146017088093";"0.579298852019009";"602"
"412";"devoir";"0.0552206146312076";"0.559049251578654";"0.579017675982211";"603"
"413";"star";"-0.214865846502831";"-0.633344760892596";"0.578981627772365";"604"
"414";"apporter";"-0.644616558067904";"0.0799260605939541";"0.578188567155755";"606"
"415";"venir";"-0.305009458826098";"-0.18935158290896";"0.577986697180618";"607"
"416";"deux";"0.218947623747368";"-0.00655319562664978";"0.576696171268135";"608"
"417";"revenir";"0.0667335656049359";"-0.588085462342129";"0.574504440109504";"610"
"418";"chine";"-0.560378783534561";"-0.11262653470361";"0.574403505121936";"611"
"419";"poser";"-0.584125831508748";"0.126717308242261";"0.574403505121936";"612"
"420";"sans";"-0.111062669959613";"-0.39611398263358";"0.571844082222877";"613"
"421";"notamment";"0.528980369025569";"-1.74627537870935";"0.571764776161216";"614"
"422";"fou";"-0.497065035928943";"-0.0894208339159852";"0.571260101223373";"616"
"423";"aux";"0.033448846204347";"-0.699233802495648";"0.571166375877774";"617"
"424";"animal";"0.241344467142085";"-0.517056147366492";"0.570193074211935";"618"
"425";"frère";"0.259653221469545";"-1.25865349194917";"0.569342336459571";"619"
"426";"père";"0.272617935048559";"0.297207125939089";"0.568808822953852";"620"
"427";"origine";"-0.736378660796626";"0.226033798037323";"0.568556485484931";"621"
"428";"propos";"0.675489664153136";"-1.64013278528608";"0.568332986583886";"622"
"429";"toute";"0.152266170884126";"-0.43812840959647";"0.565420291228338";"623"
"430";"rencontre";"0.0204560015198136";"-0.285782009509841";"0.564504666698252";"624"
"431";"depuis";"0.0396585988307358";"-0.129657993613254";"0.564461408846437";"625"
"432";"recette";"0.66585783614";"-0.743022327849722";"0.563963943550563";"626"
"433";"partie";"0.436739914894914";"-0.278251349683948";"0.563812541069211";"627"
"434";"vouloir";"-0.43067105390323";"-0.1654288055863";"0.563790912143303";"628"
"435";"29";"1.16731717198127";"-1.80295527186858";"0.563689977155734";"629"
"436";"non";"-0.698590416808677";"0.104732516968402";"0.562925755107001";"630"
"437";"mystérieux";"-0.564667652008858";"0.219192958340901";"0.562305725897652";"631"
"438";"âge";"-0.476609383813379";"0.666501077399039";"0.561837099169655";"632"
"439";"nos";"-0.365948002778695";"0.400581681421724";"0.561390101367566";"633"
"440";"tomber";"-0.445288487522101";"-0.393491841811669";"0.560734023948371";"634"
"441";"construire";"-0.801466162746272";"0.380248172541044";"0.557619458617685";"635"
"442";"toutes";"-0.13170548517541";"-0.481704587946263";"0.555874725261144";"637"
"443";"certains";"-0.504372805767058";"-0.17079193035731";"0.555247486409825";"638"
"444";"permettre";"-0.17461644658277";"0.291848681880716";"0.554620247558506";"639"
"445";"chef";"-0.146694225856254";"-0.586777048619949";"0.553329721646023";"640"
"446";"époque";"-0.397570576726041";"-0.285478579672873";"0.553055755251194";"641"
"447";"jamais";"-0.526559462777745";"0.00878066862403473";"0.551902212536125";"642"
"448";"sembler";"-0.254251128189198";"0.195850295261975";"0.551902212536125";"643"
"449";"sud";"0.376572675541489";"-1.32957827389506";"0.551022636215886";"644"
"450";"extra_terrestre";"0.417599072335584";"0.770930996722287";"0.550049334550046";"646"
"451";"rencontrer";"-0.626877065968435";"-0.0115382107047518";"0.549523030686296";"648"
"452";"ville";"-0.472720635017603";"-0.178129011378249";"0.549523030686296";"649"
"453";"blanc";"0.313100741884313";"-1.13374528134047";"0.54913371001996";"650"
"454";"rester";"-0.777445676381534";"0.192981643163045";"0.549076032884207";"651"
"455";"si";"-0.526712999786294";"0.319095975358727";"0.548059473366553";"652"
"456";"celui";"-0.661245289126151";"0.0380012242897315";"0.546826624589823";"654"
"457";"jour";"0.0439853249888977";"-0.52681889332079";"0.546466142491364";"655"
"458";"chercher";"-0.816527242674246";"0.369325532988633";"0.546401255713641";"656"
"459";"façon";"0.469563868693997";"-0.424272066113166";"0.545125149085096";"657"
"460";"également";"0.633129112463409";"-0.536153980870531";"0.545125149085096";"658"
"461";"revue";"0.435517004966465";"-1.47334773121199";"0.545125149085096";"659"
"462";"continuer";"-0.346518099255515";"-0.42717688863456";"0.544620474147254";"660"
"463";"enlever";"-0.9166033702219";"0.422876244171601";"0.54430324990061";"661"
"464";"aider";"-0.922454098234385";"0.398636636671469";"0.54430324990061";"662"
"465";"effet";"-0.231687224078562";"-0.87046651982174";"0.543870671382459";"663"
"466";"mener";"-0.669781843874257";"0.0990081496218439";"0.543870671382459";"664"
"467";"31";"1.36937003660006";"-2.06102678428226";"0.54333715787674";"665"
"468";"visite";"-0.400219145639464";"-0.177709993038492";"0.543308319308863";"666"
"469";"même";"-0.655823145381837";"0.363042660634802";"0.543265061457048";"667"
"470";"cet";"-0.010590855398993";"0.442088243447782";"0.543005514346158";"668"
"471";"grand";"0.0532159541093829";"-0.279751640536839";"0.542673870815575";"669"
"472";"découverte";"0.603706582578886";"0.621947284305284";"0.541794294495335";"670"
"473";"millier";"-0.58871875769685";"0.097310052161217";"0.541253571347647";"671"
"474";"etats";"-0.279588652445274";"-0.586731171653782";"0.541253571347647";"672"
"475";"répondre";"1.09269527286592";"-0.482026260208336";"0.541174265285986";"673"
"476";"temps";"-0.3041803968498";"0.035256800248472";"0.54096518566888";"674"
"477";"tourner";"-0.422161087366379";"-0.235839906786923";"0.540676799990113";"675"
"478";"mal";"-0.318876781809599";"-0.206790116888506";"0.540554236076636";"676"
"479";"vendre";"-0.456482894448648";"-0.469092154982599";"0.538643680954804";"677"
"480";"transformer";"-0.537744478510887";"-0.130748357052083";"0.538290408498314";"678"
"481";"conseil";"0.201635082633022";"-0.169103826048429";"0.538052490313331";"679"
"482";"pourquoi";"-0.205038062031954";"0.146990568633313";"0.537828991412286";"680"
"483";"certaines";"-0.50166520297974";"0.0558225581871057";"0.537828991412286";"681"
"484";"équipe";"0.541617708349338";"-1.02565307973825";"0.537742475708656";"682"
"485";"utiliser";"-0.0269721649483039";"-0.107356316011226";"0.537079188647492";"683"
"486";"nouvelle";"0.324438850503867";"0.522625403020958";"0.536999882585831";"684"
"487";"là";"-0.819722550886877";"0.233999595259628";"0.536444740154204";"685"
"488";"nombre";"-0.681234091164911";"0.0231672737538426";"0.535291197439135";"686"
"489";"loin";"-0.286640797712189";"-0.536287503161094";"0.535291197439135";"687"
"490";"main";"-0.0893939745799702";"-0.583495990301735";"0.534880247846892";"688"
"491";"travail";"0.0676544519810958";"-0.596102015930315";"0.534880247846892";"689"
"492";"trop";"0.000388653932407847";"0.245848827033842";"0.534844199637046";"690"
"493";"pendant";"-0.147851367204236";"0.331884384435856";"0.534022300452559";"691"
"494";"visage";"-0.252463777557537";"-0.389027782506758";"0.533834849761361";"692"
"495";"passer";"-0.323318884510246";"-0.449471323547651";"0.53287596737946";"693"
"496";"contact";"-0.657217535450093";"0.205803791943874";"0.532767822749922";"694"
"497";"eux";"-0.540219388097315";"0.079062354933346";"0.530842848344151";"697"
"498";"héros";"-0.600991137646488";"0.139227183357258";"0.529674886345144";"698"
"499";"explication";"1.09360609004044";"0.383572866897414";"0.529660467061206";"699"
"500";"près_de";"-0.551381727588783";"-0.0284280259244252";"0.528737632889151";"700"
"501";"récit";"-0.859086444976808";"0.284422553871641";"0.527706654087558";"701"
"502";"réalité";"-0.992751477147628";"0.439238000500831";"0.527259656285469";"702"
"503";"coeur";"0.315040395234883";"-0.302068615994768";"0.525990759298893";"705"
"504";"dire";"0.0280505344983249";"-0.180071053373516";"0.52540677829939";"707"
"505";"préparer";"0.190003910471679";"0.159343764341547";"0.525161650472438";"708"
"506";"important";"-0.583730232581937";"-0.00998449761828641";"0.52470023338641";"710"
"507";"travers";"-0.350835956129602";"0.380267444722904";"0.5228545650423";"711"
"508";"lieu";"-0.309082659680519";"0.417813315579395";"0.522804097548516";"712"
"509";"sous";"-0.507152103759376";"0.0239991223622009";"0.522746420412762";"713"
"510";"arriver";"0.095517217997079";"-0.0511789177494164";"0.520821446006991";"714"
"511";"jouer";"0.692869269029793";"0.0897643654437469";"0.520280722859303";"715"
"512";"d";"-0.208149010244223";"-0.0874934274484655";"0.518406215947316";"718"
"513";"dernier";"0.344465826285924";"-0.390339240706459";"0.51669753080062";"719"
"514";"actuel";"-0.609472261323787";"-0.133084575210705";"0.515695390566904";"720"
"515";"nom";"-0.268517154785831";"-0.227520358554074";"0.514866281740449";"721"
"516";"laisser";"-0.168862570545582";"0.0307628387824767";"0.513561336544027";"722"
"517";"envoyer";"-0.2019508636173";"0.164671854394846";"0.509401373127811";"723"
"518";"moment";"0.762421212192131";"-0.322688274215312";"0.509112987449043";"724"
"519";"créer";"-0.787914902593606";"0.199863551232511";"0.505226990427655";"726"
"520";"suivre";"0.975357889285573";"-0.961529162948187";"0.5";"727"
